season,series,datetime,demand_mw
summer,Forecasted,2024-07-15T00:00:00.000+02:00,27774
summer,Forecasted,2024-07-15T00:05:00.000+02:00,27463
summer,Forecasted,2024-07-15T00:10:00.000+02:00,27235
summer,Forecasted,2024-07-15T00:15:00.000+02:00,27092
summer,Forecasted,2024-07-15T00:20:00.000+02:00,26981
summer,Forecasted,2024-07-15T00:25:00.000+02:00,26853
summer,Forecasted,2024-07-15T00:30:00.000+02:00,26708
summer,Forecasted,2024-07-15T00:35:00.000+02:00,26558
summer,Forecasted,2024-07-15T00:40:00.000+02:00,26415
summer,Forecasted,2024-07-15T00:45:00.000+02:00,26279
summer,Forecasted,2024-07-15T00:50:00.000+02:00,26152
summer,Forecasted,2024-07-15T00:55:00.000+02:00,26035
summer,Forecasted,2024-07-15T01:00:00.000+02:00,25926
summer,Forecasted,2024-07-15T01:05:00.000+02:00,25819
summer,Forecasted,2024-07-15T01:10:00.000+02:00,25706
summer,Forecasted,2024-07-15T01:15:00.000+02:00,25587
summer,Forecasted,2024-07-15T01:20:00.000+02:00,25470
summer,Forecasted,2024-07-15T01:25:00.000+02:00,25360
summer,Forecasted,2024-07-15T01:30:00.000+02:00,25257
summer,Forecasted,2024-07-15T01:35:00.000+02:00,25150
summer,Forecasted,2024-07-15T01:40:00.000+02:00,25024
summer,Forecasted,2024-07-15T01:45:00.000+02:00,24879
summer,Forecasted,2024-07-15T01:50:00.000+02:00,24764
summer,Forecasted,2024-07-15T01:55:00.000+02:00,24727
summer,Forecasted,2024-07-15T02:00:00.000+02:00,24768
summer,Forecasted,2024-07-15T02:05:00.000+02:00,24812
summer,Forecasted,2024-07-15T02:10:00.000+02:00,24784
summer,Forecasted,2024-07-15T02:15:00.000+02:00,24685
summer,Forecasted,2024-07-15T02:20:00.000+02:00,24563
summer,Forecasted,2024-07-15T02:25:00.000+02:00,24466
summer,Forecasted,2024-07-15T02:30:00.000+02:00,24395
summer,Forecasted,2024-07-15T02:35:00.000+02:00,24330
summer,Forecasted,2024-07-15T02:40:00.000+02:00,24254
summer,Forecasted,2024-07-15T02:45:00.000+02:00,24166
summer,Forecasted,2024-07-15T02:50:00.000+02:00,24094
summer,Forecasted,2024-07-15T02:55:00.000+02:00,24064
summer,Forecasted,2024-07-15T03:00:00.000+02:00,24077
summer,Forecasted,2024-07-15T03:05:00.000+02:00,24096
summer,Forecasted,2024-07-15T03:10:00.000+02:00,24088
summer,Forecasted,2024-07-15T03:15:00.000+02:00,24053
summer,Forecasted,2024-07-15T03:20:00.000+02:00,24007
summer,Forecasted,2024-07-15T03:25:00.000+02:00,23967
summer,Forecasted,2024-07-15T03:30:00.000+02:00,23934
summer,Forecasted,2024-07-15T03:35:00.000+02:00,23912
summer,Forecasted,2024-07-15T03:40:00.000+02:00,23903
summer,Forecasted,2024-07-15T03:45:00.000+02:00,23907
summer,Forecasted,2024-07-15T03:50:00.000+02:00,23893
summer,Forecasted,2024-07-15T03:55:00.000+02:00,23825
summer,Forecasted,2024-07-15T04:00:00.000+02:00,23705
summer,Forecasted,2024-07-15T04:05:00.000+02:00,23589
summer,Forecasted,2024-07-15T04:10:00.000+02:00,23533
summer,Forecasted,2024-07-15T04:15:00.000+02:00,23537
summer,Forecasted,2024-07-15T04:20:00.000+02:00,23563
summer,Forecasted,2024-07-15T04:25:00.000+02:00,23570
summer,Forecasted,2024-07-15T04:30:00.000+02:00,23559
summer,Forecasted,2024-07-15T04:35:00.000+02:00,23553
summer,Forecasted,2024-07-15T04:40:00.000+02:00,23576
summer,Forecasted,2024-07-15T04:45:00.000+02:00,23628
summer,Forecasted,2024-07-15T04:50:00.000+02:00,23666
summer,Forecasted,2024-07-15T04:55:00.000+02:00,23647
summer,Forecasted,2024-07-15T05:00:00.000+02:00,23569
summer,Forecasted,2024-07-15T05:05:00.000+02:00,23506
summer,Forecasted,2024-07-15T05:10:00.000+02:00,23528
summer,Forecasted,2024-07-15T05:15:00.000+02:00,23636
summer,Forecasted,2024-07-15T05:20:00.000+02:00,23786
summer,Forecasted,2024-07-15T05:25:00.000+02:00,23937
summer,Forecasted,2024-07-15T05:30:00.000+02:00,24088
summer,Forecasted,2024-07-15T05:35:00.000+02:00,24247
summer,Forecasted,2024-07-15T05:40:00.000+02:00,24423
summer,Forecasted,2024-07-15T05:45:00.000+02:00,24617
summer,Forecasted,2024-07-15T05:50:00.000+02:00,24824
summer,Forecasted,2024-07-15T05:55:00.000+02:00,25040
summer,Forecasted,2024-07-15T06:00:00.000+02:00,25265
summer,Forecasted,2024-07-15T06:05:00.000+02:00,25495
summer,Forecasted,2024-07-15T06:10:00.000+02:00,25723
summer,Forecasted,2024-07-15T06:15:00.000+02:00,25951
summer,Forecasted,2024-07-15T06:20:00.000+02:00,26179
summer,Forecasted,2024-07-15T06:25:00.000+02:00,26407
summer,Forecasted,2024-07-15T06:30:00.000+02:00,26637
summer,Forecasted,2024-07-15T06:35:00.000+02:00,26864
summer,Forecasted,2024-07-15T06:40:00.000+02:00,27084
summer,Forecasted,2024-07-15T06:45:00.000+02:00,27299
summer,Forecasted,2024-07-15T06:50:00.000+02:00,27516
summer,Forecasted,2024-07-15T06:55:00.000+02:00,27743
summer,Forecasted,2024-07-15T07:00:00.000+02:00,27982
summer,Forecasted,2024-07-15T07:05:00.000+02:00,28215
summer,Forecasted,2024-07-15T07:10:00.000+02:00,28427
summer,Forecasted,2024-07-15T07:15:00.000+02:00,28619
summer,Forecasted,2024-07-15T07:20:00.000+02:00,28797
summer,Forecasted,2024-07-15T07:25:00.000+02:00,28970
summer,Forecasted,2024-07-15T07:30:00.000+02:00,29136
summer,Forecasted,2024-07-15T07:35:00.000+02:00,29299
summer,Forecasted,2024-07-15T07:40:00.000+02:00,29460
summer,Forecasted,2024-07-15T07:45:00.000+02:00,29621
summer,Forecasted,2024-07-15T07:50:00.000+02:00,29767
summer,Forecasted,2024-07-15T07:55:00.000+02:00,29884
summer,Forecasted,2024-07-15T08:00:00.000+02:00,29972
summer,Forecasted,2024-07-15T08:05:00.000+02:00,30057
summer,Forecasted,2024-07-15T08:10:00.000+02:00,30164
summer,Forecasted,2024-07-15T08:15:00.000+02:00,30293
summer,Forecasted,2024-07-15T08:20:00.000+02:00,30431
summer,Forecasted,2024-07-15T08:25:00.000+02:00,30564
summer,Forecasted,2024-07-15T08:30:00.000+02:00,30694
summer,Forecasted,2024-07-15T08:35:00.000+02:00,30811
summer,Forecasted,2024-07-15T08:40:00.000+02:00,30906
summer,Forecasted,2024-07-15T08:45:00.000+02:00,30980
summer,Forecasted,2024-07-15T08:50:00.000+02:00,31080
summer,Forecasted,2024-07-15T08:55:00.000+02:00,31253
summer,Forecasted,2024-07-15T09:00:00.000+02:00,31498
summer,Forecasted,2024-07-15T09:05:00.000+02:00,31741
summer,Forecasted,2024-07-15T09:10:00.000+02:00,31903
summer,Forecasted,2024-07-15T09:15:00.000+02:00,31985
summer,Forecasted,2024-07-15T09:20:00.000+02:00,32036
summer,Forecasted,2024-07-15T09:25:00.000+02:00,32105
summer,Forecasted,2024-07-15T09:30:00.000+02:00,32191
summer,Forecasted,2024-07-15T09:35:00.000+02:00,32281
summer,Forecasted,2024-07-15T09:40:00.000+02:00,32358
summer,Forecasted,2024-07-15T09:45:00.000+02:00,32423
summer,Forecasted,2024-07-15T09:50:00.000+02:00,32485
summer,Forecasted,2024-07-15T09:55:00.000+02:00,32554
summer,Forecasted,2024-07-15T10:00:00.000+02:00,32629
summer,Forecasted,2024-07-15T10:05:00.000+02:00,32695
summer,Forecasted,2024-07-15T10:10:00.000+02:00,32739
summer,Forecasted,2024-07-15T10:15:00.000+02:00,32761
summer,Forecasted,2024-07-15T10:20:00.000+02:00,32772
summer,Forecasted,2024-07-15T10:25:00.000+02:00,32784
summer,Forecasted,2024-07-15T10:30:00.000+02:00,32796
summer,Forecasted,2024-07-15T10:35:00.000+02:00,32809
summer,Forecasted,2024-07-15T10:40:00.000+02:00,32820
summer,Forecasted,2024-07-15T10:45:00.000+02:00,32831
summer,Forecasted,2024-07-15T10:50:00.000+02:00,32836
summer,Forecasted,2024-07-15T10:55:00.000+02:00,32831
summer,Forecasted,2024-07-15T11:00:00.000+02:00,32816
summer,Forecasted,2024-07-15T11:05:00.000+02:00,32802
summer,Forecasted,2024-07-15T11:10:00.000+02:00,32803
summer,Forecasted,2024-07-15T11:15:00.000+02:00,32818
summer,Forecasted,2024-07-15T11:20:00.000+02:00,32842
summer,Forecasted,2024-07-15T11:25:00.000+02:00,32867
summer,Forecasted,2024-07-15T11:30:00.000+02:00,32895
summer,Forecasted,2024-07-15T11:35:00.000+02:00,32918
summer,Forecasted,2024-07-15T11:40:00.000+02:00,32931
summer,Forecasted,2024-07-15T11:45:00.000+02:00,32933
summer,Forecasted,2024-07-15T11:50:00.000+02:00,32956
summer,Forecasted,2024-07-15T11:55:00.000+02:00,33031
summer,Forecasted,2024-07-15T12:00:00.000+02:00,33157
summer,Forecasted,2024-07-15T12:05:00.000+02:00,33285
summer,Forecasted,2024-07-15T12:10:00.000+02:00,33364
summer,Forecasted,2024-07-15T12:15:00.000+02:00,33396
summer,Forecasted,2024-07-15T12:20:00.000+02:00,33415
summer,Forecasted,2024-07-15T12:25:00.000+02:00,33456
summer,Forecasted,2024-07-15T12:30:00.000+02:00,33520
summer,Forecasted,2024-07-15T12:35:00.000+02:00,33583
summer,Forecasted,2024-07-15T12:40:00.000+02:00,33621
summer,Forecasted,2024-07-15T12:45:00.000+02:00,33636
summer,Forecasted,2024-07-15T12:50:00.000+02:00,33679
summer,Forecasted,2024-07-15T12:55:00.000+02:00,33802
summer,Forecasted,2024-07-15T13:00:00.000+02:00,34007
summer,Forecasted,2024-07-15T13:05:00.000+02:00,34208
summer,Forecasted,2024-07-15T13:10:00.000+02:00,34323
summer,Forecasted,2024-07-15T13:15:00.000+02:00,34351
summer,Forecasted,2024-07-15T13:20:00.000+02:00,34345
summer,Forecasted,2024-07-15T13:25:00.000+02:00,34357
summer,Forecasted,2024-07-15T13:30:00.000+02:00,34386
summer,Forecasted,2024-07-15T13:35:00.000+02:00,34417
summer,Forecasted,2024-07-15T13:40:00.000+02:00,34436
summer,Forecasted,2024-07-15T13:45:00.000+02:00,34442
summer,Forecasted,2024-07-15T13:50:00.000+02:00,34445
summer,Forecasted,2024-07-15T13:55:00.000+02:00,34454
summer,Forecasted,2024-07-15T14:00:00.000+02:00,34467
summer,Forecasted,2024-07-15T14:05:00.000+02:00,34476
summer,Forecasted,2024-07-15T14:10:00.000+02:00,34472
summer,Forecasted,2024-07-15T14:15:00.000+02:00,34453
summer,Forecasted,2024-07-15T14:20:00.000+02:00,34427
summer,Forecasted,2024-07-15T14:25:00.000+02:00,34402
summer,Forecasted,2024-07-15T14:30:00.000+02:00,34375
summer,Forecasted,2024-07-15T14:35:00.000+02:00,34349
summer,Forecasted,2024-07-15T14:40:00.000+02:00,34324
summer,Forecasted,2024-07-15T14:45:00.000+02:00,34298
summer,Forecasted,2024-07-15T14:50:00.000+02:00,34268
summer,Forecasted,2024-07-15T14:55:00.000+02:00,34227
summer,Forecasted,2024-07-15T15:00:00.000+02:00,34175
summer,Forecasted,2024-07-15T15:05:00.000+02:00,34125
summer,Forecasted,2024-07-15T15:10:00.000+02:00,34089
summer,Forecasted,2024-07-15T15:15:00.000+02:00,34065
summer,Forecasted,2024-07-15T15:20:00.000+02:00,34046
summer,Forecasted,2024-07-15T15:25:00.000+02:00,34022
summer,Forecasted,2024-07-15T15:30:00.000+02:00,33995
summer,Forecasted,2024-07-15T15:35:00.000+02:00,33969
summer,Forecasted,2024-07-15T15:40:00.000+02:00,33951
summer,Forecasted,2024-07-15T15:45:00.000+02:00,33942
summer,Forecasted,2024-07-15T15:50:00.000+02:00,33929
summer,Forecasted,2024-07-15T15:55:00.000+02:00,33903
summer,Forecasted,2024-07-15T16:00:00.000+02:00,33864
summer,Forecasted,2024-07-15T16:05:00.000+02:00,33830
summer,Forecasted,2024-07-15T16:10:00.000+02:00,33824
summer,Forecasted,2024-07-15T16:15:00.000+02:00,33843
summer,Forecasted,2024-07-15T16:20:00.000+02:00,33878
summer,Forecasted,2024-07-15T16:25:00.000+02:00,33915
summer,Forecasted,2024-07-15T16:30:00.000+02:00,33956
summer,Forecasted,2024-07-15T16:35:00.000+02:00,34001
summer,Forecasted,2024-07-15T16:40:00.000+02:00,34054
summer,Forecasted,2024-07-15T16:45:00.000+02:00,34114
summer,Forecasted,2024-07-15T16:50:00.000+02:00,34177
summer,Forecasted,2024-07-15T16:55:00.000+02:00,34239
summer,Forecasted,2024-07-15T17:00:00.000+02:00,34301
summer,Forecasted,2024-07-15T17:05:00.000+02:00,34361
summer,Forecasted,2024-07-15T17:10:00.000+02:00,34418
summer,Forecasted,2024-07-15T17:15:00.000+02:00,34471
summer,Forecasted,2024-07-15T17:20:00.000+02:00,34522
summer,Forecasted,2024-07-15T17:25:00.000+02:00,34569
summer,Forecasted,2024-07-15T17:30:00.000+02:00,34613
summer,Forecasted,2024-07-15T17:35:00.000+02:00,34655
summer,Forecasted,2024-07-15T17:40:00.000+02:00,34695
summer,Forecasted,2024-07-15T17:45:00.000+02:00,34733
summer,Forecasted,2024-07-15T17:50:00.000+02:00,34770
summer,Forecasted,2024-07-15T17:55:00.000+02:00,34806
summer,Forecasted,2024-07-15T18:00:00.000+02:00,34839
summer,Forecasted,2024-07-15T18:05:00.000+02:00,34875
summer,Forecasted,2024-07-15T18:10:00.000+02:00,34917
summer,Forecasted,2024-07-15T18:15:00.000+02:00,34963
summer,Forecasted,2024-07-15T18:20:00.000+02:00,35011
summer,Forecasted,2024-07-15T18:25:00.000+02:00,35055
summer,Forecasted,2024-07-15T18:30:00.000+02:00,35095
summer,Forecasted,2024-07-15T18:35:00.000+02:00,35146
summer,Forecasted,2024-07-15T18:40:00.000+02:00,35223
summer,Forecasted,2024-07-15T18:45:00.000+02:00,35326
summer,Forecasted,2024-07-15T18:50:00.000+02:00,35396
summer,Forecasted,2024-07-15T18:55:00.000+02:00,35376
summer,Forecasted,2024-07-15T19:00:00.000+02:00,35265
summer,Forecasted,2024-07-15T19:05:00.000+02:00,35155
summer,Forecasted,2024-07-15T19:10:00.000+02:00,35134
summer,Forecasted,2024-07-15T19:15:00.000+02:00,35205
summer,Forecasted,2024-07-15T19:20:00.000+02:00,35308
summer,Forecasted,2024-07-15T19:25:00.000+02:00,35384
summer,Forecasted,2024-07-15T19:30:00.000+02:00,35435
summer,Forecasted,2024-07-15T19:35:00.000+02:00,35472
summer,Forecasted,2024-07-15T19:40:00.000+02:00,35507
summer,Forecasted,2024-07-15T19:45:00.000+02:00,35540
summer,Forecasted,2024-07-15T19:50:00.000+02:00,35577
summer,Forecasted,2024-07-15T19:55:00.000+02:00,35628
summer,Forecasted,2024-07-15T20:00:00.000+02:00,35692
summer,Forecasted,2024-07-15T20:05:00.000+02:00,35750
summer,Forecasted,2024-07-15T20:10:00.000+02:00,35784
summer,Forecasted,2024-07-15T20:15:00.000+02:00,35793
summer,Forecasted,2024-07-15T20:20:00.000+02:00,35789
summer,Forecasted,2024-07-15T20:25:00.000+02:00,35783
summer,Forecasted,2024-07-15T20:30:00.000+02:00,35777
summer,Forecasted,2024-07-15T20:35:00.000+02:00,35762
summer,Forecasted,2024-07-15T20:40:00.000+02:00,35731
summer,Forecasted,2024-07-15T20:45:00.000+02:00,35684
summer,Forecasted,2024-07-15T20:50:00.000+02:00,35640
summer,Forecasted,2024-07-15T20:55:00.000+02:00,35617
summer,Forecasted,2024-07-15T21:00:00.000+02:00,35616
summer,Forecasted,2024-07-15T21:05:00.000+02:00,35611
summer,Forecasted,2024-07-15T21:10:00.000+02:00,35575
summer,Forecasted,2024-07-15T21:15:00.000+02:00,35508
summer,Forecasted,2024-07-15T21:20:00.000+02:00,35425
summer,Forecasted,2024-07-15T21:25:00.000+02:00,35341
summer,Forecasted,2024-07-15T21:30:00.000+02:00,35256
summer,Forecasted,2024-07-15T21:35:00.000+02:00,35164
summer,Forecasted,2024-07-15T21:40:00.000+02:00,35062
summer,Forecasted,2024-07-15T21:45:00.000+02:00,34949
summer,Forecasted,2024-07-15T21:50:00.000+02:00,34829
summer,Forecasted,2024-07-15T21:55:00.000+02:00,34706
summer,Forecasted,2024-07-15T22:00:00.000+02:00,34579
summer,Forecasted,2024-07-15T22:05:00.000+02:00,34445
summer,Forecasted,2024-07-15T22:10:00.000+02:00,34298
summer,Forecasted,2024-07-15T22:15:00.000+02:00,34137
summer,Forecasted,2024-07-15T22:20:00.000+02:00,33965
summer,Forecasted,2024-07-15T22:25:00.000+02:00,33784
summer,Forecasted,2024-07-15T22:30:00.000+02:00,33594
summer,Forecasted,2024-07-15T22:35:00.000+02:00,33393
summer,Forecasted,2024-07-15T22:40:00.000+02:00,33182
summer,Forecasted,2024-07-15T22:45:00.000+02:00,32961
summer,Forecasted,2024-07-15T22:50:00.000+02:00,32744
summer,Forecasted,2024-07-15T22:55:00.000+02:00,32549
summer,Forecasted,2024-07-15T23:00:00.000+02:00,32375
summer,Forecasted,2024-07-15T23:05:00.000+02:00,32203
summer,Forecasted,2024-07-15T23:10:00.000+02:00,32016
summer,Forecasted,2024-07-15T23:15:00.000+02:00,31812
summer,Forecasted,2024-07-15T23:20:00.000+02:00,31612
summer,Forecasted,2024-07-15T23:25:00.000+02:00,31436
summer,Forecasted,2024-07-15T23:30:00.000+02:00,31283
summer,Forecasted,2024-07-15T23:35:00.000+02:00,31133
summer,Forecasted,2024-07-15T23:40:00.000+02:00,30964
summer,Forecasted,2024-07-15T23:45:00.000+02:00,30777
summer,Forecasted,2024-07-15T23:50:00.000+02:00,30626
summer,Forecasted,2024-07-15T23:55:00.000+02:00,30568
summer,Scheduled,2024-07-15T00:00:00.000+02:00,27927
summer,Scheduled,2024-07-15T00:05:00.000+02:00,27927
summer,Scheduled,2024-07-15T00:10:00.000+02:00,27927
summer,Scheduled,2024-07-15T00:15:00.000+02:00,27512
summer,Scheduled,2024-07-15T00:20:00.000+02:00,27512
summer,Scheduled,2024-07-15T00:25:00.000+02:00,27512
summer,Scheduled,2024-07-15T00:30:00.000+02:00,27020
summer,Scheduled,2024-07-15T00:35:00.000+02:00,27020
summer,Scheduled,2024-07-15T00:40:00.000+02:00,27020
summer,Scheduled,2024-07-15T00:45:00.000+02:00,26830
summer,Scheduled,2024-07-15T00:50:00.000+02:00,26830
summer,Scheduled,2024-07-15T00:55:00.000+02:00,26830
summer,Scheduled,2024-07-15T01:00:00.000+02:00,26285
summer,Scheduled,2024-07-15T01:05:00.000+02:00,26285
summer,Scheduled,2024-07-15T01:10:00.000+02:00,26285
summer,Scheduled,2024-07-15T01:15:00.000+02:00,25935
summer,Scheduled,2024-07-15T01:20:00.000+02:00,25935
summer,Scheduled,2024-07-15T01:25:00.000+02:00,25935
summer,Scheduled,2024-07-15T01:30:00.000+02:00,25381
summer,Scheduled,2024-07-15T01:35:00.000+02:00,25381
summer,Scheduled,2024-07-15T01:40:00.000+02:00,25381
summer,Scheduled,2024-07-15T01:45:00.000+02:00,25141
summer,Scheduled,2024-07-15T01:50:00.000+02:00,25141
summer,Scheduled,2024-07-15T01:55:00.000+02:00,25141
summer,Scheduled,2024-07-15T02:00:00.000+02:00,24800
summer,Scheduled,2024-07-15T02:05:00.000+02:00,24800
summer,Scheduled,2024-07-15T02:10:00.000+02:00,24800
summer,Scheduled,2024-07-15T02:15:00.000+02:00,24370
summer,Scheduled,2024-07-15T02:20:00.000+02:00,24370
summer,Scheduled,2024-07-15T02:25:00.000+02:00,24370
summer,Scheduled,2024-07-15T02:30:00.000+02:00,24120
summer,Scheduled,2024-07-15T02:35:00.000+02:00,24120
summer,Scheduled,2024-07-15T02:40:00.000+02:00,24120
summer,Scheduled,2024-07-15T02:45:00.000+02:00,23953
summer,Scheduled,2024-07-15T02:50:00.000+02:00,23953
summer,Scheduled,2024-07-15T02:55:00.000+02:00,23953
summer,Scheduled,2024-07-15T03:00:00.000+02:00,23862
summer,Scheduled,2024-07-15T03:05:00.000+02:00,23862
summer,Scheduled,2024-07-15T03:10:00.000+02:00,23862
summer,Scheduled,2024-07-15T03:15:00.000+02:00,23722
summer,Scheduled,2024-07-15T03:20:00.000+02:00,23722
summer,Scheduled,2024-07-15T03:25:00.000+02:00,23722
summer,Scheduled,2024-07-15T03:30:00.000+02:00,23602
summer,Scheduled,2024-07-15T03:35:00.000+02:00,23602
summer,Scheduled,2024-07-15T03:40:00.000+02:00,23602
summer,Scheduled,2024-07-15T03:45:00.000+02:00,23582
summer,Scheduled,2024-07-15T03:50:00.000+02:00,23582
summer,Scheduled,2024-07-15T03:55:00.000+02:00,23582
summer,Scheduled,2024-07-15T04:00:00.000+02:00,23430
summer,Scheduled,2024-07-15T04:05:00.000+02:00,23430
summer,Scheduled,2024-07-15T04:10:00.000+02:00,23430
summer,Scheduled,2024-07-15T04:15:00.000+02:00,23318
summer,Scheduled,2024-07-15T04:20:00.000+02:00,23318
summer,Scheduled,2024-07-15T04:25:00.000+02:00,23318
summer,Scheduled,2024-07-15T04:30:00.000+02:00,23418
summer,Scheduled,2024-07-15T04:35:00.000+02:00,23418
summer,Scheduled,2024-07-15T04:40:00.000+02:00,23418
summer,Scheduled,2024-07-15T04:45:00.000+02:00,23668
summer,Scheduled,2024-07-15T04:50:00.000+02:00,23668
summer,Scheduled,2024-07-15T04:55:00.000+02:00,23668
summer,Scheduled,2024-07-15T05:00:00.000+02:00,23740
summer,Scheduled,2024-07-15T05:05:00.000+02:00,23740
summer,Scheduled,2024-07-15T05:10:00.000+02:00,23740
summer,Scheduled,2024-07-15T05:15:00.000+02:00,23910
summer,Scheduled,2024-07-15T05:20:00.000+02:00,23910
summer,Scheduled,2024-07-15T05:25:00.000+02:00,23910
summer,Scheduled,2024-07-15T05:30:00.000+02:00,24430
summer,Scheduled,2024-07-15T05:35:00.000+02:00,24430
summer,Scheduled,2024-07-15T05:40:00.000+02:00,24430
summer,Scheduled,2024-07-15T05:45:00.000+02:00,24980
summer,Scheduled,2024-07-15T05:50:00.000+02:00,24980
summer,Scheduled,2024-07-15T05:55:00.000+02:00,24980
summer,Scheduled,2024-07-15T06:00:00.000+02:00,25758
summer,Scheduled,2024-07-15T06:05:00.000+02:00,25758
summer,Scheduled,2024-07-15T06:10:00.000+02:00,25758
summer,Scheduled,2024-07-15T06:15:00.000+02:00,26358
summer,Scheduled,2024-07-15T06:20:00.000+02:00,26358
summer,Scheduled,2024-07-15T06:25:00.000+02:00,26358
summer,Scheduled,2024-07-15T06:30:00.000+02:00,27008
summer,Scheduled,2024-07-15T06:35:00.000+02:00,27008
summer,Scheduled,2024-07-15T06:40:00.000+02:00,27008
summer,Scheduled,2024-07-15T06:45:00.000+02:00,27718
summer,Scheduled,2024-07-15T06:50:00.000+02:00,27718
summer,Scheduled,2024-07-15T06:55:00.000+02:00,27718
summer,Scheduled,2024-07-15T07:00:00.000+02:00,28721
summer,Scheduled,2024-07-15T07:05:00.000+02:00,28721
summer,Scheduled,2024-07-15T07:10:00.000+02:00,28721
summer,Scheduled,2024-07-15T07:15:00.000+02:00,29142
summer,Scheduled,2024-07-15T07:20:00.000+02:00,29142
summer,Scheduled,2024-07-15T07:25:00.000+02:00,29142
summer,Scheduled,2024-07-15T07:30:00.000+02:00,29482
summer,Scheduled,2024-07-15T07:35:00.000+02:00,29482
summer,Scheduled,2024-07-15T07:40:00.000+02:00,29482
summer,Scheduled,2024-07-15T07:45:00.000+02:00,29932
summer,Scheduled,2024-07-15T07:50:00.000+02:00,29932
summer,Scheduled,2024-07-15T07:55:00.000+02:00,29932
summer,Scheduled,2024-07-15T08:00:00.000+02:00,30555
summer,Scheduled,2024-07-15T08:05:00.000+02:00,30555
summer,Scheduled,2024-07-15T08:10:00.000+02:00,30555
summer,Scheduled,2024-07-15T08:15:00.000+02:00,30645
summer,Scheduled,2024-07-15T08:20:00.000+02:00,30645
summer,Scheduled,2024-07-15T08:25:00.000+02:00,30645
summer,Scheduled,2024-07-15T08:30:00.000+02:00,30945
summer,Scheduled,2024-07-15T08:35:00.000+02:00,30945
summer,Scheduled,2024-07-15T08:40:00.000+02:00,30945
summer,Scheduled,2024-07-15T08:45:00.000+02:00,31435
summer,Scheduled,2024-07-15T08:50:00.000+02:00,31435
summer,Scheduled,2024-07-15T08:55:00.000+02:00,31435
summer,Scheduled,2024-07-15T09:00:00.000+02:00,31770
summer,Scheduled,2024-07-15T09:05:00.000+02:00,31770
summer,Scheduled,2024-07-15T09:10:00.000+02:00,31770
summer,Scheduled,2024-07-15T09:15:00.000+02:00,31823
summer,Scheduled,2024-07-15T09:20:00.000+02:00,31823
summer,Scheduled,2024-07-15T09:25:00.000+02:00,31823
summer,Scheduled,2024-07-15T09:30:00.000+02:00,32158
summer,Scheduled,2024-07-15T09:35:00.000+02:00,32158
summer,Scheduled,2024-07-15T09:40:00.000+02:00,32158
summer,Scheduled,2024-07-15T09:45:00.000+02:00,32621
summer,Scheduled,2024-07-15T09:50:00.000+02:00,32621
summer,Scheduled,2024-07-15T09:55:00.000+02:00,32621
summer,Scheduled,2024-07-15T10:00:00.000+02:00,32794
summer,Scheduled,2024-07-15T10:05:00.000+02:00,32794
summer,Scheduled,2024-07-15T10:10:00.000+02:00,32794
summer,Scheduled,2024-07-15T10:15:00.000+02:00,32927
summer,Scheduled,2024-07-15T10:20:00.000+02:00,32927
summer,Scheduled,2024-07-15T10:25:00.000+02:00,32927
summer,Scheduled,2024-07-15T10:30:00.000+02:00,33211
summer,Scheduled,2024-07-15T10:35:00.000+02:00,33211
summer,Scheduled,2024-07-15T10:40:00.000+02:00,33211
summer,Scheduled,2024-07-15T10:45:00.000+02:00,33033
summer,Scheduled,2024-07-15T10:50:00.000+02:00,33033
summer,Scheduled,2024-07-15T10:55:00.000+02:00,33033
summer,Scheduled,2024-07-15T11:00:00.000+02:00,33173
summer,Scheduled,2024-07-15T11:05:00.000+02:00,33173
summer,Scheduled,2024-07-15T11:10:00.000+02:00,33173
summer,Scheduled,2024-07-15T11:15:00.000+02:00,33153
summer,Scheduled,2024-07-15T11:20:00.000+02:00,33153
summer,Scheduled,2024-07-15T11:25:00.000+02:00,33153
summer,Scheduled,2024-07-15T11:30:00.000+02:00,33253
summer,Scheduled,2024-07-15T11:35:00.000+02:00,33253
summer,Scheduled,2024-07-15T11:40:00.000+02:00,33253
summer,Scheduled,2024-07-15T11:45:00.000+02:00,33173
summer,Scheduled,2024-07-15T11:50:00.000+02:00,33173
summer,Scheduled,2024-07-15T11:55:00.000+02:00,33173
summer,Scheduled,2024-07-15T12:00:00.000+02:00,33572
summer,Scheduled,2024-07-15T12:05:00.000+02:00,33572
summer,Scheduled,2024-07-15T12:10:00.000+02:00,33572
summer,Scheduled,2024-07-15T12:15:00.000+02:00,33662
summer,Scheduled,2024-07-15T12:20:00.000+02:00,33662
summer,Scheduled,2024-07-15T12:25:00.000+02:00,33662
summer,Scheduled,2024-07-15T12:30:00.000+02:00,33668
summer,Scheduled,2024-07-15T12:35:00.000+02:00,33668
summer,Scheduled,2024-07-15T12:40:00.000+02:00,33668
summer,Scheduled,2024-07-15T12:45:00.000+02:00,33971
summer,Scheduled,2024-07-15T12:50:00.000+02:00,33971
summer,Scheduled,2024-07-15T12:55:00.000+02:00,33971
summer,Scheduled,2024-07-15T13:00:00.000+02:00,33985
summer,Scheduled,2024-07-15T13:05:00.000+02:00,33985
summer,Scheduled,2024-07-15T13:10:00.000+02:00,33985
summer,Scheduled,2024-07-15T13:15:00.000+02:00,34177
summer,Scheduled,2024-07-15T13:20:00.000+02:00,34177
summer,Scheduled,2024-07-15T13:25:00.000+02:00,34177
summer,Scheduled,2024-07-15T13:30:00.000+02:00,34466
summer,Scheduled,2024-07-15T13:35:00.000+02:00,34466
summer,Scheduled,2024-07-15T13:40:00.000+02:00,34466
summer,Scheduled,2024-07-15T13:45:00.000+02:00,34692
summer,Scheduled,2024-07-15T13:50:00.000+02:00,34692
summer,Scheduled,2024-07-15T13:55:00.000+02:00,34692
summer,Scheduled,2024-07-15T14:00:00.000+02:00,34602
summer,Scheduled,2024-07-15T14:05:00.000+02:00,34602
summer,Scheduled,2024-07-15T14:10:00.000+02:00,34602
summer,Scheduled,2024-07-15T14:15:00.000+02:00,34482
summer,Scheduled,2024-07-15T14:20:00.000+02:00,34482
summer,Scheduled,2024-07-15T14:25:00.000+02:00,34482
summer,Scheduled,2024-07-15T14:30:00.000+02:00,34325
summer,Scheduled,2024-07-15T14:35:00.000+02:00,34325
summer,Scheduled,2024-07-15T14:40:00.000+02:00,34325
summer,Scheduled,2024-07-15T14:45:00.000+02:00,34312
summer,Scheduled,2024-07-15T14:50:00.000+02:00,34312
summer,Scheduled,2024-07-15T14:55:00.000+02:00,34312
summer,Scheduled,2024-07-15T15:00:00.000+02:00,33774
summer,Scheduled,2024-07-15T15:05:00.000+02:00,33774
summer,Scheduled,2024-07-15T15:10:00.000+02:00,33774
summer,Scheduled,2024-07-15T15:15:00.000+02:00,33369
summer,Scheduled,2024-07-15T15:20:00.000+02:00,33369
summer,Scheduled,2024-07-15T15:25:00.000+02:00,33369
summer,Scheduled,2024-07-15T15:30:00.000+02:00,34065
summer,Scheduled,2024-07-15T15:35:00.000+02:00,34065
summer,Scheduled,2024-07-15T15:40:00.000+02:00,34065
summer,Scheduled,2024-07-15T15:45:00.000+02:00,33665
summer,Scheduled,2024-07-15T15:50:00.000+02:00,33665
summer,Scheduled,2024-07-15T15:55:00.000+02:00,33665
summer,Scheduled,2024-07-15T16:00:00.000+02:00,33677
summer,Scheduled,2024-07-15T16:05:00.000+02:00,33677
summer,Scheduled,2024-07-15T16:10:00.000+02:00,33677
summer,Scheduled,2024-07-15T16:15:00.000+02:00,33777
summer,Scheduled,2024-07-15T16:20:00.000+02:00,33777
summer,Scheduled,2024-07-15T16:25:00.000+02:00,33777
summer,Scheduled,2024-07-15T16:30:00.000+02:00,33810
summer,Scheduled,2024-07-15T16:35:00.000+02:00,33810
summer,Scheduled,2024-07-15T16:40:00.000+02:00,33810
summer,Scheduled,2024-07-15T16:45:00.000+02:00,34087
summer,Scheduled,2024-07-15T16:50:00.000+02:00,34087
summer,Scheduled,2024-07-15T16:55:00.000+02:00,34087
summer,Scheduled,2024-07-15T17:00:00.000+02:00,34262
summer,Scheduled,2024-07-15T17:05:00.000+02:00,34262
summer,Scheduled,2024-07-15T17:10:00.000+02:00,34262
summer,Scheduled,2024-07-15T17:15:00.000+02:00,34238
summer,Scheduled,2024-07-15T17:20:00.000+02:00,34238
summer,Scheduled,2024-07-15T17:25:00.000+02:00,34238
summer,Scheduled,2024-07-15T17:30:00.000+02:00,34365
summer,Scheduled,2024-07-15T17:35:00.000+02:00,34365
summer,Scheduled,2024-07-15T17:40:00.000+02:00,34365
summer,Scheduled,2024-07-15T17:45:00.000+02:00,34588
summer,Scheduled,2024-07-15T17:50:00.000+02:00,34588
summer,Scheduled,2024-07-15T17:55:00.000+02:00,34588
summer,Scheduled,2024-07-15T18:00:00.000+02:00,34584
summer,Scheduled,2024-07-15T18:05:00.000+02:00,34584
summer,Scheduled,2024-07-15T18:10:00.000+02:00,34584
summer,Scheduled,2024-07-15T18:15:00.000+02:00,34715
summer,Scheduled,2024-07-15T18:20:00.000+02:00,34715
summer,Scheduled,2024-07-15T18:25:00.000+02:00,34715
summer,Scheduled,2024-07-15T18:30:00.000+02:00,34896
summer,Scheduled,2024-07-15T18:35:00.000+02:00,34896
summer,Scheduled,2024-07-15T18:40:00.000+02:00,34896
summer,Scheduled,2024-07-15T18:45:00.000+02:00,35097
summer,Scheduled,2024-07-15T18:50:00.000+02:00,35097
summer,Scheduled,2024-07-15T18:55:00.000+02:00,35097
summer,Scheduled,2024-07-15T19:00:00.000+02:00,35252
summer,Scheduled,2024-07-15T19:05:00.000+02:00,35252
summer,Scheduled,2024-07-15T19:10:00.000+02:00,35252
summer,Scheduled,2024-07-15T19:15:00.000+02:00,35353
summer,Scheduled,2024-07-15T19:20:00.000+02:00,35353
summer,Scheduled,2024-07-15T19:25:00.000+02:00,35353
summer,Scheduled,2024-07-15T19:30:00.000+02:00,35563
summer,Scheduled,2024-07-15T19:35:00.000+02:00,35563
summer,Scheduled,2024-07-15T19:40:00.000+02:00,35563
summer,Scheduled,2024-07-15T19:45:00.000+02:00,35663
summer,Scheduled,2024-07-15T19:50:00.000+02:00,35663
summer,Scheduled,2024-07-15T19:55:00.000+02:00,35663
summer,Scheduled,2024-07-15T20:00:00.000+02:00,35789
summer,Scheduled,2024-07-15T20:05:00.000+02:00,35789
summer,Scheduled,2024-07-15T20:10:00.000+02:00,35789
summer,Scheduled,2024-07-15T20:15:00.000+02:00,35589
summer,Scheduled,2024-07-15T20:20:00.000+02:00,35589
summer,Scheduled,2024-07-15T20:25:00.000+02:00,35589
summer,Scheduled,2024-07-15T20:30:00.000+02:00,35599
summer,Scheduled,2024-07-15T20:35:00.000+02:00,35599
summer,Scheduled,2024-07-15T20:40:00.000+02:00,35599
summer,Scheduled,2024-07-15T20:45:00.000+02:00,35899
summer,Scheduled,2024-07-15T20:50:00.000+02:00,35899
summer,Scheduled,2024-07-15T20:55:00.000+02:00,35899
summer,Scheduled,2024-07-15T21:00:00.000+02:00,35807
summer,Scheduled,2024-07-15T21:05:00.000+02:00,35807
summer,Scheduled,2024-07-15T21:10:00.000+02:00,35807
summer,Scheduled,2024-07-15T21:15:00.000+02:00,36511
summer,Scheduled,2024-07-15T21:20:00.000+02:00,36511
summer,Scheduled,2024-07-15T21:25:00.000+02:00,36511
summer,Scheduled,2024-07-15T21:30:00.000+02:00,36282
summer,Scheduled,2024-07-15T21:35:00.000+02:00,36282
summer,Scheduled,2024-07-15T21:40:00.000+02:00,36282
summer,Scheduled,2024-07-15T21:45:00.000+02:00,35418
summer,Scheduled,2024-07-15T21:50:00.000+02:00,35418
summer,Scheduled,2024-07-15T21:55:00.000+02:00,35418
summer,Scheduled,2024-07-15T22:00:00.000+02:00,34681
summer,Scheduled,2024-07-15T22:05:00.000+02:00,34681
summer,Scheduled,2024-07-15T22:10:00.000+02:00,34681
summer,Scheduled,2024-07-15T22:15:00.000+02:00,34564
summer,Scheduled,2024-07-15T22:20:00.000+02:00,34564
summer,Scheduled,2024-07-15T22:25:00.000+02:00,34564
summer,Scheduled,2024-07-15T22:30:00.000+02:00,34335
summer,Scheduled,2024-07-15T22:35:00.000+02:00,34335
summer,Scheduled,2024-07-15T22:40:00.000+02:00,34335
summer,Scheduled,2024-07-15T22:45:00.000+02:00,33937
summer,Scheduled,2024-07-15T22:50:00.000+02:00,33937
summer,Scheduled,2024-07-15T22:55:00.000+02:00,33937
summer,Scheduled,2024-07-15T23:00:00.000+02:00,32732
summer,Scheduled,2024-07-15T23:05:00.000+02:00,32732
summer,Scheduled,2024-07-15T23:10:00.000+02:00,32732
summer,Scheduled,2024-07-15T23:15:00.000+02:00,31932
summer,Scheduled,2024-07-15T23:20:00.000+02:00,31932
summer,Scheduled,2024-07-15T23:25:00.000+02:00,31932
summer,Scheduled,2024-07-15T23:30:00.000+02:00,31433
summer,Scheduled,2024-07-15T23:35:00.000+02:00,31433
summer,Scheduled,2024-07-15T23:40:00.000+02:00,31433
summer,Scheduled,2024-07-15T23:45:00.000+02:00,30753
summer,Scheduled,2024-07-15T23:50:00.000+02:00,30753
summer,Scheduled,2024-07-15T23:55:00.000+02:00,30753
summer,Real,2024-07-15T00:00:00.000+02:00,28412
summer,Real,2024-07-15T00:05:00.000+02:00,28166
summer,Real,2024-07-15T00:10:00.000+02:00,28014
summer,Real,2024-07-15T00:15:00.000+02:00,28033
summer,Real,2024-07-15T00:20:00.000+02:00,28024
summer,Real,2024-07-15T00:25:00.000+02:00,27828
summer,Real,2024-07-15T00:30:00.000+02:00,27716
summer,Real,2024-07-15T00:35:00.000+02:00,27552
summer,Real,2024-07-15T00:40:00.000+02:00,27317
summer,Real,2024-07-15T00:45:00.000+02:00,27067
summer,Real,2024-07-15T00:50:00.000+02:00,26950
summer,Real,2024-07-15T00:55:00.000+02:00,26641
summer,Real,2024-07-15T01:00:00.000+02:00,26484
summer,Real,2024-07-15T01:05:00.000+02:00,26403
summer,Real,2024-07-15T01:10:00.000+02:00,26296
summer,Real,2024-07-15T01:15:00.000+02:00,26162
summer,Real,2024-07-15T01:20:00.000+02:00,26041
summer,Real,2024-07-15T01:25:00.000+02:00,25966
summer,Real,2024-07-15T01:30:00.000+02:00,25737
summer,Real,2024-07-15T01:35:00.000+02:00,25585
summer,Real,2024-07-15T01:40:00.000+02:00,25414
summer,Real,2024-07-15T01:45:00.000+02:00,25347
summer,Real,2024-07-15T01:50:00.000+02:00,25230
summer,Real,2024-07-15T01:55:00.000+02:00,25049
summer,Real,2024-07-15T02:00:00.000+02:00,24881
summer,Real,2024-07-15T02:05:00.000+02:00,24811
summer,Real,2024-07-15T02:10:00.000+02:00,24787
summer,Real,2024-07-15T02:15:00.000+02:00,24819
summer,Real,2024-07-15T02:20:00.000+02:00,24755
summer,Real,2024-07-15T02:25:00.000+02:00,24517
summer,Real,2024-07-15T02:30:00.000+02:00,24450
summer,Real,2024-07-15T02:35:00.000+02:00,24238
summer,Real,2024-07-15T02:40:00.000+02:00,24229
summer,Real,2024-07-15T02:45:00.000+02:00,24063
summer,Real,2024-07-15T02:50:00.000+02:00,24092
summer,Real,2024-07-15T02:55:00.000+02:00,23948
summer,Real,2024-07-15T03:00:00.000+02:00,24036
summer,Real,2024-07-15T03:05:00.000+02:00,24141
summer,Real,2024-07-15T03:10:00.000+02:00,23997
summer,Real,2024-07-15T03:15:00.000+02:00,24030
summer,Real,2024-07-15T03:20:00.000+02:00,23821
summer,Real,2024-07-15T03:25:00.000+02:00,23807
summer,Real,2024-07-15T03:30:00.000+02:00,23714
summer,Real,2024-07-15T03:35:00.000+02:00,23722
summer,Real,2024-07-15T03:40:00.000+02:00,23570
summer,Real,2024-07-15T03:45:00.000+02:00,23490
summer,Real,2024-07-15T03:50:00.000+02:00,23375
summer,Real,2024-07-15T03:55:00.000+02:00,23581
summer,Real,2024-07-15T04:00:00.000+02:00,23613
summer,Real,2024-07-15T04:05:00.000+02:00,23401
summer,Real,2024-07-15T04:10:00.000+02:00,23452
summer,Real,2024-07-15T04:15:00.000+02:00,23684
summer,Real,2024-07-15T04:20:00.000+02:00,23628
summer,Real,2024-07-15T04:25:00.000+02:00,23487
summer,Real,2024-07-15T04:30:00.000+02:00,23446
summer,Real,2024-07-15T04:35:00.000+02:00,23344
summer,Real,2024-07-15T04:40:00.000+02:00,23298
summer,Real,2024-07-15T04:45:00.000+02:00,23439
summer,Real,2024-07-15T04:50:00.000+02:00,23471
summer,Real,2024-07-15T04:55:00.000+02:00,23671
summer,Real,2024-07-15T05:00:00.000+02:00,23530
summer,Real,2024-07-15T05:05:00.000+02:00,23788
summer,Real,2024-07-15T05:10:00.000+02:00,23772
summer,Real,2024-07-15T05:15:00.000+02:00,23957
summer,Real,2024-07-15T05:20:00.000+02:00,23903
summer,Real,2024-07-15T05:25:00.000+02:00,23867
summer,Real,2024-07-15T05:30:00.000+02:00,23728
summer,Real,2024-07-15T05:35:00.000+02:00,23997
summer,Real,2024-07-15T05:40:00.000+02:00,24138
summer,Real,2024-07-15T05:45:00.000+02:00,24179
summer,Real,2024-07-15T05:50:00.000+02:00,24437
summer,Real,2024-07-15T05:55:00.000+02:00,24742
summer,Real,2024-07-15T06:00:00.000+02:00,24892
summer,Real,2024-07-15T06:05:00.000+02:00,25639
summer,Real,2024-07-15T06:10:00.000+02:00,26168
summer,Real,2024-07-15T06:15:00.000+02:00,26331
summer,Real,2024-07-15T06:20:00.000+02:00,26381
summer,Real,2024-07-15T06:25:00.000+02:00,26661
summer,Real,2024-07-15T06:30:00.000+02:00,26766
summer,Real,2024-07-15T06:35:00.000+02:00,27051
summer,Real,2024-07-15T06:40:00.000+02:00,27222
summer,Real,2024-07-15T06:45:00.000+02:00,27313
summer,Real,2024-07-15T06:50:00.000+02:00,27334
summer,Real,2024-07-15T06:55:00.000+02:00,27521
summer,Real,2024-07-15T07:00:00.000+02:00,27726
summer,Real,2024-07-15T07:05:00.000+02:00,28318
summer,Real,2024-07-15T07:10:00.000+02:00,28587
summer,Real,2024-07-15T07:15:00.000+02:00,28833
summer,Real,2024-07-15T07:20:00.000+02:00,29009
summer,Real,2024-07-15T07:25:00.000+02:00,29213
summer,Real,2024-07-15T07:30:00.000+02:00,29154
summer,Real,2024-07-15T07:35:00.000+02:00,29539
summer,Real,2024-07-15T07:40:00.000+02:00,29590
summer,Real,2024-07-15T07:45:00.000+02:00,29733
summer,Real,2024-07-15T07:50:00.000+02:00,29920
summer,Real,2024-07-15T07:55:00.000+02:00,30058
summer,Real,2024-07-15T08:00:00.000+02:00,30085
summer,Real,2024-07-15T08:05:00.000+02:00,30293
summer,Real,2024-07-15T08:10:00.000+02:00,30525
summer,Real,2024-07-15T08:15:00.000+02:00,30814
summer,Real,2024-07-15T08:20:00.000+02:00,30760
summer,Real,2024-07-15T08:25:00.000+02:00,31082
summer,Real,2024-07-15T08:30:00.000+02:00,31151
summer,Real,2024-07-15T08:35:00.000+02:00,31366
summer,Real,2024-07-15T08:40:00.000+02:00,31478
summer,Real,2024-07-15T08:45:00.000+02:00,31427
summer,Real,2024-07-15T08:50:00.000+02:00,31355
summer,Real,2024-07-15T08:55:00.000+02:00,31455
summer,Real,2024-07-15T09:00:00.000+02:00,31524
summer,Real,2024-07-15T09:05:00.000+02:00,31728
summer,Real,2024-07-15T09:10:00.000+02:00,31957
summer,Real,2024-07-15T09:15:00.000+02:00,32121
summer,Real,2024-07-15T09:20:00.000+02:00,32203
summer,Real,2024-07-15T09:25:00.000+02:00,32365
summer,Real,2024-07-15T09:30:00.000+02:00,32193
summer,Real,2024-07-15T09:35:00.000+02:00,32234
summer,Real,2024-07-15T09:40:00.000+02:00,32429
summer,Real,2024-07-15T09:45:00.000+02:00,32516
summer,Real,2024-07-15T09:50:00.000+02:00,32625
summer,Real,2024-07-15T09:55:00.000+02:00,32702
summer,Real,2024-07-15T10:00:00.000+02:00,32912
summer,Real,2024-07-15T10:05:00.000+02:00,32897
summer,Real,2024-07-15T10:10:00.000+02:00,33039
summer,Real,2024-07-15T10:15:00.000+02:00,33084
summer,Real,2024-07-15T10:20:00.000+02:00,33006
summer,Real,2024-07-15T10:25:00.000+02:00,33025
summer,Real,2024-07-15T10:30:00.000+02:00,33218
summer,Real,2024-07-15T10:35:00.000+02:00,32990
summer,Real,2024-07-15T10:40:00.000+02:00,33056
summer,Real,2024-07-15T10:45:00.000+02:00,33172
summer,Real,2024-07-15T10:50:00.000+02:00,33298
summer,Real,2024-07-15T10:55:00.000+02:00,33311
summer,Real,2024-07-15T11:00:00.000+02:00,33463
summer,Real,2024-07-15T11:05:00.000+02:00,33334
summer,Real,2024-07-15T11:10:00.000+02:00,33324
summer,Real,2024-07-15T11:15:00.000+02:00,33367
summer,Real,2024-07-15T11:20:00.000+02:00,33425
summer,Real,2024-07-15T11:25:00.000+02:00,33391
summer,Real,2024-07-15T11:30:00.000+02:00,33485
summer,Real,2024-07-15T11:35:00.000+02:00,33425
summer,Real,2024-07-15T11:40:00.000+02:00,33566
summer,Real,2024-07-15T11:45:00.000+02:00,33467
summer,Real,2024-07-15T11:50:00.000+02:00,33638
summer,Real,2024-07-15T11:55:00.000+02:00,33636
summer,Real,2024-07-15T12:00:00.000+02:00,33616
summer,Real,2024-07-15T12:05:00.000+02:00,33551
summer,Real,2024-07-15T12:10:00.000+02:00,33824
summer,Real,2024-07-15T12:15:00.000+02:00,33821
summer,Real,2024-07-15T12:20:00.000+02:00,33884
summer,Real,2024-07-15T12:25:00.000+02:00,33806
summer,Real,2024-07-15T12:30:00.000+02:00,33791
summer,Real,2024-07-15T12:35:00.000+02:00,33848
summer,Real,2024-07-15T12:40:00.000+02:00,33990
summer,Real,2024-07-15T12:45:00.000+02:00,34182
summer,Real,2024-07-15T12:50:00.000+02:00,34150
summer,Real,2024-07-15T12:55:00.000+02:00,34274
summer,Real,2024-07-15T13:00:00.000+02:00,34100
summer,Real,2024-07-15T13:05:00.000+02:00,34151
summer,Real,2024-07-15T13:10:00.000+02:00,34210
summer,Real,2024-07-15T13:15:00.000+02:00,34377
summer,Real,2024-07-15T13:20:00.000+02:00,34346
summer,Real,2024-07-15T13:25:00.000+02:00,34381
summer,Real,2024-07-15T13:30:00.000+02:00,34586
summer,Real,2024-07-15T13:35:00.000+02:00,34442
summer,Real,2024-07-15T13:40:00.000+02:00,34419
summer,Real,2024-07-15T13:45:00.000+02:00,34429
summer,Real,2024-07-15T13:50:00.000+02:00,34418
summer,Real,2024-07-15T13:55:00.000+02:00,34511
summer,Real,2024-07-15T14:00:00.000+02:00,34419
summer,Real,2024-07-15T14:05:00.000+02:00,34598
summer,Real,2024-07-15T14:10:00.000+02:00,34696
summer,Real,2024-07-15T14:15:00.000+02:00,34493
summer,Real,2024-07-15T14:20:00.000+02:00,34613
summer,Real,2024-07-15T14:25:00.000+02:00,34631
summer,Real,2024-07-15T14:30:00.000+02:00,34504
summer,Real,2024-07-15T14:35:00.000+02:00,34465
summer,Real,2024-07-15T14:40:00.000+02:00,34580
summer,Real,2024-07-15T14:45:00.000+02:00,34469
summer,Real,2024-07-15T14:50:00.000+02:00,34533
summer,Real,2024-07-15T14:55:00.000+02:00,34420
summer,Real,2024-07-15T15:00:00.000+02:00,34124
summer,Real,2024-07-15T15:05:00.000+02:00,34174
summer,Real,2024-07-15T15:10:00.000+02:00,34225
summer,Real,2024-07-15T15:15:00.000+02:00,34318
summer,Real,2024-07-15T15:20:00.000+02:00,34196
summer,Real,2024-07-15T15:25:00.000+02:00,33932
summer,Real,2024-07-15T15:30:00.000+02:00,34073
summer,Real,2024-07-15T15:35:00.000+02:00,33838
summer,Real,2024-07-15T15:40:00.000+02:00,33835
summer,Real,2024-07-15T15:45:00.000+02:00,34009
summer,Real,2024-07-15T15:50:00.000+02:00,33820
summer,Real,2024-07-15T15:55:00.000+02:00,33861
summer,Real,2024-07-15T16:00:00.000+02:00,33746
summer,Real,2024-07-15T16:05:00.000+02:00,33846
summer,Real,2024-07-15T16:10:00.000+02:00,33866
summer,Real,2024-07-15T16:15:00.000+02:00,33894
summer,Real,2024-07-15T16:20:00.000+02:00,33960
summer,Real,2024-07-15T16:25:00.000+02:00,33886
summer,Real,2024-07-15T16:30:00.000+02:00,33940
summer,Real,2024-07-15T16:35:00.000+02:00,33986
summer,Real,2024-07-15T16:40:00.000+02:00,34059
summer,Real,2024-07-15T16:45:00.000+02:00,33986
summer,Real,2024-07-15T16:50:00.000+02:00,34060
summer,Real,2024-07-15T16:55:00.000+02:00,34142
summer,Real,2024-07-15T17:00:00.000+02:00,34119
summer,Real,2024-07-15T17:05:00.000+02:00,34084
summer,Real,2024-07-15T17:10:00.000+02:00,34229
summer,Real,2024-07-15T17:15:00.000+02:00,34193
summer,Real,2024-07-15T17:20:00.000+02:00,34142
summer,Real,2024-07-15T17:25:00.000+02:00,34270
summer,Real,2024-07-15T17:30:00.000+02:00,34266
summer,Real,2024-07-15T17:35:00.000+02:00,34255
summer,Real,2024-07-15T17:40:00.000+02:00,34475
summer,Real,2024-07-15T17:45:00.000+02:00,34371
summer,Real,2024-07-15T17:50:00.000+02:00,34325
summer,Real,2024-07-15T17:55:00.000+02:00,34591
summer,Real,2024-07-15T18:00:00.000+02:00,34556
summer,Real,2024-07-15T18:05:00.000+02:00,34520
summer,Real,2024-07-15T18:10:00.000+02:00,34532
summer,Real,2024-07-15T18:15:00.000+02:00,34430
summer,Real,2024-07-15T18:20:00.000+02:00,34584
summer,Real,2024-07-15T18:25:00.000+02:00,34341
summer,Real,2024-07-15T18:30:00.000+02:00,34717
summer,Real,2024-07-15T18:35:00.000+02:00,34724
summer,Real,2024-07-15T18:40:00.000+02:00,34709
summer,Real,2024-07-15T18:45:00.000+02:00,34644
summer,Real,2024-07-15T18:50:00.000+02:00,34764
summer,Real,2024-07-15T18:55:00.000+02:00,34908
summer,Real,2024-07-15T19:00:00.000+02:00,34484
summer,Real,2024-07-15T19:05:00.000+02:00,35155
summer,Real,2024-07-15T19:10:00.000+02:00,34973
summer,Real,2024-07-15T19:15:00.000+02:00,35056
summer,Real,2024-07-15T19:20:00.000+02:00,35183
summer,Real,2024-07-15T19:25:00.000+02:00,35106
summer,Real,2024-07-15T19:30:00.000+02:00,35140
summer,Real,2024-07-15T19:35:00.000+02:00,35312
summer,Real,2024-07-15T19:40:00.000+02:00,35356
summer,Real,2024-07-15T19:45:00.000+02:00,35351
summer,Real,2024-07-15T19:50:00.000+02:00,35599
summer,Real,2024-07-15T19:55:00.000+02:00,35535
summer,Real,2024-07-15T20:00:00.000+02:00,35415
summer,Real,2024-07-15T20:05:00.000+02:00,35618
summer,Real,2024-07-15T20:10:00.000+02:00,35572
summer,Real,2024-07-15T20:15:00.000+02:00,35430
summer,Real,2024-07-15T20:20:00.000+02:00,35395
summer,Real,2024-07-15T20:25:00.000+02:00,35471
summer,Real,2024-07-15T20:30:00.000+02:00,35536
summer,Real,2024-07-15T20:35:00.000+02:00,35521
summer,Real,2024-07-15T20:40:00.000+02:00,35601
summer,Real,2024-07-15T20:45:00.000+02:00,35427
summer,Real,2024-07-15T20:50:00.000+02:00,35590
summer,Real,2024-07-15T20:55:00.000+02:00,35647
summer,Real,2024-07-15T21:00:00.000+02:00,35346
summer,Real,2024-07-15T21:05:00.000+02:00,35498
summer,Real,2024-07-15T21:10:00.000+02:00,35294
summer,Real,2024-07-15T21:15:00.000+02:00,35486
summer,Real,2024-07-15T21:20:00.000+02:00,35651
summer,Real,2024-07-15T21:25:00.000+02:00,35684
summer,Real,2024-07-15T21:30:00.000+02:00,35628
summer,Real,2024-07-15T21:35:00.000+02:00,35414
summer,Real,2024-07-15T21:40:00.000+02:00,35403
summer,Real,2024-07-15T21:45:00.000+02:00,35523
summer,Real,2024-07-15T21:50:00.000+02:00,35474
summer,Real,2024-07-15T21:55:00.000+02:00,35285
summer,Real,2024-07-15T22:00:00.000+02:00,35256
summer,Real,2024-07-15T22:05:00.000+02:00,34969
summer,Real,2024-07-15T22:10:00.000+02:00,34946
summer,Real,2024-07-15T22:15:00.000+02:00,35110
summer,Real,2024-07-15T22:20:00.000+02:00,34922
summer,Real,2024-07-15T22:25:00.000+02:00,34716
summer,Real,2024-07-15T22:30:00.000+02:00,34498
summer,Real,2024-07-15T22:35:00.000+02:00,34331
summer,Real,2024-07-15T22:40:00.000+02:00,34228
summer,Real,2024-07-15T22:45:00.000+02:00,33994
summer,Real,2024-07-15T22:50:00.000+02:00,33732
summer,Real,2024-07-15T22:55:00.000+02:00,33238
summer,Real,2024-07-15T23:00:00.000+02:00,33178
summer,Real,2024-07-15T23:05:00.000+02:00,32847
summer,Real,2024-07-15T23:10:00.000+02:00,32520
summer,Real,2024-07-15T23:15:00.000+02:00,32268
summer,Real,2024-07-15T23:20:00.000+02:00,32094
summer,Real,2024-07-15T23:25:00.000+02:00,31914
summer,Real,2024-07-15T23:30:00.000+02:00,31691
summer,Real,2024-07-15T23:35:00.000+02:00,31328
summer,Real,2024-07-15T23:40:00.000+02:00,31177
summer,Real,2024-07-15T23:45:00.000+02:00,30983
summer,Real,2024-07-15T23:50:00.000+02:00,30781
summer,Real,2024-07-15T23:55:00.000+02:00,30532
winter,Forecasted,2024-01-15T00:00:00.000+01:00,26435
winter,Forecasted,2024-01-15T00:05:00.000+01:00,26200
winter,Forecasted,2024-01-15T00:10:00.000+01:00,25983
winter,Forecasted,2024-01-15T00:15:00.000+01:00,25785
winter,Forecasted,2024-01-15T00:20:00.000+01:00,25597
winter,Forecasted,2024-01-15T00:25:00.000+01:00,25410
winter,Forecasted,2024-01-15T00:30:00.000+01:00,25224
winter,Forecasted,2024-01-15T00:35:00.000+01:00,25042
winter,Forecasted,2024-01-15T00:40:00.000+01:00,24866
winter,Forecasted,2024-01-15T00:45:00.000+01:00,24697
winter,Forecasted,2024-01-15T00:50:00.000+01:00,24533
winter,Forecasted,2024-01-15T00:55:00.000+01:00,24377
winter,Forecasted,2024-01-15T01:00:00.000+01:00,24229
winter,Forecasted,2024-01-15T01:05:00.000+01:00,24087
winter,Forecasted,2024-01-15T01:10:00.000+01:00,23952
winter,Forecasted,2024-01-15T01:15:00.000+01:00,23824
winter,Forecasted,2024-01-15T01:20:00.000+01:00,23702
winter,Forecasted,2024-01-15T01:25:00.000+01:00,23585
winter,Forecasted,2024-01-15T01:30:00.000+01:00,23473
winter,Forecasted,2024-01-15T01:35:00.000+01:00,23365
winter,Forecasted,2024-01-15T01:40:00.000+01:00,23261
winter,Forecasted,2024-01-15T01:45:00.000+01:00,23159
winter,Forecasted,2024-01-15T01:50:00.000+01:00,23064
winter,Forecasted,2024-01-15T01:55:00.000+01:00,22982
winter,Forecasted,2024-01-15T02:00:00.000+01:00,22911
winter,Forecasted,2024-01-15T02:05:00.000+01:00,22845
winter,Forecasted,2024-01-15T02:10:00.000+01:00,22775
winter,Forecasted,2024-01-15T02:15:00.000+01:00,22702
winter,Forecasted,2024-01-15T02:20:00.000+01:00,22630
winter,Forecasted,2024-01-15T02:25:00.000+01:00,22564
winter,Forecasted,2024-01-15T02:30:00.000+01:00,22506
winter,Forecasted,2024-01-15T02:35:00.000+01:00,22451
winter,Forecasted,2024-01-15T02:40:00.000+01:00,22397
winter,Forecasted,2024-01-15T02:45:00.000+01:00,22343
winter,Forecasted,2024-01-15T02:50:00.000+01:00,22296
winter,Forecasted,2024-01-15T02:55:00.000+01:00,22262
winter,Forecasted,2024-01-15T03:00:00.000+01:00,22242
winter,Forecasted,2024-01-15T03:05:00.000+01:00,22224
winter,Forecasted,2024-01-15T03:10:00.000+01:00,22197
winter,Forecasted,2024-01-15T03:15:00.000+01:00,22162
winter,Forecasted,2024-01-15T03:20:00.000+01:00,22128
winter,Forecasted,2024-01-15T03:25:00.000+01:00,22104
winter,Forecasted,2024-01-15T03:30:00.000+01:00,22089
winter,Forecasted,2024-01-15T03:35:00.000+01:00,22075
winter,Forecasted,2024-01-15T03:40:00.000+01:00,22051
winter,Forecasted,2024-01-15T03:45:00.000+01:00,22018
winter,Forecasted,2024-01-15T03:50:00.000+01:00,22006
winter,Forecasted,2024-01-15T03:55:00.000+01:00,22045
winter,Forecasted,2024-01-15T04:00:00.000+01:00,22137
winter,Forecasted,2024-01-15T04:05:00.000+01:00,22230
winter,Forecasted,2024-01-15T04:10:00.000+01:00,22274
winter,Forecasted,2024-01-15T04:15:00.000+01:00,22269
winter,Forecasted,2024-01-15T04:20:00.000+01:00,22247
winter,Forecasted,2024-01-15T04:25:00.000+01:00,22242
winter,Forecasted,2024-01-15T04:30:00.000+01:00,22252
winter,Forecasted,2024-01-15T04:35:00.000+01:00,22282
winter,Forecasted,2024-01-15T04:40:00.000+01:00,22337
winter,Forecasted,2024-01-15T04:45:00.000+01:00,22416
winter,Forecasted,2024-01-15T04:50:00.000+01:00,22479
winter,Forecasted,2024-01-15T04:55:00.000+01:00,22483
winter,Forecasted,2024-01-15T05:00:00.000+01:00,22429
winter,Forecasted,2024-01-15T05:05:00.000+01:00,22391
winter,Forecasted,2024-01-15T05:10:00.000+01:00,22445
winter,Forecasted,2024-01-15T05:15:00.000+01:00,22588
winter,Forecasted,2024-01-15T05:20:00.000+01:00,22775
winter,Forecasted,2024-01-15T05:25:00.000+01:00,22955
winter,Forecasted,2024-01-15T05:30:00.000+01:00,23129
winter,Forecasted,2024-01-15T05:35:00.000+01:00,23317
winter,Forecasted,2024-01-15T05:40:00.000+01:00,23536
winter,Forecasted,2024-01-15T05:45:00.000+01:00,23786
winter,Forecasted,2024-01-15T05:50:00.000+01:00,24043
winter,Forecasted,2024-01-15T05:55:00.000+01:00,24279
winter,Forecasted,2024-01-15T06:00:00.000+01:00,24494
winter,Forecasted,2024-01-15T06:05:00.000+01:00,24731
winter,Forecasted,2024-01-15T06:10:00.000+01:00,25034
winter,Forecasted,2024-01-15T06:15:00.000+01:00,25402
winter,Forecasted,2024-01-15T06:20:00.000+01:00,25807
winter,Forecasted,2024-01-15T06:25:00.000+01:00,26221
winter,Forecasted,2024-01-15T06:30:00.000+01:00,26644
winter,Forecasted,2024-01-15T06:35:00.000+01:00,27058
winter,Forecasted,2024-01-15T06:40:00.000+01:00,27446
winter,Forecasted,2024-01-15T06:45:00.000+01:00,27807
winter,Forecasted,2024-01-15T06:50:00.000+01:00,28217
winter,Forecasted,2024-01-15T06:55:00.000+01:00,28752
winter,Forecasted,2024-01-15T07:00:00.000+01:00,29412
winter,Forecasted,2024-01-15T07:05:00.000+01:00,30058
winter,Forecasted,2024-01-15T07:10:00.000+01:00,30553
winter,Forecasted,2024-01-15T07:15:00.000+01:00,30897
winter,Forecasted,2024-01-15T07:20:00.000+01:00,31186
winter,Forecasted,2024-01-15T07:25:00.000+01:00,31516
winter,Forecasted,2024-01-15T07:30:00.000+01:00,31887
winter,Forecasted,2024-01-15T07:35:00.000+01:00,32231
winter,Forecasted,2024-01-15T07:40:00.000+01:00,32478
winter,Forecasted,2024-01-15T07:45:00.000+01:00,32629
winter,Forecasted,2024-01-15T07:50:00.000+01:00,32858
winter,Forecasted,2024-01-15T07:55:00.000+01:00,33340
winter,Forecasted,2024-01-15T08:00:00.000+01:00,34073
winter,Forecasted,2024-01-15T08:05:00.000+01:00,34785
winter,Forecasted,2024-01-15T08:10:00.000+01:00,35199
winter,Forecasted,2024-01-15T08:15:00.000+01:00,35315
winter,Forecasted,2024-01-15T08:20:00.000+01:00,35311
winter,Forecasted,2024-01-15T08:25:00.000+01:00,35360
winter,Forecasted,2024-01-15T08:30:00.000+01:00,35464
winter,Forecasted,2024-01-15T08:35:00.000+01:00,35579
winter,Forecasted,2024-01-15T08:40:00.000+01:00,35663
winter,Forecasted,2024-01-15T08:45:00.000+01:00,35714
winter,Forecasted,2024-01-15T08:50:00.000+01:00,35742
winter,Forecasted,2024-01-15T08:55:00.000+01:00,35755
winter,Forecasted,2024-01-15T09:00:00.000+01:00,35754
winter,Forecasted,2024-01-15T09:05:00.000+01:00,35751
winter,Forecasted,2024-01-15T09:10:00.000+01:00,35763
winter,Forecasted,2024-01-15T09:15:00.000+01:00,35789
winter,Forecasted,2024-01-15T09:20:00.000+01:00,35817
winter,Forecasted,2024-01-15T09:25:00.000+01:00,35834
winter,Forecasted,2024-01-15T09:30:00.000+01:00,35841
winter,Forecasted,2024-01-15T09:35:00.000+01:00,35843
winter,Forecasted,2024-01-15T09:40:00.000+01:00,35848
winter,Forecasted,2024-01-15T09:45:00.000+01:00,35855
winter,Forecasted,2024-01-15T09:50:00.000+01:00,35852
winter,Forecasted,2024-01-15T09:55:00.000+01:00,35828
winter,Forecasted,2024-01-15T10:00:00.000+01:00,35782
winter,Forecasted,2024-01-15T10:05:00.000+01:00,35734
winter,Forecasted,2024-01-15T10:10:00.000+01:00,35701
winter,Forecasted,2024-01-15T10:15:00.000+01:00,35683
winter,Forecasted,2024-01-15T10:20:00.000+01:00,35673
winter,Forecasted,2024-01-15T10:25:00.000+01:00,35659
winter,Forecasted,2024-01-15T10:30:00.000+01:00,35642
winter,Forecasted,2024-01-15T10:35:00.000+01:00,35614
winter,Forecasted,2024-01-15T10:40:00.000+01:00,35567
winter,Forecasted,2024-01-15T10:45:00.000+01:00,35502
winter,Forecasted,2024-01-15T10:50:00.000+01:00,35461
winter,Forecasted,2024-01-15T10:55:00.000+01:00,35488
winter,Forecasted,2024-01-15T11:00:00.000+01:00,35583
winter,Forecasted,2024-01-15T11:05:00.000+01:00,35677
winter,Forecasted,2024-01-15T11:10:00.000+01:00,35700
winter,Forecasted,2024-01-15T11:15:00.000+01:00,35652
winter,Forecasted,2024-01-15T11:20:00.000+01:00,35582
winter,Forecasted,2024-01-15T11:25:00.000+01:00,35537
winter,Forecasted,2024-01-15T11:30:00.000+01:00,35519
winter,Forecasted,2024-01-15T11:35:00.000+01:00,35498
winter,Forecasted,2024-01-15T11:40:00.000+01:00,35450
winter,Forecasted,2024-01-15T11:45:00.000+01:00,35372
winter,Forecasted,2024-01-15T11:50:00.000+01:00,35328
winter,Forecasted,2024-01-15T11:55:00.000+01:00,35381
winter,Forecasted,2024-01-15T12:00:00.000+01:00,35529
winter,Forecasted,2024-01-15T12:05:00.000+01:00,35680
winter,Forecasted,2024-01-15T12:10:00.000+01:00,35740
winter,Forecasted,2024-01-15T12:15:00.000+01:00,35708
winter,Forecasted,2024-01-15T12:20:00.000+01:00,35647
winter,Forecasted,2024-01-15T12:25:00.000+01:00,35617
winter,Forecasted,2024-01-15T12:30:00.000+01:00,35618
winter,Forecasted,2024-01-15T12:35:00.000+01:00,35624
winter,Forecasted,2024-01-15T12:40:00.000+01:00,35607
winter,Forecasted,2024-01-15T12:45:00.000+01:00,35566
winter,Forecasted,2024-01-15T12:50:00.000+01:00,35549
winter,Forecasted,2024-01-15T12:55:00.000+01:00,35601
winter,Forecasted,2024-01-15T13:00:00.000+01:00,35722
winter,Forecasted,2024-01-15T13:05:00.000+01:00,35839
winter,Forecasted,2024-01-15T13:10:00.000+01:00,35879
winter,Forecasted,2024-01-15T13:15:00.000+01:00,35843
winter,Forecasted,2024-01-15T13:20:00.000+01:00,35780
winter,Forecasted,2024-01-15T13:25:00.000+01:00,35741
winter,Forecasted,2024-01-15T13:30:00.000+01:00,35725
winter,Forecasted,2024-01-15T13:35:00.000+01:00,35705
winter,Forecasted,2024-01-15T13:40:00.000+01:00,35653
winter,Forecasted,2024-01-15T13:45:00.000+01:00,35570
winter,Forecasted,2024-01-15T13:50:00.000+01:00,35518
winter,Forecasted,2024-01-15T13:55:00.000+01:00,35561
winter,Forecasted,2024-01-15T14:00:00.000+01:00,35700
winter,Forecasted,2024-01-15T14:05:00.000+01:00,35841
winter,Forecasted,2024-01-15T14:10:00.000+01:00,35890
winter,Forecasted,2024-01-15T14:15:00.000+01:00,35847
winter,Forecasted,2024-01-15T14:20:00.000+01:00,35771
winter,Forecasted,2024-01-15T14:25:00.000+01:00,35723
winter,Forecasted,2024-01-15T14:30:00.000+01:00,35701
winter,Forecasted,2024-01-15T14:35:00.000+01:00,35688
winter,Forecasted,2024-01-15T14:40:00.000+01:00,35666
winter,Forecasted,2024-01-15T14:45:00.000+01:00,35634
winter,Forecasted,2024-01-15T14:50:00.000+01:00,35607
winter,Forecasted,2024-01-15T14:55:00.000+01:00,35598
winter,Forecasted,2024-01-15T15:00:00.000+01:00,35608
winter,Forecasted,2024-01-15T15:05:00.000+01:00,35618
winter,Forecasted,2024-01-15T15:10:00.000+01:00,35611
winter,Forecasted,2024-01-15T15:15:00.000+01:00,35587
winter,Forecasted,2024-01-15T15:20:00.000+01:00,35555
winter,Forecasted,2024-01-15T15:25:00.000+01:00,35527
winter,Forecasted,2024-01-15T15:30:00.000+01:00,35501
winter,Forecasted,2024-01-15T15:35:00.000+01:00,35484
winter,Forecasted,2024-01-15T15:40:00.000+01:00,35481
winter,Forecasted,2024-01-15T15:45:00.000+01:00,35492
winter,Forecasted,2024-01-15T15:50:00.000+01:00,35487
winter,Forecasted,2024-01-15T15:55:00.000+01:00,35437
winter,Forecasted,2024-01-15T16:00:00.000+01:00,35341
winter,Forecasted,2024-01-15T16:05:00.000+01:00,35249
winter,Forecasted,2024-01-15T16:10:00.000+01:00,35213
winter,Forecasted,2024-01-15T16:15:00.000+01:00,35231
winter,Forecasted,2024-01-15T16:20:00.000+01:00,35269
winter,Forecasted,2024-01-15T16:25:00.000+01:00,35292
winter,Forecasted,2024-01-15T16:30:00.000+01:00,35300
winter,Forecasted,2024-01-15T16:35:00.000+01:00,35319
winter,Forecasted,2024-01-15T16:40:00.000+01:00,35377
winter,Forecasted,2024-01-15T16:45:00.000+01:00,35474
winter,Forecasted,2024-01-15T16:50:00.000+01:00,35537
winter,Forecasted,2024-01-15T16:55:00.000+01:00,35496
winter,Forecasted,2024-01-15T17:00:00.000+01:00,35349
winter,Forecasted,2024-01-15T17:05:00.000+01:00,35209
winter,Forecasted,2024-01-15T17:10:00.000+01:00,35187
winter,Forecasted,2024-01-15T17:15:00.000+01:00,35284
winter,Forecasted,2024-01-15T17:20:00.000+01:00,35424
winter,Forecasted,2024-01-15T17:25:00.000+01:00,35534
winter,Forecasted,2024-01-15T17:30:00.000+01:00,35613
winter,Forecasted,2024-01-15T17:35:00.000+01:00,35690
winter,Forecasted,2024-01-15T17:40:00.000+01:00,35794
winter,Forecasted,2024-01-15T17:45:00.000+01:00,35924
winter,Forecasted,2024-01-15T17:50:00.000+01:00,36039
winter,Forecasted,2024-01-15T17:55:00.000+01:00,36095
winter,Forecasted,2024-01-15T18:00:00.000+01:00,36093
winter,Forecasted,2024-01-15T18:05:00.000+01:00,36093
winter,Forecasted,2024-01-15T18:10:00.000+01:00,36154
winter,Forecasted,2024-01-15T18:15:00.000+01:00,36275
winter,Forecasted,2024-01-15T18:20:00.000+01:00,36415
winter,Forecasted,2024-01-15T18:25:00.000+01:00,36529
winter,Forecasted,2024-01-15T18:30:00.000+01:00,36619
winter,Forecasted,2024-01-15T18:35:00.000+01:00,36709
winter,Forecasted,2024-01-15T18:40:00.000+01:00,36824
winter,Forecasted,2024-01-15T18:45:00.000+01:00,36966
winter,Forecasted,2024-01-15T18:50:00.000+01:00,37075
winter,Forecasted,2024-01-15T18:55:00.000+01:00,37092
winter,Forecasted,2024-01-15T19:00:00.000+01:00,37017
winter,Forecasted,2024-01-15T19:05:00.000+01:00,36943
winter,Forecasted,2024-01-15T19:10:00.000+01:00,36960
winter,Forecasted,2024-01-15T19:15:00.000+01:00,37068
winter,Forecasted,2024-01-15T19:20:00.000+01:00,37210
winter,Forecasted,2024-01-15T19:25:00.000+01:00,37328
winter,Forecasted,2024-01-15T19:30:00.000+01:00,37420
winter,Forecasted,2024-01-15T19:35:00.000+01:00,37492
winter,Forecasted,2024-01-15T19:40:00.000+01:00,37546
winter,Forecasted,2024-01-15T19:45:00.000+01:00,37583
winter,Forecasted,2024-01-15T19:50:00.000+01:00,37639
winter,Forecasted,2024-01-15T19:55:00.000+01:00,37751
winter,Forecasted,2024-01-15T20:00:00.000+01:00,37918
winter,Forecasted,2024-01-15T20:05:00.000+01:00,38071
winter,Forecasted,2024-01-15T20:10:00.000+01:00,38142
winter,Forecasted,2024-01-15T20:15:00.000+01:00,38131
winter,Forecasted,2024-01-15T20:20:00.000+01:00,38082
winter,Forecasted,2024-01-15T20:25:00.000+01:00,38039
winter,Forecasted,2024-01-15T20:30:00.000+01:00,38002
winter,Forecasted,2024-01-15T20:35:00.000+01:00,37951
winter,Forecasted,2024-01-15T20:40:00.000+01:00,37864
winter,Forecasted,2024-01-15T20:45:00.000+01:00,37741
winter,Forecasted,2024-01-15T20:50:00.000+01:00,37621
winter,Forecasted,2024-01-15T20:55:00.000+01:00,37542
winter,Forecasted,2024-01-15T21:00:00.000+01:00,37505
winter,Forecasted,2024-01-15T21:05:00.000+01:00,37447
winter,Forecasted,2024-01-15T21:10:00.000+01:00,37308
winter,Forecasted,2024-01-15T21:15:00.000+01:00,37087
winter,Forecasted,2024-01-15T21:20:00.000+01:00,36827
winter,Forecasted,2024-01-15T21:25:00.000+01:00,36571
winter,Forecasted,2024-01-15T21:30:00.000+01:00,36318
winter,Forecasted,2024-01-15T21:35:00.000+01:00,36059
winter,Forecasted,2024-01-15T21:40:00.000+01:00,35781
winter,Forecasted,2024-01-15T21:45:00.000+01:00,35486
winter,Forecasted,2024-01-15T21:50:00.000+01:00,35185
winter,Forecasted,2024-01-15T21:55:00.000+01:00,34890
winter,Forecasted,2024-01-15T22:00:00.000+01:00,34602
winter,Forecasted,2024-01-15T22:05:00.000+01:00,34311
winter,Forecasted,2024-01-15T22:10:00.000+01:00,34010
winter,Forecasted,2024-01-15T22:15:00.000+01:00,33699
winter,Forecasted,2024-01-15T22:20:00.000+01:00,33383
winter,Forecasted,2024-01-15T22:25:00.000+01:00,33067
winter,Forecasted,2024-01-15T22:30:00.000+01:00,32751
winter,Forecasted,2024-01-15T22:35:00.000+01:00,32441
winter,Forecasted,2024-01-15T22:40:00.000+01:00,32145
winter,Forecasted,2024-01-15T22:45:00.000+01:00,31862
winter,Forecasted,2024-01-15T22:50:00.000+01:00,31568
winter,Forecasted,2024-01-15T22:55:00.000+01:00,31241
winter,Forecasted,2024-01-15T23:00:00.000+01:00,30880
winter,Forecasted,2024-01-15T23:05:00.000+01:00,30532
winter,Forecasted,2024-01-15T23:10:00.000+01:00,30242
winter,Forecasted,2024-01-15T23:15:00.000+01:00,30011
winter,Forecasted,2024-01-15T23:20:00.000+01:00,29807
winter,Forecasted,2024-01-15T23:25:00.000+01:00,29600
winter,Forecasted,2024-01-15T23:30:00.000+01:00,29390
winter,Forecasted,2024-01-15T23:35:00.000+01:00,29183
winter,Forecasted,2024-01-15T23:40:00.000+01:00,28989
winter,Forecasted,2024-01-15T23:45:00.000+01:00,28807
winter,Forecasted,2024-01-15T23:50:00.000+01:00,28629
winter,Forecasted,2024-01-15T23:55:00.000+01:00,28449
winter,Scheduled,2024-01-15T00:00:00.000+01:00,26030
winter,Scheduled,2024-01-15T00:05:00.000+01:00,26030
winter,Scheduled,2024-01-15T00:10:00.000+01:00,26030
winter,Scheduled,2024-01-15T00:15:00.000+01:00,25730
winter,Scheduled,2024-01-15T00:20:00.000+01:00,25730
winter,Scheduled,2024-01-15T00:25:00.000+01:00,25730
winter,Scheduled,2024-01-15T00:30:00.000+01:00,25200
winter,Scheduled,2024-01-15T00:35:00.000+01:00,25200
winter,Scheduled,2024-01-15T00:40:00.000+01:00,25200
winter,Scheduled,2024-01-15T00:45:00.000+01:00,24620
winter,Scheduled,2024-01-15T00:50:00.000+01:00,24620
winter,Scheduled,2024-01-15T00:55:00.000+01:00,24620
winter,Scheduled,2024-01-15T01:00:00.000+01:00,24175
winter,Scheduled,2024-01-15T01:05:00.000+01:00,24175
winter,Scheduled,2024-01-15T01:10:00.000+01:00,24175
winter,Scheduled,2024-01-15T01:15:00.000+01:00,23775
winter,Scheduled,2024-01-15T01:20:00.000+01:00,23775
winter,Scheduled,2024-01-15T01:25:00.000+01:00,23775
winter,Scheduled,2024-01-15T01:30:00.000+01:00,23365
winter,Scheduled,2024-01-15T01:35:00.000+01:00,23365
winter,Scheduled,2024-01-15T01:40:00.000+01:00,23365
winter,Scheduled,2024-01-15T01:45:00.000+01:00,23085
winter,Scheduled,2024-01-15T01:50:00.000+01:00,23085
winter,Scheduled,2024-01-15T01:55:00.000+01:00,23085
winter,Scheduled,2024-01-15T02:00:00.000+01:00,22828
winter,Scheduled,2024-01-15T02:05:00.000+01:00,22828
winter,Scheduled,2024-01-15T02:10:00.000+01:00,22828
winter,Scheduled,2024-01-15T02:15:00.000+01:00,22837
winter,Scheduled,2024-01-15T02:20:00.000+01:00,22837
winter,Scheduled,2024-01-15T02:25:00.000+01:00,22837
winter,Scheduled,2024-01-15T02:30:00.000+01:00,22708
winter,Scheduled,2024-01-15T02:35:00.000+01:00,22708
winter,Scheduled,2024-01-15T02:40:00.000+01:00,22708
winter,Scheduled,2024-01-15T02:45:00.000+01:00,22609
winter,Scheduled,2024-01-15T02:50:00.000+01:00,22609
winter,Scheduled,2024-01-15T02:55:00.000+01:00,22609
winter,Scheduled,2024-01-15T03:00:00.000+01:00,22460
winter,Scheduled,2024-01-15T03:05:00.000+01:00,22460
winter,Scheduled,2024-01-15T03:10:00.000+01:00,22460
winter,Scheduled,2024-01-15T03:15:00.000+01:00,22461
winter,Scheduled,2024-01-15T03:20:00.000+01:00,22461
winter,Scheduled,2024-01-15T03:25:00.000+01:00,22461
winter,Scheduled,2024-01-15T03:30:00.000+01:00,22460
winter,Scheduled,2024-01-15T03:35:00.000+01:00,22460
winter,Scheduled,2024-01-15T03:40:00.000+01:00,22460
winter,Scheduled,2024-01-15T03:45:00.000+01:00,22458
winter,Scheduled,2024-01-15T03:50:00.000+01:00,22458
winter,Scheduled,2024-01-15T03:55:00.000+01:00,22458
winter,Scheduled,2024-01-15T04:00:00.000+01:00,22282
winter,Scheduled,2024-01-15T04:05:00.000+01:00,22282
winter,Scheduled,2024-01-15T04:10:00.000+01:00,22282
winter,Scheduled,2024-01-15T04:15:00.000+01:00,22286
winter,Scheduled,2024-01-15T04:20:00.000+01:00,22286
winter,Scheduled,2024-01-15T04:25:00.000+01:00,22286
winter,Scheduled,2024-01-15T04:30:00.000+01:00,22353
winter,Scheduled,2024-01-15T04:35:00.000+01:00,22353
winter,Scheduled,2024-01-15T04:40:00.000+01:00,22353
winter,Scheduled,2024-01-15T04:45:00.000+01:00,22501
winter,Scheduled,2024-01-15T04:50:00.000+01:00,22501
winter,Scheduled,2024-01-15T04:55:00.000+01:00,22501
winter,Scheduled,2024-01-15T05:00:00.000+01:00,22492
winter,Scheduled,2024-01-15T05:05:00.000+01:00,22492
winter,Scheduled,2024-01-15T05:10:00.000+01:00,22492
winter,Scheduled,2024-01-15T05:15:00.000+01:00,23217
winter,Scheduled,2024-01-15T05:20:00.000+01:00,23217
winter,Scheduled,2024-01-15T05:25:00.000+01:00,23217
winter,Scheduled,2024-01-15T05:30:00.000+01:00,23767
winter,Scheduled,2024-01-15T05:35:00.000+01:00,23767
winter,Scheduled,2024-01-15T05:40:00.000+01:00,23767
winter,Scheduled,2024-01-15T05:45:00.000+01:00,24177
winter,Scheduled,2024-01-15T05:50:00.000+01:00,24177
winter,Scheduled,2024-01-15T05:55:00.000+01:00,24177
winter,Scheduled,2024-01-15T06:00:00.000+01:00,25029
winter,Scheduled,2024-01-15T06:05:00.000+01:00,25029
winter,Scheduled,2024-01-15T06:10:00.000+01:00,25029
winter,Scheduled,2024-01-15T06:15:00.000+01:00,26539
winter,Scheduled,2024-01-15T06:20:00.000+01:00,26539
winter,Scheduled,2024-01-15T06:25:00.000+01:00,26539
winter,Scheduled,2024-01-15T06:30:00.000+01:00,27799
winter,Scheduled,2024-01-15T06:35:00.000+01:00,27799
winter,Scheduled,2024-01-15T06:40:00.000+01:00,27799
winter,Scheduled,2024-01-15T06:45:00.000+01:00,28489
winter,Scheduled,2024-01-15T06:50:00.000+01:00,28489
winter,Scheduled,2024-01-15T06:55:00.000+01:00,28489
winter,Scheduled,2024-01-15T07:00:00.000+01:00,30540
winter,Scheduled,2024-01-15T07:05:00.000+01:00,30540
winter,Scheduled,2024-01-15T07:10:00.000+01:00,30540
winter,Scheduled,2024-01-15T07:15:00.000+01:00,31929
winter,Scheduled,2024-01-15T07:20:00.000+01:00,31929
winter,Scheduled,2024-01-15T07:25:00.000+01:00,31929
winter,Scheduled,2024-01-15T07:30:00.000+01:00,33222
winter,Scheduled,2024-01-15T07:35:00.000+01:00,33222
winter,Scheduled,2024-01-15T07:40:00.000+01:00,33222
winter,Scheduled,2024-01-15T07:45:00.000+01:00,33807
winter,Scheduled,2024-01-15T07:50:00.000+01:00,33807
winter,Scheduled,2024-01-15T07:55:00.000+01:00,33807
winter,Scheduled,2024-01-15T08:00:00.000+01:00,34972
winter,Scheduled,2024-01-15T08:05:00.000+01:00,34972
winter,Scheduled,2024-01-15T08:10:00.000+01:00,34972
winter,Scheduled,2024-01-15T08:15:00.000+01:00,35562
winter,Scheduled,2024-01-15T08:20:00.000+01:00,35562
winter,Scheduled,2024-01-15T08:25:00.000+01:00,35562
winter,Scheduled,2024-01-15T08:30:00.000+01:00,35580
winter,Scheduled,2024-01-15T08:35:00.000+01:00,35580
winter,Scheduled,2024-01-15T08:40:00.000+01:00,35580
winter,Scheduled,2024-01-15T08:45:00.000+01:00,35471
winter,Scheduled,2024-01-15T08:50:00.000+01:00,35471
winter,Scheduled,2024-01-15T08:55:00.000+01:00,35471
winter,Scheduled,2024-01-15T09:00:00.000+01:00,35829
winter,Scheduled,2024-01-15T09:05:00.000+01:00,35829
winter,Scheduled,2024-01-15T09:10:00.000+01:00,35829
winter,Scheduled,2024-01-15T09:15:00.000+01:00,35883
winter,Scheduled,2024-01-15T09:20:00.000+01:00,35883
winter,Scheduled,2024-01-15T09:25:00.000+01:00,35883
winter,Scheduled,2024-01-15T09:30:00.000+01:00,35893
winter,Scheduled,2024-01-15T09:35:00.000+01:00,35893
winter,Scheduled,2024-01-15T09:40:00.000+01:00,35893
winter,Scheduled,2024-01-15T09:45:00.000+01:00,36164
winter,Scheduled,2024-01-15T09:50:00.000+01:00,36164
winter,Scheduled,2024-01-15T09:55:00.000+01:00,36164
winter,Scheduled,2024-01-15T10:00:00.000+01:00,36486
winter,Scheduled,2024-01-15T10:05:00.000+01:00,36486
winter,Scheduled,2024-01-15T10:10:00.000+01:00,36486
winter,Scheduled,2024-01-15T10:15:00.000+01:00,36320
winter,Scheduled,2024-01-15T10:20:00.000+01:00,36320
winter,Scheduled,2024-01-15T10:25:00.000+01:00,36320
winter,Scheduled,2024-01-15T10:30:00.000+01:00,36225
winter,Scheduled,2024-01-15T10:35:00.000+01:00,36225
winter,Scheduled,2024-01-15T10:40:00.000+01:00,36225
winter,Scheduled,2024-01-15T10:45:00.000+01:00,36130
winter,Scheduled,2024-01-15T10:50:00.000+01:00,36130
winter,Scheduled,2024-01-15T10:55:00.000+01:00,36130
winter,Scheduled,2024-01-15T11:00:00.000+01:00,36231
winter,Scheduled,2024-01-15T11:05:00.000+01:00,36231
winter,Scheduled,2024-01-15T11:10:00.000+01:00,36231
winter,Scheduled,2024-01-15T11:15:00.000+01:00,36078
winter,Scheduled,2024-01-15T11:20:00.000+01:00,36078
winter,Scheduled,2024-01-15T11:25:00.000+01:00,36078
winter,Scheduled,2024-01-15T11:30:00.000+01:00,35931
winter,Scheduled,2024-01-15T11:35:00.000+01:00,35931
winter,Scheduled,2024-01-15T11:40:00.000+01:00,35931
winter,Scheduled,2024-01-15T11:45:00.000+01:00,35948
winter,Scheduled,2024-01-15T11:50:00.000+01:00,35948
winter,Scheduled,2024-01-15T11:55:00.000+01:00,35948
winter,Scheduled,2024-01-15T12:00:00.000+01:00,36032
winter,Scheduled,2024-01-15T12:05:00.000+01:00,36032
winter,Scheduled,2024-01-15T12:10:00.000+01:00,36032
winter,Scheduled,2024-01-15T12:15:00.000+01:00,36082
winter,Scheduled,2024-01-15T12:20:00.000+01:00,36082
winter,Scheduled,2024-01-15T12:25:00.000+01:00,36082
winter,Scheduled,2024-01-15T12:30:00.000+01:00,36146
winter,Scheduled,2024-01-15T12:35:00.000+01:00,36146
winter,Scheduled,2024-01-15T12:40:00.000+01:00,36146
winter,Scheduled,2024-01-15T12:45:00.000+01:00,36135
winter,Scheduled,2024-01-15T12:50:00.000+01:00,36135
winter,Scheduled,2024-01-15T12:55:00.000+01:00,36135
winter,Scheduled,2024-01-15T13:00:00.000+01:00,36378
winter,Scheduled,2024-01-15T13:05:00.000+01:00,36378
winter,Scheduled,2024-01-15T13:10:00.000+01:00,36378
winter,Scheduled,2024-01-15T13:15:00.000+01:00,36348
winter,Scheduled,2024-01-15T13:20:00.000+01:00,36348
winter,Scheduled,2024-01-15T13:25:00.000+01:00,36348
winter,Scheduled,2024-01-15T13:30:00.000+01:00,36285
winter,Scheduled,2024-01-15T13:35:00.000+01:00,36285
winter,Scheduled,2024-01-15T13:40:00.000+01:00,36285
winter,Scheduled,2024-01-15T13:45:00.000+01:00,36125
winter,Scheduled,2024-01-15T13:50:00.000+01:00,36125
winter,Scheduled,2024-01-15T13:55:00.000+01:00,36125
winter,Scheduled,2024-01-15T14:00:00.000+01:00,36100
winter,Scheduled,2024-01-15T14:05:00.000+01:00,36100
winter,Scheduled,2024-01-15T14:10:00.000+01:00,36100
winter,Scheduled,2024-01-15T14:15:00.000+01:00,36290
winter,Scheduled,2024-01-15T14:20:00.000+01:00,36290
winter,Scheduled,2024-01-15T14:25:00.000+01:00,36290
winter,Scheduled,2024-01-15T14:30:00.000+01:00,36250
winter,Scheduled,2024-01-15T14:35:00.000+01:00,36250
winter,Scheduled,2024-01-15T14:40:00.000+01:00,36250
winter,Scheduled,2024-01-15T14:45:00.000+01:00,36030
winter,Scheduled,2024-01-15T14:50:00.000+01:00,36030
winter,Scheduled,2024-01-15T14:55:00.000+01:00,36030
winter,Scheduled,2024-01-15T15:00:00.000+01:00,35481
winter,Scheduled,2024-01-15T15:05:00.000+01:00,35481
winter,Scheduled,2024-01-15T15:10:00.000+01:00,35481
winter,Scheduled,2024-01-15T15:15:00.000+01:00,35391
winter,Scheduled,2024-01-15T15:20:00.000+01:00,35391
winter,Scheduled,2024-01-15T15:25:00.000+01:00,35391
winter,Scheduled,2024-01-15T15:30:00.000+01:00,35411
winter,Scheduled,2024-01-15T15:35:00.000+01:00,35411
winter,Scheduled,2024-01-15T15:40:00.000+01:00,35411
winter,Scheduled,2024-01-15T15:45:00.000+01:00,35351
winter,Scheduled,2024-01-15T15:50:00.000+01:00,35351
winter,Scheduled,2024-01-15T15:55:00.000+01:00,35351
winter,Scheduled,2024-01-15T16:00:00.000+01:00,34987
winter,Scheduled,2024-01-15T16:05:00.000+01:00,34987
winter,Scheduled,2024-01-15T16:10:00.000+01:00,34987
winter,Scheduled,2024-01-15T16:15:00.000+01:00,34927
winter,Scheduled,2024-01-15T16:20:00.000+01:00,34927
winter,Scheduled,2024-01-15T16:25:00.000+01:00,34927
winter,Scheduled,2024-01-15T16:30:00.000+01:00,34917
winter,Scheduled,2024-01-15T16:35:00.000+01:00,34917
winter,Scheduled,2024-01-15T16:40:00.000+01:00,34917
winter,Scheduled,2024-01-15T16:45:00.000+01:00,34957
winter,Scheduled,2024-01-15T16:50:00.000+01:00,34957
winter,Scheduled,2024-01-15T16:55:00.000+01:00,34957
winter,Scheduled,2024-01-15T17:00:00.000+01:00,35069
winter,Scheduled,2024-01-15T17:05:00.000+01:00,35069
winter,Scheduled,2024-01-15T17:10:00.000+01:00,35069
winter,Scheduled,2024-01-15T17:15:00.000+01:00,35113
winter,Scheduled,2024-01-15T17:20:00.000+01:00,35113
winter,Scheduled,2024-01-15T17:25:00.000+01:00,35113
winter,Scheduled,2024-01-15T17:30:00.000+01:00,35343
winter,Scheduled,2024-01-15T17:35:00.000+01:00,35343
winter,Scheduled,2024-01-15T17:40:00.000+01:00,35343
winter,Scheduled,2024-01-15T17:45:00.000+01:00,35543
winter,Scheduled,2024-01-15T17:50:00.000+01:00,35543
winter,Scheduled,2024-01-15T17:55:00.000+01:00,35543
winter,Scheduled,2024-01-15T18:00:00.000+01:00,35904
winter,Scheduled,2024-01-15T18:05:00.000+01:00,35904
winter,Scheduled,2024-01-15T18:10:00.000+01:00,35904
winter,Scheduled,2024-01-15T18:15:00.000+01:00,36214
winter,Scheduled,2024-01-15T18:20:00.000+01:00,36214
winter,Scheduled,2024-01-15T18:25:00.000+01:00,36214
winter,Scheduled,2024-01-15T18:30:00.000+01:00,36604
winter,Scheduled,2024-01-15T18:35:00.000+01:00,36604
winter,Scheduled,2024-01-15T18:40:00.000+01:00,36604
winter,Scheduled,2024-01-15T18:45:00.000+01:00,36874
winter,Scheduled,2024-01-15T18:50:00.000+01:00,36874
winter,Scheduled,2024-01-15T18:55:00.000+01:00,36874
winter,Scheduled,2024-01-15T19:00:00.000+01:00,37179
winter,Scheduled,2024-01-15T19:05:00.000+01:00,37179
winter,Scheduled,2024-01-15T19:10:00.000+01:00,37179
winter,Scheduled,2024-01-15T19:15:00.000+01:00,37403
winter,Scheduled,2024-01-15T19:20:00.000+01:00,37403
winter,Scheduled,2024-01-15T19:25:00.000+01:00,37403
winter,Scheduled,2024-01-15T19:30:00.000+01:00,37600
winter,Scheduled,2024-01-15T19:35:00.000+01:00,37600
winter,Scheduled,2024-01-15T19:40:00.000+01:00,37600
winter,Scheduled,2024-01-15T19:45:00.000+01:00,37625
winter,Scheduled,2024-01-15T19:50:00.000+01:00,37625
winter,Scheduled,2024-01-15T19:55:00.000+01:00,37625
winter,Scheduled,2024-01-15T20:00:00.000+01:00,37851
winter,Scheduled,2024-01-15T20:05:00.000+01:00,37851
winter,Scheduled,2024-01-15T20:10:00.000+01:00,37851
winter,Scheduled,2024-01-15T20:15:00.000+01:00,37861
winter,Scheduled,2024-01-15T20:20:00.000+01:00,37861
winter,Scheduled,2024-01-15T20:25:00.000+01:00,37861
winter,Scheduled,2024-01-15T20:30:00.000+01:00,37781
winter,Scheduled,2024-01-15T20:35:00.000+01:00,37781
winter,Scheduled,2024-01-15T20:40:00.000+01:00,37781
winter,Scheduled,2024-01-15T20:45:00.000+01:00,37731
winter,Scheduled,2024-01-15T20:50:00.000+01:00,37731
winter,Scheduled,2024-01-15T20:55:00.000+01:00,37731
winter,Scheduled,2024-01-15T21:00:00.000+01:00,37276
winter,Scheduled,2024-01-15T21:05:00.000+01:00,37276
winter,Scheduled,2024-01-15T21:10:00.000+01:00,37276
winter,Scheduled,2024-01-15T21:15:00.000+01:00,36646
winter,Scheduled,2024-01-15T21:20:00.000+01:00,36646
winter,Scheduled,2024-01-15T21:25:00.000+01:00,36646
winter,Scheduled,2024-01-15T21:30:00.000+01:00,35886
winter,Scheduled,2024-01-15T21:35:00.000+01:00,35886
winter,Scheduled,2024-01-15T21:40:00.000+01:00,35886
winter,Scheduled,2024-01-15T21:45:00.000+01:00,35256
winter,Scheduled,2024-01-15T21:50:00.000+01:00,35256
winter,Scheduled,2024-01-15T21:55:00.000+01:00,35256
winter,Scheduled,2024-01-15T22:00:00.000+01:00,34150
winter,Scheduled,2024-01-15T22:05:00.000+01:00,34150
winter,Scheduled,2024-01-15T22:10:00.000+01:00,34150
winter,Scheduled,2024-01-15T22:15:00.000+01:00,33170
winter,Scheduled,2024-01-15T22:20:00.000+01:00,33170
winter,Scheduled,2024-01-15T22:25:00.000+01:00,33170
winter,Scheduled,2024-01-15T22:30:00.000+01:00,32040
winter,Scheduled,2024-01-15T22:35:00.000+01:00,32040
winter,Scheduled,2024-01-15T22:40:00.000+01:00,32040
winter,Scheduled,2024-01-15T22:45:00.000+01:00,31365
winter,Scheduled,2024-01-15T22:50:00.000+01:00,31365
winter,Scheduled,2024-01-15T22:55:00.000+01:00,31365
winter,Scheduled,2024-01-15T23:00:00.000+01:00,30379
winter,Scheduled,2024-01-15T23:05:00.000+01:00,30379
winter,Scheduled,2024-01-15T23:10:00.000+01:00,30379
winter,Scheduled,2024-01-15T23:15:00.000+01:00,29749
winter,Scheduled,2024-01-15T23:20:00.000+01:00,29749
winter,Scheduled,2024-01-15T23:25:00.000+01:00,29749
winter,Scheduled,2024-01-15T23:30:00.000+01:00,28919
winter,Scheduled,2024-01-15T23:35:00.000+01:00,28919
winter,Scheduled,2024-01-15T23:40:00.000+01:00,28919
winter,Scheduled,2024-01-15T23:45:00.000+01:00,28374
winter,Scheduled,2024-01-15T23:50:00.000+01:00,28374
winter,Scheduled,2024-01-15T23:55:00.000+01:00,28374
winter,Real,2024-01-15T00:00:00.000+01:00,26362
winter,Real,2024-01-15T00:05:00.000+01:00,26273
winter,Real,2024-01-15T00:10:00.000+01:00,26292
winter,Real,2024-01-15T00:15:00.000+01:00,26154
winter,Real,2024-01-15T00:20:00.000+01:00,25726
winter,Real,2024-01-15T00:25:00.000+01:00,25565
winter,Real,2024-01-15T00:30:00.000+01:00,25576
winter,Real,2024-01-15T00:35:00.000+01:00,25352
winter,Real,2024-01-15T00:40:00.000+01:00,25122
winter,Real,2024-01-15T00:45:00.000+01:00,24408
winter,Real,2024-01-15T00:50:00.000+01:00,24467
winter,Real,2024-01-15T00:55:00.000+01:00,24614
winter,Real,2024-01-15T01:00:00.000+01:00,24481
winter,Real,2024-01-15T01:05:00.000+01:00,24405
winter,Real,2024-01-15T01:10:00.000+01:00,24478
winter,Real,2024-01-15T01:15:00.000+01:00,24384
winter,Real,2024-01-15T01:20:00.000+01:00,24044
winter,Real,2024-01-15T01:25:00.000+01:00,24025
winter,Real,2024-01-15T01:30:00.000+01:00,23682
winter,Real,2024-01-15T01:35:00.000+01:00,23633
winter,Real,2024-01-15T01:40:00.000+01:00,23487
winter,Real,2024-01-15T01:45:00.000+01:00,23279
winter,Real,2024-01-15T01:50:00.000+01:00,23488
winter,Real,2024-01-15T01:55:00.000+01:00,23376
winter,Real,2024-01-15T02:00:00.000+01:00,23200
winter,Real,2024-01-15T02:05:00.000+01:00,23071
winter,Real,2024-01-15T02:10:00.000+01:00,23132
winter,Real,2024-01-15T02:15:00.000+01:00,23050
winter,Real,2024-01-15T02:20:00.000+01:00,23153
winter,Real,2024-01-15T02:25:00.000+01:00,23090
winter,Real,2024-01-15T02:30:00.000+01:00,22854
winter,Real,2024-01-15T02:35:00.000+01:00,22592
winter,Real,2024-01-15T02:40:00.000+01:00,22802
winter,Real,2024-01-15T02:45:00.000+01:00,22439
winter,Real,2024-01-15T02:50:00.000+01:00,22763
winter,Real,2024-01-15T02:55:00.000+01:00,22790
winter,Real,2024-01-15T03:00:00.000+01:00,22398
winter,Real,2024-01-15T03:05:00.000+01:00,22491
winter,Real,2024-01-15T03:10:00.000+01:00,22506
winter,Real,2024-01-15T03:15:00.000+01:00,22723
winter,Real,2024-01-15T03:20:00.000+01:00,22494
winter,Real,2024-01-15T03:25:00.000+01:00,22530
winter,Real,2024-01-15T03:30:00.000+01:00,22547
winter,Real,2024-01-15T03:35:00.000+01:00,22587
winter,Real,2024-01-15T03:40:00.000+01:00,22387
winter,Real,2024-01-15T03:45:00.000+01:00,22295
winter,Real,2024-01-15T03:50:00.000+01:00,22146
winter,Real,2024-01-15T03:55:00.000+01:00,22154
winter,Real,2024-01-15T04:00:00.000+01:00,22431
winter,Real,2024-01-15T04:05:00.000+01:00,22508
winter,Real,2024-01-15T04:10:00.000+01:00,22442
winter,Real,2024-01-15T04:15:00.000+01:00,22424
winter,Real,2024-01-15T04:20:00.000+01:00,22361
winter,Real,2024-01-15T04:25:00.000+01:00,22732
winter,Real,2024-01-15T04:30:00.000+01:00,22464
winter,Real,2024-01-15T04:35:00.000+01:00,22311
winter,Real,2024-01-15T04:40:00.000+01:00,22442
winter,Real,2024-01-15T04:45:00.000+01:00,22623
winter,Real,2024-01-15T04:50:00.000+01:00,22757
winter,Real,2024-01-15T04:55:00.000+01:00,22736
winter,Real,2024-01-15T05:00:00.000+01:00,22843
winter,Real,2024-01-15T05:05:00.000+01:00,23166
winter,Real,2024-01-15T05:10:00.000+01:00,23354
winter,Real,2024-01-15T05:15:00.000+01:00,22861
winter,Real,2024-01-15T05:20:00.000+01:00,23029
winter,Real,2024-01-15T05:25:00.000+01:00,23134
winter,Real,2024-01-15T05:30:00.000+01:00,23500
winter,Real,2024-01-15T05:35:00.000+01:00,23572
winter,Real,2024-01-15T05:40:00.000+01:00,23797
winter,Real,2024-01-15T05:45:00.000+01:00,23943
winter,Real,2024-01-15T05:50:00.000+01:00,24104
winter,Real,2024-01-15T05:55:00.000+01:00,24373
winter,Real,2024-01-15T06:00:00.000+01:00,24565
winter,Real,2024-01-15T06:05:00.000+01:00,25372
winter,Real,2024-01-15T06:10:00.000+01:00,26060
winter,Real,2024-01-15T06:15:00.000+01:00,26223
winter,Real,2024-01-15T06:20:00.000+01:00,26598
winter,Real,2024-01-15T06:25:00.000+01:00,26712
winter,Real,2024-01-15T06:30:00.000+01:00,27111
winter,Real,2024-01-15T06:35:00.000+01:00,27737
winter,Real,2024-01-15T06:40:00.000+01:00,27867
winter,Real,2024-01-15T06:45:00.000+01:00,27988
winter,Real,2024-01-15T06:50:00.000+01:00,28304
winter,Real,2024-01-15T06:55:00.000+01:00,28893
winter,Real,2024-01-15T07:00:00.000+01:00,29152
winter,Real,2024-01-15T07:05:00.000+01:00,30231
winter,Real,2024-01-15T07:10:00.000+01:00,30772
winter,Real,2024-01-15T07:15:00.000+01:00,31166
winter,Real,2024-01-15T07:20:00.000+01:00,31645
winter,Real,2024-01-15T07:25:00.000+01:00,32134
winter,Real,2024-01-15T07:30:00.000+01:00,32334
winter,Real,2024-01-15T07:35:00.000+01:00,32584
winter,Real,2024-01-15T07:40:00.000+01:00,32971
winter,Real,2024-01-15T07:45:00.000+01:00,33256
winter,Real,2024-01-15T07:50:00.000+01:00,33459
winter,Real,2024-01-15T07:55:00.000+01:00,33773
winter,Real,2024-01-15T08:00:00.000+01:00,34150
winter,Real,2024-01-15T08:05:00.000+01:00,34470
winter,Real,2024-01-15T08:10:00.000+01:00,34997
winter,Real,2024-01-15T08:15:00.000+01:00,35111
winter,Real,2024-01-15T08:20:00.000+01:00,35271
winter,Real,2024-01-15T08:25:00.000+01:00,35393
winter,Real,2024-01-15T08:30:00.000+01:00,35354
winter,Real,2024-01-15T08:35:00.000+01:00,35326
winter,Real,2024-01-15T08:40:00.000+01:00,35519
winter,Real,2024-01-15T08:45:00.000+01:00,35466
winter,Real,2024-01-15T08:50:00.000+01:00,35484
winter,Real,2024-01-15T08:55:00.000+01:00,35393
winter,Real,2024-01-15T09:00:00.000+01:00,35248
winter,Real,2024-01-15T09:05:00.000+01:00,35709
winter,Real,2024-01-15T09:10:00.000+01:00,35674
winter,Real,2024-01-15T09:15:00.000+01:00,35830
winter,Real,2024-01-15T09:20:00.000+01:00,35929
winter,Real,2024-01-15T09:25:00.000+01:00,35990
winter,Real,2024-01-15T09:30:00.000+01:00,35808
winter,Real,2024-01-15T09:35:00.000+01:00,36034
winter,Real,2024-01-15T09:40:00.000+01:00,36078
winter,Real,2024-01-15T09:45:00.000+01:00,36031
winter,Real,2024-01-15T09:50:00.000+01:00,36253
winter,Real,2024-01-15T09:55:00.000+01:00,36295
winter,Real,2024-01-15T10:00:00.000+01:00,36240
winter,Real,2024-01-15T10:05:00.000+01:00,36325
winter,Real,2024-01-15T10:10:00.000+01:00,36209
winter,Real,2024-01-15T10:15:00.000+01:00,36372
winter,Real,2024-01-15T10:20:00.000+01:00,36531
winter,Real,2024-01-15T10:25:00.000+01:00,36312
winter,Real,2024-01-15T10:30:00.000+01:00,36420
winter,Real,2024-01-15T10:35:00.000+01:00,36538
winter,Real,2024-01-15T10:40:00.000+01:00,36494
winter,Real,2024-01-15T10:45:00.000+01:00,36060
winter,Real,2024-01-15T10:50:00.000+01:00,36182
winter,Real,2024-01-15T10:55:00.000+01:00,36302
winter,Real,2024-01-15T11:00:00.000+01:00,36180
winter,Real,2024-01-15T11:05:00.000+01:00,36290
winter,Real,2024-01-15T11:10:00.000+01:00,36119
winter,Real,2024-01-15T11:15:00.000+01:00,36318
winter,Real,2024-01-15T11:20:00.000+01:00,36262
winter,Real,2024-01-15T11:25:00.000+01:00,36187
winter,Real,2024-01-15T11:30:00.000+01:00,36293
winter,Real,2024-01-15T11:35:00.000+01:00,36102
winter,Real,2024-01-15T11:40:00.000+01:00,36011
winter,Real,2024-01-15T11:45:00.000+01:00,36092
winter,Real,2024-01-15T11:50:00.000+01:00,36024
winter,Real,2024-01-15T11:55:00.000+01:00,35949
winter,Real,2024-01-15T12:00:00.000+01:00,36031
winter,Real,2024-01-15T12:05:00.000+01:00,36080
winter,Real,2024-01-15T12:10:00.000+01:00,36034
winter,Real,2024-01-15T12:15:00.000+01:00,35927
winter,Real,2024-01-15T12:20:00.000+01:00,36116
winter,Real,2024-01-15T12:25:00.000+01:00,36153
winter,Real,2024-01-15T12:30:00.000+01:00,36116
winter,Real,2024-01-15T12:35:00.000+01:00,36187
winter,Real,2024-01-15T12:40:00.000+01:00,36301
winter,Real,2024-01-15T12:45:00.000+01:00,36449
winter,Real,2024-01-15T12:50:00.000+01:00,36377
winter,Real,2024-01-15T12:55:00.000+01:00,36301
winter,Real,2024-01-15T13:00:00.000+01:00,36269
winter,Real,2024-01-15T13:05:00.000+01:00,36248
winter,Real,2024-01-15T13:10:00.000+01:00,36421
winter,Real,2024-01-15T13:15:00.000+01:00,36482
winter,Real,2024-01-15T13:20:00.000+01:00,36406
winter,Real,2024-01-15T13:25:00.000+01:00,36497
winter,Real,2024-01-15T13:30:00.000+01:00,36475
winter,Real,2024-01-15T13:35:00.000+01:00,36225
winter,Real,2024-01-15T13:40:00.000+01:00,36190
winter,Real,2024-01-15T13:45:00.000+01:00,36236
winter,Real,2024-01-15T13:50:00.000+01:00,36328
winter,Real,2024-01-15T13:55:00.000+01:00,36077
winter,Real,2024-01-15T14:00:00.000+01:00,36066
winter,Real,2024-01-15T14:05:00.000+01:00,35993
winter,Real,2024-01-15T14:10:00.000+01:00,36145
winter,Real,2024-01-15T14:15:00.000+01:00,36043
winter,Real,2024-01-15T14:20:00.000+01:00,36101
winter,Real,2024-01-15T14:25:00.000+01:00,36232
winter,Real,2024-01-15T14:30:00.000+01:00,35931
winter,Real,2024-01-15T14:35:00.000+01:00,35778
winter,Real,2024-01-15T14:40:00.000+01:00,35909
winter,Real,2024-01-15T14:45:00.000+01:00,35843
winter,Real,2024-01-15T14:50:00.000+01:00,35703
winter,Real,2024-01-15T14:55:00.000+01:00,35646
winter,Real,2024-01-15T15:00:00.000+01:00,35375
winter,Real,2024-01-15T15:05:00.000+01:00,35258
winter,Real,2024-01-15T15:10:00.000+01:00,35181
winter,Real,2024-01-15T15:15:00.000+01:00,35131
winter,Real,2024-01-15T15:20:00.000+01:00,35221
winter,Real,2024-01-15T15:25:00.000+01:00,35237
winter,Real,2024-01-15T15:30:00.000+01:00,35241
winter,Real,2024-01-15T15:35:00.000+01:00,35291
winter,Real,2024-01-15T15:40:00.000+01:00,35037
winter,Real,2024-01-15T15:45:00.000+01:00,34923
winter,Real,2024-01-15T15:50:00.000+01:00,35068
winter,Real,2024-01-15T15:55:00.000+01:00,34925
winter,Real,2024-01-15T16:00:00.000+01:00,34640
winter,Real,2024-01-15T16:05:00.000+01:00,34739
winter,Real,2024-01-15T16:10:00.000+01:00,34754
winter,Real,2024-01-15T16:15:00.000+01:00,34700
winter,Real,2024-01-15T16:20:00.000+01:00,34752
winter,Real,2024-01-15T16:25:00.000+01:00,34771
winter,Real,2024-01-15T16:30:00.000+01:00,34676
winter,Real,2024-01-15T16:35:00.000+01:00,34842
winter,Real,2024-01-15T16:40:00.000+01:00,34573
winter,Real,2024-01-15T16:45:00.000+01:00,34711
winter,Real,2024-01-15T16:50:00.000+01:00,34636
winter,Real,2024-01-15T16:55:00.000+01:00,34487
winter,Real,2024-01-15T17:00:00.000+01:00,34520
winter,Real,2024-01-15T17:05:00.000+01:00,34847
winter,Real,2024-01-15T17:10:00.000+01:00,34698
winter,Real,2024-01-15T17:15:00.000+01:00,34590
winter,Real,2024-01-15T17:20:00.000+01:00,34698
winter,Real,2024-01-15T17:25:00.000+01:00,34798
winter,Real,2024-01-15T17:30:00.000+01:00,34828
winter,Real,2024-01-15T17:35:00.000+01:00,35092
winter,Real,2024-01-15T17:40:00.000+01:00,34951
winter,Real,2024-01-15T17:45:00.000+01:00,35074
winter,Real,2024-01-15T17:50:00.000+01:00,35214
winter,Real,2024-01-15T17:55:00.000+01:00,35209
winter,Real,2024-01-15T18:00:00.000+01:00,35279
winter,Real,2024-01-15T18:05:00.000+01:00,35220
winter,Real,2024-01-15T18:10:00.000+01:00,35689
winter,Real,2024-01-15T18:15:00.000+01:00,35877
winter,Real,2024-01-15T18:20:00.000+01:00,36119
winter,Real,2024-01-15T18:25:00.000+01:00,36118
winter,Real,2024-01-15T18:30:00.000+01:00,36125
winter,Real,2024-01-15T18:35:00.000+01:00,36344
winter,Real,2024-01-15T18:40:00.000+01:00,36423
winter,Real,2024-01-15T18:45:00.000+01:00,36671
winter,Real,2024-01-15T18:50:00.000+01:00,36651
winter,Real,2024-01-15T18:55:00.000+01:00,36825
winter,Real,2024-01-15T19:00:00.000+01:00,36875
winter,Real,2024-01-15T19:05:00.000+01:00,37070
winter,Real,2024-01-15T19:10:00.000+01:00,37044
winter,Real,2024-01-15T19:15:00.000+01:00,37079
winter,Real,2024-01-15T19:20:00.000+01:00,37042
winter,Real,2024-01-15T19:25:00.000+01:00,37188
winter,Real,2024-01-15T19:30:00.000+01:00,37339
winter,Real,2024-01-15T19:35:00.000+01:00,37371
winter,Real,2024-01-15T19:40:00.000+01:00,37336
winter,Real,2024-01-15T19:45:00.000+01:00,37405
winter,Real,2024-01-15T19:50:00.000+01:00,37555
winter,Real,2024-01-15T19:55:00.000+01:00,37575
winter,Real,2024-01-15T20:00:00.000+01:00,37642
winter,Real,2024-01-15T20:05:00.000+01:00,37595
winter,Real,2024-01-15T20:10:00.000+01:00,37715
winter,Real,2024-01-15T20:15:00.000+01:00,37824
winter,Real,2024-01-15T20:20:00.000+01:00,37795
winter,Real,2024-01-15T20:25:00.000+01:00,37742
winter,Real,2024-01-15T20:30:00.000+01:00,37808
winter,Real,2024-01-15T20:35:00.000+01:00,37855
winter,Real,2024-01-15T20:40:00.000+01:00,38033
winter,Real,2024-01-15T20:45:00.000+01:00,37833
winter,Real,2024-01-15T20:50:00.000+01:00,37815
winter,Real,2024-01-15T20:55:00.000+01:00,37719
winter,Real,2024-01-15T21:00:00.000+01:00,37699
winter,Real,2024-01-15T21:05:00.000+01:00,37551
winter,Real,2024-01-15T21:10:00.000+01:00,37375
winter,Real,2024-01-15T21:15:00.000+01:00,37223
winter,Real,2024-01-15T21:20:00.000+01:00,37261
winter,Real,2024-01-15T21:25:00.000+01:00,37077
winter,Real,2024-01-15T21:30:00.000+01:00,36737
winter,Real,2024-01-15T21:35:00.000+01:00,36479
winter,Real,2024-01-15T21:40:00.000+01:00,36276
winter,Real,2024-01-15T21:45:00.000+01:00,36091
winter,Real,2024-01-15T21:50:00.000+01:00,35591
winter,Real,2024-01-15T21:55:00.000+01:00,35185
winter,Real,2024-01-15T22:00:00.000+01:00,34832
winter,Real,2024-01-15T22:05:00.000+01:00,34425
winter,Real,2024-01-15T22:10:00.000+01:00,34403
winter,Real,2024-01-15T22:15:00.000+01:00,33790
winter,Real,2024-01-15T22:20:00.000+01:00,33372
winter,Real,2024-01-15T22:25:00.000+01:00,33327
winter,Real,2024-01-15T22:30:00.000+01:00,32940
winter,Real,2024-01-15T22:35:00.000+01:00,32754
winter,Real,2024-01-15T22:40:00.000+01:00,32500
winter,Real,2024-01-15T22:45:00.000+01:00,32149
winter,Real,2024-01-15T22:50:00.000+01:00,31892
winter,Real,2024-01-15T22:55:00.000+01:00,31542
winter,Real,2024-01-15T23:00:00.000+01:00,30893
winter,Real,2024-01-15T23:05:00.000+01:00,30466
winter,Real,2024-01-15T23:10:00.000+01:00,30262
winter,Real,2024-01-15T23:15:00.000+01:00,30067
winter,Real,2024-01-15T23:20:00.000+01:00,30002
winter,Real,2024-01-15T23:25:00.000+01:00,29538
winter,Real,2024-01-15T23:30:00.000+01:00,29164
winter,Real,2024-01-15T23:35:00.000+01:00,29041
winter,Real,2024-01-15T23:40:00.000+01:00,28721
winter,Real,2024-01-15T23:45:00.000+01:00,28578
winter,Real,2024-01-15T23:50:00.000+01:00,28337
winter,Real,2024-01-15T23:55:00.000+01:00,28194
