segment_id,route_segment,corridor,is_tent,daily_bev_traffic_2027,seasonal_multiplier,n_chargers_det,n_chargers_abm,n_chargers_stoch,delta_seasonal,delta_mc_noise,simulated_charging_rate,capacity_kw_abm
0,A-7S,Mediterranean,True,4388.3,2.5,10,12,12,2,0,0.131,1800
1,A-7S,Mediterranean,True,1514.5,2.5,4,9,10,5,1,0.132,1350
2,A-7S,Mediterranean,False,2659.2,2.5,6,12,12,6,0,0.1285,1800
3,A-7S,Mediterranean,True,1704.5,2.5,4,10,10,6,0,0.122,1500
4,A-7S,Mediterranean,True,1072.3,2.5,4,6,7,2,1,0.1315,900
5,A-7S,Mediterranean,True,2349.5,2.5,6,12,12,6,0,0.1065,1800
6,A-7S,Mediterranean,True,1514.5,2.5,4,9,10,5,1,0.1325,1350
7,A-7S,Mediterranean,True,2904.1,2.5,7,12,12,5,0,0.1345,1800
8,A-7S,Mediterranean,True,1514.5,2.5,4,9,8,5,-1,0.107,1350
9,A-7S,Mediterranean,True,1938.0,2.5,5,11,12,6,1,0.1255,1650
10,N-3,Standard,False,173.9,1.0,2,2,2,0,0,0.123,300
11,N-3,Standard,False,58.9,1.0,2,2,2,0,0,0.1095,300
12,N-3,Standard,False,345.0,1.0,2,2,2,0,0,0.127,300
13,N-3,Standard,False,20.5,1.0,2,2,2,0,0,0.1265,300
14,A-1,Standard,False,1002.5,1.0,3,3,3,0,0,0.119,450
15,A-1,Standard,True,3528.8,1.0,8,8,9,0,1,0.1255,1200
16,A-1,Standard,True,2713.3,1.0,7,7,7,0,0,0.139,1050
17,A-1,Standard,True,990.2,1.0,4,4,4,0,0,0.131,600
18,A-1,Standard,True,721.6,1.0,4,4,4,0,0,0.1245,600
19,A-1,Standard,True,1014.8,1.0,4,4,4,0,0,0.1155,600
20,A-1,Standard,True,1002.5,1.0,4,4,4,0,0,0.1355,600
21,A-1,Standard,True,493.4,1.0,4,4,4,0,0,0.1275,600
22,A-1,Standard,False,358.9,1.0,2,2,2,0,0,0.135,300
23,A-23,Standard,True,956.1,1.0,4,4,4,0,0,0.122,600
24,A-23,Standard,True,700.3,1.0,4,4,4,0,0,0.124,600
25,A-23,Standard,True,437.4,1.0,4,4,4,0,0,0.1165,600
26,A-23,Standard,True,379.8,1.0,4,4,4,0,0,0.127,600
27,A-23,Standard,True,549.4,1.0,4,4,4,0,0,0.1235,600
28,A-23,Standard,False,814.3,1.0,2,2,3,0,1,0.1365,300
29,A-23,Standard,True,810.9,1.0,4,4,4,0,0,0.135,600
30,A-23,Standard,True,816.5,1.0,4,4,4,0,0,0.132,600
31,A-23,Standard,True,385.2,1.0,4,4,4,0,0,0.133,600
32,A-23,Standard,False,493.4,1.0,2,2,2,0,0,0.1345,300
33,A-23,Standard,True,493.4,1.0,4,4,4,0,0,0.1255,600
34,A-23,Standard,True,493.4,1.0,4,4,4,0,0,0.129,600
35,A-23,Standard,True,493.4,1.0,4,4,4,0,0,0.1325,600
36,A-23,Standard,True,342.9,1.0,4,4,4,0,0,0.1245,600
37,A-23,Standard,True,307.6,1.0,4,4,4,0,0,0.1205,600
38,A-23,Standard,False,493.4,1.0,2,2,2,0,0,0.1225,300
39,A-23,Standard,True,330.1,1.0,4,4,4,0,0,0.1135,600
40,A-23,Standard,False,493.4,1.0,2,2,2,0,0,0.122,300
41,A-26,Standard,False,616.7,1.0,2,2,2,0,0,0.133,300
42,A-26,Standard,False,616.7,1.0,2,2,2,0,0,0.1325,300
43,A-27,Standard,True,1101.0,1.0,4,4,4,0,0,0.1205,600
44,A-27,Standard,True,905.1,1.0,4,4,4,0,0,0.122,600
45,A-3,Mediterranean,False,1891.3,2.5,5,11,11,6,0,0.1225,1650
46,A-3,Mediterranean,True,2811.6,2.5,7,12,12,5,0,0.1295,1800
47,A-3,Mediterranean,True,1354.7,2.5,4,8,8,4,0,0.127,1200
48,A-3,Mediterranean,True,1219.9,2.5,4,7,8,3,1,0.126,1050
49,A-3,Mediterranean,True,1031.2,2.5,4,6,6,2,0,0.125,900
50,A-3,Mediterranean,True,1052.9,2.5,4,6,6,2,0,0.119,900
51,A-3,Mediterranean,True,2660.1,2.5,6,12,12,6,0,0.1385,1800
52,A-3,Mediterranean,True,2621.8,2.5,6,12,12,6,0,0.118,1800
53,A-3,Mediterranean,False,1623.0,2.5,4,10,9,6,-1,0.1185,1500
54,A-30,Mediterranean,True,628.7,2.5,4,4,4,0,0,0.12,600
55,A-30,Mediterranean,True,2005.5,2.5,5,12,11,7,-1,0.1175,1800
56,A-30,Mediterranean,False,2317.3,2.5,6,12,12,6,0,0.1265,1800
57,A-55,Standard,True,908.8,1.0,4,4,4,0,0,0.1275,600
58,A-55,Standard,False,1563.4,1.0,4,4,4,0,0,0.128,600
59,A-56,Standard,False,39.5,1.0,2,2,2,0,0,0.133,300
60,A-58,Standard,False,211.8,1.0,2,2,2,0,0,0.129,300
61,A-5R,Standard,False,5215.4,1.0,12,12,12,0,0,0.127,1800
62,A-6,Atlantic,False,736.8,1.5,2,3,3,1,0,0.137,450
63,A-6,Atlantic,True,2848.1,1.5,7,10,10,3,0,0.1245,1500
64,A-6,Atlantic,True,2458.2,1.5,6,9,10,3,1,0.1355,1350
65,A-6,Atlantic,False,736.8,1.5,2,3,3,1,0,0.132,450
66,A-6,Atlantic,True,851.0,1.5,4,4,4,0,0,0.131,600
67,A-6,Atlantic,True,736.8,1.5,4,4,4,0,0,0.1155,600
68,A-6,Atlantic,True,736.8,1.5,4,4,4,0,0,0.1255,600
69,A-6,Atlantic,True,724.1,1.5,4,4,4,0,0,0.1365,600
70,A-6,Atlantic,True,736.8,1.5,4,4,4,0,0,0.1285,600
71,A-6,Atlantic,True,887.2,1.5,4,4,4,0,0,0.118,600
72,A-6,Atlantic,True,314.3,1.5,4,4,4,0,0,0.108,600
73,A-6,Atlantic,True,572.4,1.5,4,4,4,0,0,0.13,600
74,A-6,Atlantic,True,397.0,1.5,4,4,4,0,0,0.133,600
75,A-6,Atlantic,True,776.6,1.5,4,4,4,0,0,0.1345,600
76,A-6,Atlantic,True,735.8,1.5,4,4,4,0,0,0.133,600
77,A-6,Atlantic,True,770.8,1.5,4,4,4,0,0,0.1085,600
78,A-6,Atlantic,False,534.8,1.5,2,2,2,0,0,0.122,300
79,A-60,Atlantic,False,389.0,1.5,2,2,2,0,0,0.133,300
80,A-60,Atlantic,False,459.0,1.5,2,2,2,0,0,0.123,300
81,A-62,Atlantic,True,596.4,1.5,4,4,4,0,0,0.13,600
82,A-62,Atlantic,True,1231.9,1.5,4,5,5,1,0,0.1265,750
83,A-62,Atlantic,True,1185.1,1.5,4,4,4,0,0,0.116,600
84,A-62,Atlantic,True,1694.5,1.5,4,6,6,2,0,0.1255,900
85,A-62,Atlantic,True,849.0,1.5,4,4,4,0,0,0.1255,600
86,A-62,Atlantic,True,561.6,1.5,4,4,4,0,0,0.129,600
87,A-62,Atlantic,True,1145.4,1.5,4,4,4,0,0,0.123,600
88,A-62,Atlantic,True,343.3,1.5,4,4,4,0,0,0.13,600
89,A-62,Atlantic,False,849.0,1.5,2,3,3,1,0,0.1185,450
90,A-62,Atlantic,True,229.2,1.5,4,4,4,0,0,0.139,600
91,A-63,Atlantic,False,520.3,1.5,2,2,2,0,0,0.13,300
92,A-63R,Atlantic,False,245.9,1.5,2,2,2,0,0,0.1295,300
93,A-64,Atlantic,True,1085.1,1.5,4,4,4,0,0,0.1325,600
94,A-65,Atlantic,True,341.9,1.5,4,4,4,0,0,0.141,600
95,A-66,Atlantic,True,2245.8,1.5,5,8,9,3,1,0.1425,1200
96,A-66,Atlantic,True,1875.2,1.5,5,7,7,2,0,0.1295,1050
97,A-66,Atlantic,True,1083.5,1.5,4,4,4,0,0,0.1205,600
98,A-66,Atlantic,True,780.1,1.5,4,4,4,0,0,0.1155,600
99,A-66,Atlantic,False,580.0,1.5,2,2,2,0,0,0.11,300
100,A-66,Atlantic,True,469.6,1.5,4,4,4,0,0,0.1315,600
101,A-66,Atlantic,True,479.6,1.5,4,4,4,0,0,0.1185,600
102,A-66,Atlantic,True,580.0,1.5,4,4,4,0,0,0.1325,600
103,A-66,Atlantic,True,285.2,1.5,4,4,4,0,0,0.115,600
104,A-66,Atlantic,True,306.6,1.5,4,4,4,0,0,0.1095,600
105,A-66,Atlantic,True,339.6,1.5,4,4,4,0,0,0.1235,600
106,A-66,Atlantic,True,924.0,1.5,4,4,4,0,0,0.1245,600
107,A-66,Atlantic,True,471.5,1.5,4,4,4,0,0,0.1345,600
108,A-66,Atlantic,True,526.2,1.5,4,4,4,0,0,0.1355,600
109,A-66,Atlantic,True,491.1,1.5,4,4,4,0,0,0.1215,600
110,A-66,Atlantic,True,716.1,1.5,4,4,4,0,0,0.1215,600
111,A-66,Atlantic,True,633.8,1.5,4,4,4,0,0,0.1175,600
112,A-66,Atlantic,True,1192.2,1.5,4,4,5,0,1,0.134,600
113,A-67,Atlantic,True,731.3,1.5,4,4,4,0,0,0.122,600
114,A-67,Atlantic,False,315.4,1.5,2,2,2,0,0,0.1305,300
115,A-67,Atlantic,True,780.9,1.5,4,4,4,0,0,0.1275,600
116,A-67,Atlantic,True,2254.6,1.5,6,8,8,2,0,0.123,1200
117,A-67,Atlantic,False,756.1,1.5,2,3,3,1,0,0.1235,450
118,A-68,Atlantic,False,1115.2,1.5,3,4,5,1,1,0.1365,600
119,A-68,Atlantic,False,838.9,1.5,2,3,3,1,0,0.127,450
120,A-68,Atlantic,False,1115.2,1.5,3,4,4,1,0,0.1125,600
121,A-68,Atlantic,False,2051.6,1.5,5,7,8,2,1,0.13,1050
122,A-68,Atlantic,False,1362.9,1.5,4,5,5,1,0,0.1185,750
123,A-68,Atlantic,False,1104.5,1.5,3,4,4,1,0,0.1225,600
124,A-7,Mediterranean,False,1399.7,2.5,4,8,9,4,1,0.1305,1200
125,A-7,Mediterranean,False,1852.2,2.5,5,11,11,6,0,0.1265,1650
126,A-7,Mediterranean,True,3565.9,2.5,8,12,12,4,0,0.1275,1800
127,A-7,Mediterranean,True,2875.4,2.5,7,12,12,5,0,0.125,1800
128,A-7,Mediterranean,True,3200.2,2.5,8,12,12,4,0,0.121,1800
129,A-7,Mediterranean,True,2574.5,2.5,6,12,12,6,0,0.1405,1800
130,A-7,Mediterranean,False,852.9,2.5,2,5,6,3,1,0.1285,750
131,A-7,Mediterranean,False,1852.2,2.5,5,11,11,6,0,0.1205,1650
132,A-7,Mediterranean,True,105.0,2.5,4,4,4,0,0,0.136,600
133,A-7,Mediterranean,True,2266.0,2.5,6,12,12,6,0,0.133,1800
134,A-7,Mediterranean,True,2063.4,2.5,5,12,12,7,0,0.1215,1800
135,A-7,Mediterranean,True,1641.0,2.5,4,10,11,6,1,0.1345,1500
136,A-7,Mediterranean,True,615.0,2.5,4,4,4,0,0,0.1345,600
137,A-7,Mediterranean,False,1387.2,2.5,4,8,8,4,0,0.116,1200
138,A-70,Mediterranean,True,3236.0,2.5,8,12,12,4,0,0.1275,1800
139,A-70,Mediterranean,True,2941.6,2.5,7,12,12,5,0,0.123,1800
140,A-70,Mediterranean,True,2371.6,2.5,6,12,12,6,0,0.125,1800
141,A-73,Mediterranean,True,221.8,2.5,4,4,4,0,0,0.1215,600
142,A-73,Mediterranean,False,221.8,2.5,2,2,2,0,0,0.1305,300
143,A-73R,Mediterranean,False,133.8,2.5,2,2,2,0,0,0.1275,300
144,A-75,Mediterranean,True,148.0,2.5,4,4,4,0,0,0.139,600
145,A-75,Mediterranean,True,148.0,2.5,4,4,4,0,0,0.1255,600
146,A-77,Mediterranean,False,822.6,2.5,2,5,5,3,0,0.125,750
147,A-77A,Mediterranean,False,1456.3,2.5,4,9,10,5,1,0.14,1350
148,A-79,Mediterranean,False,424.6,2.5,2,3,3,1,0,0.1305,450
149,A-8,Atlantic,True,844.2,1.5,4,4,4,0,0,0.1095,600
150,A-8,Atlantic,False,844.2,1.5,2,3,3,1,0,0.12,450
151,A-8,Atlantic,True,844.2,1.5,4,4,4,0,0,0.1265,600
152,A-8,Atlantic,True,1566.9,1.5,4,6,6,2,0,0.121,900
153,A-8,Atlantic,True,894.2,1.5,4,4,4,0,0,0.1365,600
154,A-8,Atlantic,True,1842.2,1.5,5,7,7,2,0,0.129,1050
155,A-8,Atlantic,True,1195.9,1.5,4,4,5,0,1,0.129,600
156,A-8,Atlantic,True,499.4,1.5,4,4,4,0,0,0.121,600
157,A-8,Atlantic,True,667.1,1.5,4,4,4,0,0,0.1425,600
158,A-8,Atlantic,True,885.2,1.5,4,4,4,0,0,0.116,600
159,AP-7R,Mediterranean,False,1234.0,2.5,3,7,9,4,2,0.143,1050
160,AP-9,Atlantic,True,1281.3,1.5,4,5,5,1,0,0.115,750
161,AP-9,Atlantic,True,949.8,1.5,4,4,4,0,0,0.12,600
162,AP-9,Atlantic,True,689.1,1.5,4,4,4,0,0,0.115,600
163,AP-9,Atlantic,True,1141.9,1.5,4,4,4,0,0,0.125,600
164,AP-9,Atlantic,True,1818.7,1.5,5,7,6,2,-1,0.1165,1050
165,AP-9,Atlantic,True,940.8,1.5,4,4,4,0,0,0.137,600
166,AP-9,Atlantic,False,270.5,1.5,2,2,2,0,0,0.113,300
167,AP-9F,Atlantic,True,829.8,1.5,4,4,4,0,0,0.119,600
168,AP-9V,Atlantic,False,2196.6,1.5,5,8,8,3,0,0.1235,1200
169,N-1,Standard,False,183.4,1.0,2,2,2,0,0,0.152,300
170,N-1,Standard,False,107.6,1.0,2,2,2,0,0,0.1345,300
171,N-1,Standard,False,107.6,1.0,2,2,2,0,0,0.129,300
172,N-1,Standard,False,107.6,1.0,2,2,2,0,0,0.127,300
173,N-1,Standard,False,139.5,1.0,2,2,2,0,0,0.124,300
174,N-1,Standard,False,107.6,1.0,2,2,2,0,0,0.1145,300
175,N-1,Standard,False,21.3,1.0,2,2,2,0,0,0.134,300
176,N-1,Standard,False,107.6,1.0,2,2,2,0,0,0.1165,300
177,N-110,Standard,False,57.4,1.0,2,2,2,0,0,0.1285,300
178,N-110,Standard,False,150.9,1.0,2,2,2,0,0,0.119,300
179,N-110,Standard,False,85.2,1.0,2,2,2,0,0,0.1255,300
180,N-110,Standard,False,136.6,1.0,2,2,2,0,0,0.1375,300
181,N-110,Standard,False,250.7,1.0,2,2,2,0,0,0.1245,300
182,N-110,Standard,False,165.2,1.0,2,2,2,0,0,0.1235,300
183,N-110,Standard,False,172.4,1.0,2,2,2,0,0,0.1165,300
184,N-110A,Standard,False,54.0,1.0,2,2,2,0,0,0.1245,300
185,N-110A,Standard,False,1.8,1.0,2,2,2,0,0,0.1245,300
186,N-110A,Standard,False,6.8,1.0,2,2,2,0,0,0.145,300
187,N-110A,Standard,False,6.3,1.0,2,2,2,0,0,0.1255,300
188,N-110A,Standard,False,0.4,1.0,2,2,2,0,0,0.1215,300
189,N-110A,Standard,False,6.3,1.0,2,2,2,0,0,0.121,300
190,N-111,Standard,False,189.0,1.0,2,2,2,0,0,0.1265,300
191,N-111,Standard,False,13.8,1.0,2,2,2,0,0,0.13,300
192,N-111,Standard,False,10.4,1.0,2,2,2,0,0,0.13,300
193,N-111,Standard,False,288.4,1.0,2,2,2,0,0,0.131,300
194,N-111,Standard,False,189.0,1.0,2,2,2,0,0,0.123,300
195,N-111,Standard,False,946.2,1.0,3,3,3,0,0,0.125,450
196,N-111A,Standard,False,1.2,1.0,2,2,2,0,0,0.1185,300
197,N-111R,Standard,False,8.5,1.0,2,2,2,0,0,0.121,300
198,N-113,Standard,True,223.9,1.0,4,4,4,0,0,0.1295,600
199,N-113,Standard,False,184.2,1.0,2,2,2,0,0,0.127,300
200,N-113,Standard,True,184.2,1.0,4,4,4,0,0,0.122,600
201,N-113,Standard,True,144.5,1.0,4,4,4,0,0,0.121,600
202,N-113,Standard,True,184.2,1.0,4,4,4,0,0,0.134,600
203,N-120,Standard,False,108.4,1.0,2,2,2,0,0,0.1165,300
204,N-120,Standard,False,75.7,1.0,2,2,2,0,0,0.1305,300
205,N-120,Standard,False,201.4,1.0,2,2,2,0,0,0.116,300
206,N-120,Standard,False,203.6,1.0,2,2,2,0,0,0.1185,300
207,N-120,Standard,False,84.2,1.0,2,2,2,0,0,0.123,300
208,N-120,Standard,False,16.1,1.0,2,2,2,0,0,0.128,300
209,N-120,Standard,False,203.6,1.0,2,2,2,0,0,0.1265,300
210,N-120,Standard,True,203.6,1.0,4,4,4,0,0,0.1195,600
211,N-120,Standard,True,527.6,1.0,4,4,4,0,0,0.12,600
212,N-120,Standard,True,371.4,1.0,4,4,4,0,0,0.1325,600
213,N-120,Standard,True,203.6,1.0,4,4,4,0,0,0.138,600
214,N-120,Standard,False,421.0,1.0,2,2,2,0,0,0.1365,300
215,N-120,Standard,False,205.8,1.0,2,2,2,0,0,0.1135,300
216,N-120,Standard,False,203.6,1.0,2,2,2,0,0,0.1345,300
217,N-120,Standard,False,216.3,1.0,2,2,2,0,0,0.1335,300
218,N-120,Standard,False,203.6,1.0,2,2,2,0,0,0.1325,300
219,N-120,Standard,False,266.3,1.0,2,2,2,0,0,0.1265,300
220,N-120,Standard,False,203.6,1.0,2,2,2,0,0,0.1145,300
221,N-125,Standard,True,374.6,1.0,4,4,4,0,0,0.1275,600
222,N-125,Standard,True,374.6,1.0,4,4,4,0,0,0.1365,600
223,N-126,Standard,False,283.4,1.0,2,2,2,0,0,0.117,300
224,N-141,Standard,False,18.0,1.0,2,2,2,0,0,0.1155,300
225,N-145,Standard,False,594.8,1.0,2,2,2,0,0,0.128,300
226,N-152,Standard,True,336.6,1.0,4,4,4,0,0,0.13,600
227,N-154,Standard,False,306.8,1.0,2,2,2,0,0,0.1215,300
228,N-154,Standard,False,289.6,1.0,2,2,2,0,0,0.1315,300
229,N-155,Standard,False,83.6,1.0,2,2,2,0,0,0.1165,300
230,N-156,Standard,False,319.6,1.0,2,2,2,0,0,0.139,300
231,N-156,Standard,False,216.7,1.0,2,2,2,0,0,0.1105,300
232,N-1A,Standard,False,526.3,1.0,2,2,2,0,0,0.141,300
233,N-1A,Standard,False,643.7,1.0,2,2,2,0,0,0.1235,300
234,N-1A,Standard,False,195.6,1.0,2,2,2,0,0,0.122,300
235,N-1A,Standard,False,130.0,1.0,2,2,2,0,0,0.1255,300
236,N-1A,Standard,False,149.1,1.0,2,2,2,0,0,0.124,300
237,N-1A,Standard,False,20.3,1.0,2,2,2,0,0,0.1365,300
238,N-1A,Standard,False,149.1,1.0,2,2,2,0,0,0.129,300
239,N-1A,Standard,False,10.1,1.0,2,2,2,0,0,0.1205,300
240,N-1A,Standard,False,149.1,1.0,2,2,2,0,0,0.1245,300
241,N-1A,Standard,False,168.2,1.0,2,2,2,0,0,0.1265,300
242,N-1A,Standard,False,225.4,1.0,2,2,2,0,0,0.124,300
243,N-211A,Standard,False,5.6,1.0,2,2,2,0,0,0.127,300
244,N-211A,Standard,False,5.6,1.0,2,2,2,0,0,0.141,300
245,N-220,Standard,False,1554.0,1.0,4,4,4,0,0,0.129,600
246,N-223,Standard,False,179.3,1.0,2,2,2,0,0,0.125,300
247,N-223,Standard,False,488.3,1.0,2,2,2,0,0,0.1065,300
248,N-223,Standard,False,333.8,1.0,2,2,2,0,0,0.1225,300
249,N-225,Standard,False,230.6,1.0,2,2,2,0,0,0.1225,300
250,N-225,Standard,False,314.1,1.0,2,2,2,0,0,0.1285,300
251,N-225,Standard,False,283.3,1.0,2,2,2,0,0,0.1285,300
252,N-225,Standard,False,155.8,1.0,2,2,2,0,0,0.126,300
253,N-225A,Standard,False,3.0,1.0,2,2,2,0,0,0.1035,300
254,N-230,Standard,False,158.0,1.0,2,2,2,0,0,0.128,300
255,N-230,Standard,True,168.0,1.0,4,4,4,0,0,0.1185,600
256,N-230,Standard,True,148.0,1.0,4,4,4,0,0,0.131,600
257,N-232,Standard,False,197.8,1.0,2,2,2,0,0,0.1335,300
258,N-232,Standard,False,169.8,1.0,2,2,2,0,0,0.1315,300
259,N-232,Standard,False,203.9,1.0,2,2,2,0,0,0.1365,300
260,N-232,Standard,False,671.9,1.0,2,2,2,0,0,0.1215,300
261,N-232,Standard,False,197.8,1.0,2,2,2,0,0,0.134,300
262,N-232,Standard,False,197.8,1.0,2,2,2,0,0,0.12,300
263,N-232,Standard,False,318.0,1.0,2,2,2,0,0,0.1185,300
264,N-232,Standard,False,191.8,1.0,2,2,2,0,0,0.1195,300
265,N-232,Standard,False,56.5,1.0,2,2,2,0,0,0.1325,300
266,N-232A,Standard,False,7.9,1.0,2,2,2,0,0,0.1245,300
267,N-232A,Standard,False,7.9,1.0,2,2,2,0,0,0.117,300
268,N-232A,Standard,False,3.3,1.0,2,2,2,0,0,0.132,300
269,N-232A,Standard,False,0.3,1.0,2,2,2,0,0,0.1365,300
270,N-232A,Standard,False,7.9,1.0,2,2,2,0,0,0.141,300
271,N-232A,Standard,False,12.4,1.0,2,2,2,0,0,0.1315,300
272,N-232A,Standard,False,7.9,1.0,2,2,2,0,0,0.136,300
273,N-232A,Standard,False,0.3,1.0,2,2,2,0,0,0.1215,300
274,N-232A,Standard,False,7.9,1.0,2,2,2,0,0,0.129,300
275,N-232A,Standard,False,2.9,1.0,2,2,2,0,0,0.1245,300
276,N-232A,Standard,False,7.9,1.0,2,2,2,0,0,0.1365,300
277,N-232A,Standard,False,0.7,1.0,2,2,2,0,0,0.13,300
278,N-232A,Standard,False,24.4,1.0,2,2,2,0,0,0.1295,300
279,N-232A,Standard,False,7.9,1.0,2,2,2,0,0,0.107,300
280,N-232A,Standard,False,201.8,1.0,2,2,2,0,0,0.127,300
281,N-232A,Standard,False,96.6,1.0,2,2,2,0,0,0.146,300
282,N-232A,Standard,False,7.9,1.0,2,2,2,0,0,0.133,300
283,N-232A,Standard,False,25.2,1.0,2,2,2,0,0,0.1285,300
284,N-240,Standard,False,93.2,1.0,2,2,2,0,0,0.1275,300
285,N-240,Standard,False,154.9,1.0,2,2,2,0,0,0.1225,300
286,N-240,Standard,True,516.9,1.0,4,4,4,0,0,0.1205,600
287,N-240,Standard,False,67.4,1.0,2,2,2,0,0,0.1335,300
288,N-240,Standard,False,250.0,1.0,2,2,2,0,0,0.1215,300
289,N-240,Standard,False,250.0,1.0,2,2,2,0,0,0.129,300
290,N-240A,Standard,False,3.6,1.0,2,2,2,0,0,0.131,300
291,N-240A,Standard,False,294.6,1.0,2,2,2,0,0,0.117,300
292,N-240R,Standard,False,245.9,1.0,2,2,2,0,0,0.12,300
293,N-240R,Standard,False,245.9,1.0,2,2,2,0,0,0.1265,300
294,N-240R,Standard,False,245.9,1.0,2,2,2,0,0,0.142,300
295,N-240R,Standard,False,245.9,1.0,2,2,2,0,0,0.119,300
296,N-240R,Standard,False,245.9,1.0,2,2,2,0,0,0.129,300
297,N-260,Standard,False,297.0,1.0,2,2,2,0,0,0.1185,300
298,N-260,Standard,False,338.3,1.0,2,2,2,0,0,0.1285,300
299,N-260,Standard,False,14.7,1.0,2,2,2,0,0,0.125,300
300,N-260,Standard,False,311.5,1.0,2,2,2,0,0,0.13,300
301,N-260,Standard,False,207.5,1.0,2,2,2,0,0,0.1275,300
302,N-260,Standard,True,244.6,1.0,4,4,4,0,0,0.1235,600
303,N-260,Standard,False,223.6,1.0,2,2,2,0,0,0.1175,300
304,N-260,Standard,False,150.5,1.0,2,2,2,0,0,0.1215,300
305,N-260,Standard,False,80.6,1.0,2,2,2,0,0,0.12,300
306,N-260A,Standard,False,1.4,1.0,2,2,2,0,0,0.1215,300
307,N-260A,Standard,False,2.9,1.0,2,2,2,0,0,0.117,300
308,N-260A,Standard,False,3.7,1.0,2,2,2,0,0,0.145,300
309,N-260A,Standard,False,3.3,1.0,2,2,2,0,0,0.12,300
310,N-260A,Standard,False,102.9,1.0,2,2,2,0,0,0.1165,300
311,N-260R,Standard,True,128.9,1.0,4,4,4,0,0,0.122,600
312,N-2A,Standard,False,580.5,1.0,2,2,2,0,0,0.143,300
313,N-2A,Standard,False,497.3,1.0,2,2,2,0,0,0.1175,300
314,N-2A,Standard,False,877.0,1.0,2,2,3,0,1,0.1245,300
315,N-2A,Standard,False,497.3,1.0,2,2,2,0,0,0.1265,300
316,N-2A,Standard,False,1.6,1.0,2,2,2,0,0,0.1265,300
317,N-2A,Standard,False,414.0,1.0,2,2,2,0,0,0.1225,300
318,N-2R,Standard,False,25.0,1.0,2,2,2,0,0,0.128,300
319,N-2R,Standard,False,23.8,1.0,2,2,2,0,0,0.126,300
320,N-2R,Standard,False,23.8,1.0,2,2,2,0,0,0.1225,300
321,N-2R,Standard,False,20.8,1.0,2,2,2,0,0,0.1175,300
322,N-301,Standard,False,143.0,1.0,2,2,2,0,0,0.1285,300
323,N-301,Standard,False,42.6,1.0,2,2,2,0,0,0.1235,300
324,N-301,Standard,False,9.5,1.0,2,2,2,0,0,0.125,300
325,N-301,Standard,False,146.2,1.0,2,2,2,0,0,0.129,300
326,N-301,Standard,False,29.1,1.0,2,2,2,0,0,0.129,300
327,N-301,Standard,False,42.6,1.0,2,2,2,0,0,0.118,300
328,N-301,Standard,False,41.4,1.0,2,2,2,0,0,0.1165,300
329,N-301,Standard,False,67.4,1.0,2,2,2,0,0,0.116,300
330,N-310,Standard,False,109.8,1.0,2,2,2,0,0,0.1265,300
331,N-310,Standard,False,68.0,1.0,2,2,2,0,0,0.1045,300
332,N-320,Standard,False,185.6,1.0,2,2,2,0,0,0.1275,300
333,N-320,Standard,False,223.1,1.0,2,2,2,0,0,0.131,300
334,N-320,Standard,False,260.5,1.0,2,2,2,0,0,0.136,300
335,N-320A,Standard,False,14.6,1.0,2,2,2,0,0,0.1235,300
336,N-323,Standard,True,192.7,1.0,4,4,4,0,0,0.1155,600
337,N-323,Standard,False,253.4,1.0,2,2,2,0,0,0.13,300
338,N-323,Standard,True,192.7,1.0,4,4,4,0,0,0.1295,600
339,N-323A,Standard,False,50.3,1.0,2,2,2,0,0,0.1225,300
340,N-323A,Standard,False,35.9,1.0,2,2,2,0,0,0.1185,300
341,N-323A,Standard,False,149.3,1.0,2,2,2,0,0,0.1275,300
342,N-323A,Standard,False,211.0,1.0,2,2,2,0,0,0.134,300
343,N-323A,Standard,False,2.3,1.0,2,2,2,0,0,0.1225,300
344,N-323A,Standard,False,7.9,1.0,2,2,2,0,0,0.1425,300
345,N-323A,Standard,False,21.4,1.0,2,2,2,0,0,0.133,300
346,N-325,Standard,False,486.4,1.0,2,2,2,0,0,0.115,300
347,N-325,Standard,False,263.8,1.0,2,2,2,0,0,0.125,300
348,N-330,Standard,False,87.0,1.0,2,2,2,0,0,0.13,300
349,N-330,Standard,False,66.7,1.0,2,2,2,0,0,0.129,300
350,N-330,Standard,False,750.8,1.0,2,2,2,0,0,0.1235,300
351,N-330,Standard,False,30.8,1.0,2,2,2,0,0,0.111,300
352,N-330,Standard,False,81.5,1.0,2,2,2,0,0,0.14,300
353,N-330,Standard,False,81.5,1.0,2,2,2,0,0,0.126,300
354,N-330,Standard,False,200.4,1.0,2,2,2,0,0,0.1225,300
355,N-330,Standard,False,1554.0,1.0,4,4,4,0,0,0.1285,600
356,N-330,Standard,False,56.1,1.0,2,2,2,0,0,0.128,300
357,N-330,Standard,False,14.9,1.0,2,2,2,0,0,0.1255,300
358,N-330,Standard,False,14.5,1.0,2,2,2,0,0,0.122,300
359,N-330,Standard,False,76.0,1.0,2,2,2,0,0,0.116,300
360,N-330,Standard,False,9.2,1.0,2,2,2,0,0,0.123,300
361,N-332,Standard,False,1259.4,1.0,3,3,3,0,0,0.121,450
362,N-332,Standard,False,711.0,1.0,2,2,2,0,0,0.1245,300
363,N-332,Standard,False,651.6,1.0,2,2,2,0,0,0.1315,300
364,N-332,Standard,False,1820.5,1.0,5,5,5,0,0,0.142,750
365,N-332,Standard,False,974.9,1.0,3,3,3,0,0,0.1205,450
366,N-332,Standard,False,687.7,1.0,2,2,2,0,0,0.1295,300
367,N-332,Standard,False,471.6,1.0,2,2,2,0,0,0.132,300
368,N-332,Standard,False,294.3,1.0,2,2,2,0,0,0.1355,300
369,N-332,Standard,False,311.0,1.0,2,2,2,0,0,0.136,300
370,N-332,Standard,False,687.7,1.0,2,2,2,0,0,0.124,300
371,N-332,Standard,False,585.5,1.0,2,2,2,0,0,0.1255,300
372,N-332,Standard,False,419.3,1.0,2,2,2,0,0,0.1165,300
373,N-332A,Standard,False,141.1,1.0,2,2,2,0,0,0.1295,300
374,N-332A,Standard,False,135.9,1.0,2,2,2,0,0,0.1295,300
375,N-332R,Standard,False,335.8,1.0,2,2,2,0,0,0.124,300
376,N-334,Standard,False,2245.3,1.0,5,5,6,0,1,0.122,750
377,N-334,Standard,False,2245.3,1.0,5,5,6,0,1,0.1265,750
378,N-340,Standard,False,353.1,1.0,2,2,2,0,0,0.125,300
379,N-340,Standard,False,353.1,1.0,2,2,2,0,0,0.1215,300
380,N-340,Standard,False,40.2,1.0,2,2,2,0,0,0.1315,300
381,N-340,Standard,False,1015.7,1.0,3,3,3,0,0,0.1185,450
382,N-340,Standard,False,413.5,1.0,2,2,2,0,0,0.1195,300
383,N-340,Standard,False,336.5,1.0,2,2,2,0,0,0.125,300
384,N-340,Standard,False,217.6,1.0,2,2,2,0,0,0.1285,300
385,N-340,Standard,False,353.1,1.0,2,2,2,0,0,0.1435,300
386,N-340,Standard,False,353.1,1.0,2,2,2,0,0,0.129,300
387,N-340,Standard,False,566.7,1.0,2,2,2,0,0,0.135,300
388,N-340,Standard,True,353.1,1.0,4,4,4,0,0,0.1215,600
389,N-340,Standard,True,355.9,1.0,4,4,4,0,0,0.127,600
390,N-340,Standard,False,353.1,1.0,2,2,2,0,0,0.1365,300
391,N-340,Standard,False,346.6,1.0,2,2,2,0,0,0.1255,300
392,N-340,Standard,False,353.1,1.0,2,2,2,0,0,0.1205,300
393,N-340,Standard,False,727.5,1.0,2,2,2,0,0,0.1125,300
394,N-340,Standard,False,618.6,1.0,2,2,2,0,0,0.129,300
395,N-340,Standard,False,353.1,1.0,2,2,2,0,0,0.129,300
396,N-340,Standard,False,796.0,1.0,2,2,2,0,0,0.1235,300
397,N-340,Standard,False,353.1,1.0,2,2,2,0,0,0.132,300
398,N-340,Standard,False,1257.0,1.0,3,3,3,0,0,0.1215,450
399,N-340A,Standard,False,439.6,1.0,2,2,2,0,0,0.122,300
400,N-340A,Standard,False,35.0,1.0,2,2,2,0,0,0.1135,300
401,N-340A,Standard,False,292.0,1.0,2,2,2,0,0,0.1315,300
402,N-340A,Standard,False,219.0,1.0,2,2,2,0,0,0.1205,300
403,N-340A,Standard,False,292.0,1.0,2,2,2,0,0,0.122,300
404,N-347AL,Standard,True,222.5,1.0,4,4,4,0,0,0.1285,600
405,N-347GR,Standard,False,370.0,1.0,2,2,2,0,0,0.1265,300
406,N-349,Standard,True,560.6,1.0,4,4,4,0,0,0.1175,600
407,N-350,Standard,False,746.9,1.0,2,2,2,0,0,0.121,300
408,N-351,Standard,False,245.9,1.0,2,2,2,0,0,0.129,300
409,N-351,Standard,False,245.9,1.0,2,2,2,0,0,0.122,300
410,N-357,Standard,False,378.8,1.0,2,2,2,0,0,0.1325,300
411,N-357,Standard,True,378.8,1.0,4,4,4,0,0,0.125,600
412,N-357,Standard,True,378.8,1.0,4,4,4,0,0,0.132,600
413,N-400,Standard,False,280.8,1.0,2,2,2,0,0,0.1285,300
414,N-400,Standard,False,136.7,1.0,2,2,2,0,0,0.135,300
415,N-400,Standard,False,30.0,1.0,2,2,2,0,0,0.1295,300
416,N-400,Standard,False,30.0,1.0,2,2,2,0,0,0.123,300
417,N-400,Standard,False,23.7,1.0,2,2,2,0,0,0.13,300
418,N-400,Standard,False,14.2,1.0,2,2,2,0,0,0.136,300
419,N-400,Standard,False,30.0,1.0,2,2,2,0,0,0.1345,300
420,N-400A,Standard,False,2.9,1.0,2,2,2,0,0,0.1355,300
421,N-401,Standard,False,220.8,1.0,2,2,2,0,0,0.1265,300
422,N-401A,Standard,False,94.7,1.0,2,2,2,0,0,0.1275,300
423,N-401A,Standard,False,61.9,1.0,2,2,2,0,0,0.1225,300
424,N-401A,Standard,False,201.7,1.0,2,2,2,0,0,0.1285,300
425,N-401A,Standard,False,94.7,1.0,2,2,2,0,0,0.118,300
426,N-401A,Standard,False,94.7,1.0,2,2,2,0,0,0.1275,300
427,N-403,Standard,False,22.1,1.0,2,2,2,0,0,0.134,300
428,N-403,Standard,False,161.2,1.0,2,2,2,0,0,0.129,300
429,N-403,Standard,False,263.9,1.0,2,2,2,0,0,0.1195,300
430,N-403,Standard,False,128.2,1.0,2,2,2,0,0,0.126,300
431,N-403A,Standard,False,18.9,1.0,2,2,2,0,0,0.1175,300
432,N-403A,Standard,False,88.9,1.0,2,2,2,0,0,0.116,300
433,N-403A,Standard,False,61.0,1.0,2,2,2,0,0,0.1285,300
434,N-403A,Standard,False,106.5,1.0,2,2,2,0,0,0.1315,300
435,N-430A,Standard,False,7.2,1.0,2,2,2,0,0,0.1275,300
436,N-430A,Standard,False,19.4,1.0,2,2,2,0,0,0.1225,300
437,N-432A,Standard,False,6.8,1.0,2,2,2,0,0,0.131,300
438,N-432A,Standard,False,1.3,1.0,2,2,2,0,0,0.1475,300
439,N-432A,Standard,False,3.8,1.0,2,2,2,0,0,0.104,300
440,N-432A,Standard,False,2.5,1.0,2,2,2,0,0,0.1335,300
441,N-432A,Standard,False,21.3,1.0,2,2,2,0,0,0.1225,300
442,N-432A,Standard,False,3.4,1.0,2,2,2,0,0,0.116,300
443,N-432A,Standard,False,0.8,1.0,2,2,2,0,0,0.125,300
444,N-432A,Standard,False,2.8,1.0,2,2,2,0,0,0.12,300
445,N-432A,Standard,False,23.1,1.0,2,2,2,0,0,0.123,300
446,N-432A,Standard,False,9.0,1.0,2,2,2,0,0,0.1175,300
447,N-432A,Standard,False,65.3,1.0,2,2,2,0,0,0.1235,300
448,N-432A,Standard,False,140.8,1.0,2,2,2,0,0,0.1325,300
449,N-432A,Standard,False,21.3,1.0,2,2,2,0,0,0.122,300
450,N-432A,Standard,False,21.3,1.0,2,2,2,0,0,0.116,300
451,N-432A,Standard,False,21.1,1.0,2,2,2,0,0,0.118,300
452,N-432A,Standard,False,95.5,1.0,2,2,2,0,0,0.142,300
453,N-432A,Standard,False,21.6,1.0,2,2,2,0,0,0.1245,300
454,N-432A,Standard,False,8.3,1.0,2,2,2,0,0,0.1205,300
455,N-432A,Standard,False,21.3,1.0,2,2,2,0,0,0.138,300
456,N-432R,Standard,False,83.7,1.0,2,2,2,0,0,0.1415,300
457,N-433,Standard,False,135.1,1.0,2,2,2,0,0,0.13,300
458,N-433,Standard,True,183.5,1.0,4,4,4,0,0,0.122,600
459,N-433,Standard,True,86.8,1.0,4,4,4,0,0,0.124,600
460,N-435,Standard,False,149.4,1.0,2,2,2,0,0,0.1185,300
461,N-435A,Standard,False,19.1,1.0,2,2,2,0,0,0.124,300
462,N-5,Standard,False,299.5,1.0,2,2,2,0,0,0.1325,300
463,N-5,Standard,False,14.3,1.0,2,2,2,0,0,0.1125,300
464,N-5,Standard,True,166.5,1.0,4,4,4,0,0,0.1315,600
465,N-5,Standard,False,75.0,1.0,2,2,2,0,0,0.129,300
466,N-5,Standard,False,30.3,1.0,2,2,2,0,0,0.12,300
467,N-501,Standard,False,286.0,1.0,2,2,2,0,0,0.1175,300
468,N-501,Standard,False,34.4,1.0,2,2,2,0,0,0.128,300
469,N-501,Standard,True,154.8,1.0,4,4,4,0,0,0.1165,600
470,N-501,Standard,False,154.8,1.0,2,2,2,0,0,0.13,300
471,N-501A,Standard,False,28.0,1.0,2,2,2,0,0,0.1355,300
472,N-502,Standard,False,97.8,1.0,2,2,2,0,0,0.119,300
473,N-502,Standard,False,85.6,1.0,2,2,2,0,0,0.1225,300
474,N-502,Standard,False,73.3,1.0,2,2,2,0,0,0.1305,300
475,N-502A,Standard,False,22.5,1.0,2,2,2,0,0,0.118,300
476,N-502A,Standard,False,22.5,1.0,2,2,2,0,0,0.126,300
477,N-502A,Standard,False,22.5,1.0,2,2,2,0,0,0.1285,300
478,N-502A,Standard,False,321.4,1.0,2,2,2,0,0,0.132,300
479,N-502A,Standard,False,22.5,1.0,2,2,2,0,0,0.1265,300
480,N-502A,Standard,False,32.7,1.0,2,2,2,0,0,0.1255,300
481,N-502A,Standard,False,22.5,1.0,2,2,2,0,0,0.1255,300
482,N-502A,Standard,False,1.3,1.0,2,2,2,0,0,0.1285,300
483,N-502A,Standard,False,1.7,1.0,2,2,2,0,0,0.1325,300
484,N-521,Standard,False,53.5,1.0,2,2,2,0,0,0.115,300
485,N-521,Standard,False,365.0,1.0,2,2,2,0,0,0.1245,300
486,N-521,Standard,False,229.0,1.0,2,2,2,0,0,0.117,300
487,N-521,Standard,False,549.6,1.0,2,2,2,0,0,0.131,300
488,N-521,Standard,False,93.0,1.0,2,2,2,0,0,0.1355,300
489,N-523,Standard,False,151.8,1.0,2,2,2,0,0,0.1175,300
490,N-523,Standard,False,346.3,1.0,2,2,2,0,0,0.1255,300
491,N-525,Standard,False,81.4,1.0,2,2,2,0,0,0.1365,300
492,N-525,Standard,False,38.2,1.0,2,2,2,0,0,0.1275,300
493,N-525,Standard,False,168.9,1.0,2,2,2,0,0,0.125,300
494,N-525,Standard,False,246.6,1.0,2,2,2,0,0,0.1115,300
495,N-525,Standard,False,366.2,1.0,2,2,2,0,0,0.125,300
496,N-532,Standard,False,108.8,1.0,2,2,2,0,0,0.115,300
497,N-536,Standard,False,85.9,1.0,2,2,2,0,0,0.117,300
498,N-540,Standard,False,576.8,1.0,2,2,2,0,0,0.1315,300
499,N-540,Standard,False,305.4,1.0,2,2,2,0,0,0.1275,300
500,N-540,Standard,False,156.6,1.0,2,2,2,0,0,0.1225,300
501,N-540A,Standard,False,7.5,1.0,2,2,2,0,0,0.1325,300
502,N-541,Standard,False,142.4,1.0,2,2,2,0,0,0.1305,300
503,N-542,Standard,False,951.3,1.0,3,3,3,0,0,0.1355,450
504,N-544,Standard,False,289.1,1.0,2,2,2,0,0,0.1115,300
505,N-547,Standard,False,155.8,1.0,2,2,2,0,0,0.123,300
506,N-550,Standard,False,920.2,1.0,3,3,3,0,0,0.129,450
507,N-550,Standard,False,467.7,1.0,2,2,2,0,0,0.139,300
508,N-550,Standard,False,1079.8,1.0,3,3,3,0,0,0.1215,450
509,N-550,Standard,False,546.7,1.0,2,2,2,0,0,0.1255,300
510,N-550,Standard,False,274.6,1.0,2,2,2,0,0,0.128,300
511,N-550,Standard,False,607.2,1.0,2,2,2,0,0,0.1285,300
512,N-550,Standard,False,607.2,1.0,2,2,2,0,0,0.122,300
513,N-550,Standard,False,667.7,1.0,2,2,2,0,0,0.118,300
514,N-550A,Standard,False,454.7,1.0,2,2,2,0,0,0.119,300
515,N-550A,Standard,False,204.3,1.0,2,2,2,0,0,0.141,300
516,N-550R,Standard,False,306.1,1.0,2,2,2,0,0,0.1195,300
517,N-551,Standard,False,257.1,1.0,2,2,2,0,0,0.1245,300
518,N-552,Standard,False,502.9,1.0,2,2,2,0,0,0.1315,300
519,N-554,Standard,False,419.8,1.0,2,2,2,0,0,0.117,300
520,N-555,Standard,False,328.5,1.0,2,2,2,0,0,0.1245,300
521,N-556,Standard,False,440.5,1.0,2,2,2,0,0,0.121,300
522,N-559,Standard,False,30.3,1.0,2,2,2,0,0,0.1305,300
523,N-5A,Standard,False,90.0,1.0,2,2,2,0,0,0.1215,300
524,N-5A,Standard,False,677.1,1.0,2,2,2,0,0,0.126,300
525,N-5A,Standard,False,383.5,1.0,2,2,2,0,0,0.129,300
526,N-6,Standard,False,593.9,1.0,2,2,2,0,0,0.1115,300
527,N-6,Standard,False,298.5,1.0,2,2,2,0,0,0.124,300
528,N-6,Standard,False,3.0,1.0,2,2,2,0,0,0.1265,300
529,N-6,Standard,False,8.7,1.0,2,2,2,0,0,0.133,300
530,N-6,Standard,False,155.2,1.0,2,2,2,0,0,0.126,300
531,N-6,Standard,False,173.0,1.0,2,2,2,0,0,0.1335,300
532,N-6,Standard,False,155.2,1.0,2,2,2,0,0,0.122,300
533,N-6,Standard,False,41.8,1.0,2,2,2,0,0,0.1225,300
534,N-6,Standard,False,61.7,1.0,2,2,2,0,0,0.129,300
535,N-6,Standard,False,87.6,1.0,2,2,2,0,0,0.1435,300
536,N-6,Standard,False,137.4,1.0,2,2,2,0,0,0.1315,300
537,N-6,Standard,False,763.2,1.0,2,2,2,0,0,0.1185,300
538,N-6,Standard,False,1088.0,1.0,3,3,3,0,0,0.116,450
539,N-6,Standard,False,587.4,1.0,2,2,2,0,0,0.1345,300
540,N-6,Standard,False,127.6,1.0,2,2,2,0,0,0.1375,300
541,N-620A,Standard,False,1057.8,1.0,3,3,3,0,0,0.1235,450
542,N-620A,Standard,False,111.7,1.0,2,2,2,0,0,0.135,300
543,N-621,Standard,False,62.9,1.0,2,2,2,0,0,0.126,300
544,N-621,Standard,False,89.2,1.0,2,2,2,0,0,0.1165,300
545,N-621A,Standard,False,2.6,1.0,2,2,2,0,0,0.1225,300
546,N-622,Standard,False,30.6,1.0,2,2,2,0,0,0.1355,300
547,N-622,Standard,True,30.6,1.0,4,4,4,0,0,0.126,600
548,N-622,Standard,True,30.6,1.0,4,4,4,0,0,0.117,600
549,N-622,Standard,False,30.6,1.0,2,2,2,0,0,0.135,300
550,N-622A,Standard,False,6.0,1.0,2,2,2,0,0,0.1335,300
551,N-623,Standard,False,177.6,1.0,2,2,2,0,0,0.122,300
552,N-623,Standard,True,359.4,1.0,4,4,4,0,0,0.127,600
553,N-623,Standard,False,223.0,1.0,2,2,2,0,0,0.116,300
554,N-623,Standard,False,359.4,1.0,2,2,2,0,0,0.1205,300
555,N-623,Standard,False,495.7,1.0,2,2,2,0,0,0.132,300
556,N-623,Standard,False,1020.2,1.0,3,3,3,0,0,0.117,450
557,N-625,Standard,False,92.8,1.0,2,2,2,0,0,0.118,300
558,N-625,Standard,False,102.2,1.0,2,2,2,0,0,0.141,300
559,N-627,Standard,True,137.6,1.0,4,4,4,0,0,0.125,600
560,N-627,Standard,False,137.6,1.0,2,2,2,0,0,0.1245,300
561,N-629,Standard,False,101.3,1.0,2,2,2,0,0,0.1295,300
562,N-632A,Standard,False,8.4,1.0,2,2,2,0,0,0.122,300
563,N-633,Standard,False,722.6,1.0,2,2,2,0,0,0.121,300
564,N-633,Standard,True,722.6,1.0,4,4,4,0,0,0.125,600
565,N-634,Standard,False,170.0,1.0,2,2,2,0,0,0.122,300
566,N-634,Standard,False,170.0,1.0,2,2,2,0,0,0.1305,300
567,N-634,Standard,False,170.0,1.0,2,2,2,0,0,0.1205,300
568,N-634,Standard,False,170.0,1.0,2,2,2,0,0,0.121,300
569,N-634,Standard,False,135.1,1.0,2,2,2,0,0,0.129,300
570,N-634,Standard,False,157.3,1.0,2,2,2,0,0,0.116,300
571,N-634,Standard,False,170.0,1.0,2,2,2,0,0,0.1355,300
572,N-634,Standard,False,380.9,1.0,2,2,2,0,0,0.131,300
573,N-634,Standard,False,223.5,1.0,2,2,2,0,0,0.129,300
574,N-634,Standard,False,174.1,1.0,2,2,2,0,0,0.1255,300
575,N-634,Standard,False,41.1,1.0,2,2,2,0,0,0.135,300
576,N-634,Standard,False,170.0,1.0,2,2,2,0,0,0.1245,300
577,N-634,Standard,False,290.7,1.0,2,2,2,0,0,0.138,300
578,N-634,Standard,False,165.9,1.0,2,2,2,0,0,0.13,300
579,N-634,Standard,False,553.8,1.0,2,2,2,0,0,0.132,300
580,N-634,Standard,False,180.0,1.0,2,2,2,0,0,0.124,300
581,N-634,Standard,False,115.5,1.0,2,2,2,0,0,0.116,300
582,N-634,Standard,False,94.0,1.0,2,2,2,0,0,0.1265,300
583,N-634,Standard,False,170.0,1.0,2,2,2,0,0,0.129,300
584,N-634,Standard,False,119.1,1.0,2,2,2,0,0,0.1325,300
585,N-634,Standard,False,243.3,1.0,2,2,2,0,0,0.113,300
586,N-634,Standard,True,170.0,1.0,4,4,4,0,0,0.1235,600
587,N-634,Standard,True,80.4,1.0,4,4,4,0,0,0.1215,600
588,N-634,Standard,False,170.0,1.0,2,2,2,0,0,0.1405,300
589,N-634,Standard,False,170.0,1.0,2,2,2,0,0,0.1315,300
590,N-634,Standard,False,198.7,1.0,2,2,2,0,0,0.124,300
591,N-634A,Standard,False,19.1,1.0,2,2,2,0,0,0.115,300
592,N-655,Standard,False,55.0,1.0,2,2,2,0,0,0.114,300
593,N-6A,Standard,False,3.8,1.0,2,2,2,0,0,0.1195,300
594,N-6A,Standard,False,158.9,1.0,2,2,2,0,0,0.125,300
595,N-362,Standard,False,245.9,1.0,2,2,2,0,0,0.119,300
596,N-354,Standard,False,245.9,1.0,2,2,2,0,0,0.116,300
597,N-352,Standard,False,464.7,1.0,2,2,2,0,0,0.121,300
598,N-554R,Standard,False,245.9,1.0,2,2,2,0,0,0.1125,300
599,A-57,Standard,False,245.9,1.0,2,2,2,0,0,0.1415,300
600,A-92M,Standard,True,245.9,1.0,4,4,4,0,0,0.1355,600
601,A-92N,Standard,True,245.9,1.0,4,4,4,0,0,0.135,600
602,A-384,Mediterranean,False,245.9,2.5,2,2,2,0,0,0.1295,300
603,A-384,Mediterranean,True,245.9,2.5,4,4,4,0,0,0.127,600
604,A-381,Mediterranean,True,245.9,2.5,4,4,4,0,0,0.1235,600
605,A-10,Standard,True,245.9,1.0,4,4,4,0,0,0.1225,600
606,AP-15,Standard,True,245.9,1.0,4,4,4,0,0,0.134,600
607,AP-15,Standard,True,245.9,1.0,4,4,4,0,0,0.1285,600
608,AP-15,Standard,False,245.9,1.0,2,2,2,0,0,0.125,300
609,AP-15,Standard,True,245.9,1.0,4,4,4,0,0,0.136,600
610,AP-15-R,Standard,False,245.9,1.0,2,2,2,0,0,0.122,300
611,N-121-A,Standard,True,245.9,1.0,4,4,4,0,0,0.148,600
612,N-121-A,Standard,True,245.9,1.0,4,4,4,0,0,0.133,600
613,N-644,Standard,True,245.9,1.0,4,4,4,0,0,0.1305,600
614,A-66R,Atlantic,False,245.9,1.5,2,2,2,0,0,0.13,300
615,A-66R,Atlantic,False,245.9,1.5,2,2,2,0,0,0.13,300
616,A-66R,Atlantic,False,245.9,1.5,2,2,2,0,0,0.128,300
617,AP-7S,Mediterranean,True,619.7,2.5,4,4,5,0,1,0.1405,600
618,AP-7S,Mediterranean,True,471.9,2.5,4,4,4,0,0,0.1425,600
619,AP-7S,Mediterranean,True,718.1,2.5,4,4,4,0,0,0.11,600
620,AP-7S,Mediterranean,True,619.7,2.5,4,4,4,0,0,0.1175,600
621,AP-7S,Mediterranean,True,619.7,2.5,4,4,4,0,0,0.12,600
622,N-4,Standard,False,61.4,1.0,2,2,2,0,0,0.134,300
623,N-4,Standard,False,54.2,1.0,2,2,2,0,0,0.126,300
624,N-4,Standard,False,246.0,1.0,2,2,2,0,0,0.1235,300
625,N-4,Standard,False,322.8,1.0,2,2,2,0,0,0.138,300
626,N-4,Standard,False,140.8,1.0,2,2,2,0,0,0.1335,300
627,N-4,Standard,False,913.4,1.0,3,3,3,0,0,0.1205,450
628,N-4,Standard,False,449.9,1.0,2,2,2,0,0,0.1135,300
629,N-4,Standard,False,212.7,1.0,2,2,2,0,0,0.1195,300
630,N-4,Standard,False,229.3,1.0,2,2,2,0,0,0.1295,300
631,A-7S,Mediterranean,True,741.7,2.5,4,5,5,1,0,0.129,750
632,A-7S,Mediterranean,True,1025.7,2.5,4,6,6,2,0,0.1225,900
633,A-7S,Mediterranean,True,1208.6,2.5,4,7,7,3,0,0.124,1050
634,A-7S,Mediterranean,True,1842.8,2.5,5,11,12,6,1,0.1375,1650
635,A-7S,Mediterranean,True,1324.5,2.5,4,8,8,4,0,0.125,1200
636,A-7S,Mediterranean,True,474.6,2.5,4,4,4,0,0,0.1305,600
637,A-7S,Mediterranean,True,573.0,2.5,4,4,4,0,0,0.1215,600
638,A-7S,Mediterranean,True,1514.5,2.5,4,9,9,5,0,0.117,1350
639,A-7S,Mediterranean,True,751.2,2.5,4,5,5,1,0,0.1275,750
640,A-7S,Mediterranean,True,825.3,2.5,4,5,5,1,0,0.113,750
641,A-7S,Mediterranean,True,702.2,2.5,4,4,5,0,1,0.132,600
642,A-7S,Mediterranean,True,1971.2,2.5,5,11,11,6,0,0.1175,1650
643,A-7S,Mediterranean,True,1514.5,2.5,4,9,9,5,0,0.1215,1350
644,A-7S,Mediterranean,False,1514.5,2.5,4,9,10,5,1,0.1345,1350
645,A-7S,Mediterranean,True,1999.1,2.5,5,12,12,7,0,0.1295,1800
646,A-7S,Mediterranean,False,3007.1,2.5,7,12,12,5,0,0.118,1800
647,A-1,Standard,False,1002.5,1.0,3,3,3,0,0,0.1375,450
648,A-1,Standard,True,1002.5,1.0,4,4,4,0,0,0.116,600
649,A-1,Standard,True,1583.9,1.0,4,4,4,0,0,0.122,600
650,A-1,Standard,True,1002.5,1.0,4,4,4,0,0,0.125,600
651,A-1,Standard,True,1002.5,1.0,4,4,4,0,0,0.1155,600
652,A-1,Standard,True,1002.5,1.0,4,4,4,0,0,0.1265,600
653,A-1,Standard,True,1002.5,1.0,4,4,4,0,0,0.126,600
654,A-1,Standard,True,1002.5,1.0,4,4,4,0,0,0.1315,600
655,A-1,Standard,True,1002.5,1.0,4,4,4,0,0,0.1285,600
656,A-1,Standard,True,1002.5,1.0,4,4,4,0,0,0.1365,600
657,A-1,Standard,True,1002.5,1.0,4,4,4,0,0,0.1425,600
658,A-11,Standard,False,145.7,1.0,2,2,2,0,0,0.1365,300
659,A-11,Standard,False,178.9,1.0,2,2,2,0,0,0.125,300
660,A-11,Standard,False,143.4,1.0,2,2,2,0,0,0.1425,300
661,A-11,Standard,False,121.3,1.0,2,2,2,0,0,0.1255,300
662,A-11,Standard,False,653.1,1.0,2,2,2,0,0,0.125,300
663,A-11,Standard,False,178.9,1.0,2,2,2,0,0,0.1255,300
664,A-11,Standard,True,306.2,1.0,4,4,4,0,0,0.1255,600
665,A-11,Standard,True,212.1,1.0,4,4,4,0,0,0.1145,600
666,A-11R,Standard,False,245.9,1.0,2,2,2,0,0,0.1485,300
667,A-12,Standard,False,465.4,1.0,2,2,2,0,0,0.127,300
668,A-12,Standard,False,465.4,1.0,2,2,2,0,0,0.128,300
669,A-12,Standard,False,465.4,1.0,2,2,2,0,0,0.1275,300
670,A-13,Standard,False,889.3,1.0,2,2,2,0,0,0.1205,300
671,A-14,Standard,False,230.7,1.0,2,2,2,0,0,0.132,300
672,A-14-R2,Standard,False,245.9,1.0,2,2,2,0,0,0.115,300
673,A-15,Standard,True,213.7,1.0,4,4,4,0,0,0.117,600
674,A-15,Standard,True,213.7,1.0,4,4,4,0,0,0.1305,600
675,A-15,Standard,True,213.7,1.0,4,4,4,0,0,0.139,600
676,A-15,Standard,False,213.7,1.0,2,2,2,0,0,0.1255,300
677,A-15,Standard,True,144.3,1.0,4,4,4,0,0,0.128,600
678,A-15,Standard,True,272.6,1.0,4,4,4,0,0,0.122,600
679,A-15,Standard,False,213.7,1.0,2,2,2,0,0,0.1135,300
680,A-15,Standard,True,213.7,1.0,4,4,4,0,0,0.113,600
681,A-15,Standard,True,213.7,1.0,4,4,4,0,0,0.135,600
682,A-15,Standard,False,213.7,1.0,2,2,2,0,0,0.131,300
683,A-1A,Standard,False,160.2,1.0,2,2,2,0,0,0.1295,300
684,A-2,Standard,False,2321.6,1.0,6,6,6,0,0,0.1185,900
685,A-2,Standard,True,2545.4,1.0,6,6,7,0,1,0.1405,900
686,A-2,Standard,True,920.9,1.0,4,4,4,0,0,0.115,600
687,A-2,Standard,True,743.5,1.0,4,4,4,0,0,0.1235,600
688,A-2,Standard,True,594.7,1.0,4,4,4,0,0,0.125,600
689,A-2,Standard,True,963.8,1.0,4,4,4,0,0,0.116,600
690,A-2,Standard,True,2566.7,1.0,6,6,7,0,1,0.127,900
691,A-2,Standard,True,2874.7,1.0,7,7,7,0,0,0.13,1050
692,A-2,Standard,True,3571.7,1.0,8,8,8,0,0,0.1145,1200
693,A-2,Standard,True,2804.5,1.0,7,7,8,0,1,0.135,1050
694,A-2,Standard,True,1755.1,1.0,4,4,5,0,1,0.1315,600
695,A-2,Standard,False,506.3,1.0,2,2,2,0,0,0.1115,300
696,A-2,Standard,True,705.9,1.0,4,4,4,0,0,0.116,600
697,A-2,Standard,True,1259.6,1.0,4,4,4,0,0,0.127,600
698,A-2,Standard,True,1371.1,1.0,4,4,4,0,0,0.126,600
699,A-2,Standard,True,1313.1,1.0,4,4,4,0,0,0.1165,600
700,A-2,Standard,True,4759.1,1.0,11,11,12,0,1,0.129,1650
701,A-2,Standard,True,5938.2,1.0,12,12,12,0,0,0.117,1800
702,A-2,Standard,False,866.6,1.0,2,2,2,0,0,0.1225,300
703,A-2,Standard,False,497.8,1.0,2,2,2,0,0,0.1355,300
704,A-21,Standard,True,140.9,1.0,4,4,4,0,0,0.123,600
705,A-21,Standard,True,140.9,1.0,4,4,4,0,0,0.123,600
706,A-21,Standard,True,144.3,1.0,4,4,4,0,0,0.1355,600
707,A-21,Standard,False,140.9,1.0,2,2,2,0,0,0.12,300
708,A-21,Standard,False,140.9,1.0,2,2,2,0,0,0.117,300
709,A-21,Standard,True,123.8,1.0,4,4,4,0,0,0.127,600
710,A-21,Standard,False,140.9,1.0,2,2,2,0,0,0.1245,300
711,A-21,Standard,True,139.9,1.0,4,4,4,0,0,0.1225,600
712,A-21,Standard,True,142.0,1.0,4,4,4,0,0,0.1285,600
713,A-22,Standard,True,433.1,1.0,4,4,4,0,0,0.1205,600
714,A-22,Standard,True,403.9,1.0,4,4,4,0,0,0.1255,600
715,A-22,Standard,True,403.9,1.0,4,4,4,0,0,0.129,600
716,A-22,Standard,True,374.7,1.0,4,4,4,0,0,0.122,600
717,A-22,Standard,True,403.9,1.0,4,4,4,0,0,0.1235,600
718,A-22,Standard,False,403.9,1.0,2,2,2,0,0,0.128,300
719,A-22-R1,Standard,False,150.8,1.0,2,2,2,0,0,0.138,300
720,A-22-R2,Standard,False,78.3,1.0,2,2,2,0,0,0.128,300
721,A-30,Mediterranean,True,5051.2,2.5,12,12,12,0,0,0.1285,1800
722,A-30,Mediterranean,True,2317.3,2.5,6,12,12,6,0,0.1315,1800
723,A-30,Mediterranean,True,2629.0,2.5,6,12,12,6,0,0.1355,1800
724,A-31,Mediterranean,True,491.2,2.5,4,4,4,0,0,0.112,600
725,A-31,Mediterranean,True,1067.3,2.5,4,6,6,2,0,0.117,900
726,A-31,Mediterranean,True,1403.3,2.5,4,8,8,4,0,0.1115,1200
727,A-31,Mediterranean,True,664.1,2.5,4,4,5,0,1,0.1375,600
728,A-31,Mediterranean,True,1455.2,2.5,4,9,8,5,-1,0.116,1350
729,A-31,Mediterranean,True,1427.5,2.5,4,8,9,4,1,0.1255,1200
730,A-31,Mediterranean,True,1812.8,2.5,5,11,12,6,1,0.1375,1650
731,A-32,Mediterranean,True,372.9,2.5,4,4,4,0,0,0.1235,600
732,A-32,Mediterranean,True,199.1,2.5,4,4,4,0,0,0.1255,600
733,A-32,Mediterranean,True,79.3,2.5,4,4,4,0,0,0.1305,600
734,A-33,Mediterranean,False,389.5,2.5,2,3,3,1,0,0.1245,450
735,A-35,Mediterranean,False,837.5,2.5,2,5,6,3,1,0.1335,750
736,A-35,Mediterranean,True,837.5,2.5,4,5,5,1,0,0.1165,750
737,A-35,Mediterranean,False,837.5,2.5,2,5,5,3,0,0.1155,750
738,A-38,Mediterranean,False,858.1,2.5,2,5,6,3,1,0.132,750
739,A-38,Mediterranean,False,1107.3,2.5,3,7,7,4,0,0.1285,1050
740,A-4,Standard,False,5443.6,1.0,12,12,12,0,0,0.139,1800
741,A-4,Standard,True,4764.9,1.0,11,11,11,0,0,0.1225,1650
742,A-4,Standard,True,1540.0,1.0,4,4,4,0,0,0.1285,600
743,A-4,Standard,True,1057.8,1.0,4,4,4,0,0,0.122,600
744,A-4,Standard,True,865.1,1.0,4,4,4,0,0,0.143,600
745,A-4,Standard,True,896.1,1.0,4,4,4,0,0,0.116,600
746,A-4,Standard,True,958.1,1.0,4,4,4,0,0,0.1295,600
747,A-4,Standard,True,1135.6,1.0,4,4,4,0,0,0.13,600
748,A-4,Standard,True,1931.3,1.0,5,5,5,0,0,0.12,750
749,A-4,Standard,True,1634.4,1.0,4,4,4,0,0,0.1205,600
750,A-4,Standard,False,1135.6,1.0,3,3,3,0,0,0.1235,450
751,A-4,Standard,False,525.2,1.0,2,2,2,0,0,0.1155,300
752,A-4,Standard,False,1135.6,1.0,3,3,3,0,0,0.1165,450
753,A-4,Standard,True,423.6,1.0,4,4,4,0,0,0.135,600
754,A-4,Standard,True,1475.5,1.0,4,4,4,0,0,0.133,600
755,A-40,Standard,False,500.8,1.0,2,2,2,0,0,0.148,300
756,A-40,Standard,False,141.0,1.0,2,2,2,0,0,0.118,300
757,A-40,Standard,False,187.8,1.0,2,2,2,0,0,0.134,300
758,A-40,Standard,False,221.5,1.0,2,2,2,0,0,0.116,300
759,A-41,Standard,False,398.9,1.0,2,2,2,0,0,0.1195,300
760,A-41,Standard,True,398.9,1.0,4,4,4,0,0,0.1145,600
761,A-42,Standard,False,3079.5,1.0,7,7,7,0,0,0.1175,1050
762,A-43,Standard,True,439.9,1.0,4,4,4,0,0,0.128,600
763,A-43,Standard,True,397.5,1.0,4,4,4,0,0,0.1185,600
764,A-43,Standard,True,437.0,1.0,4,4,4,0,0,0.1285,600
765,A-43,Standard,True,308.7,1.0,4,4,4,0,0,0.1305,600
766,A-44,Standard,True,843.9,1.0,4,4,4,0,0,0.1285,600
767,A-44,Standard,True,938.1,1.0,4,4,4,0,0,0.1255,600
768,A-44,Standard,True,933.1,1.0,4,4,4,0,0,0.1205,600
769,A-44,Standard,False,525.1,1.0,2,2,2,0,0,0.1295,300
770,A-44,Standard,False,933.1,1.0,3,3,3,0,0,0.121,450
771,A-44,Standard,True,1149.1,1.0,4,4,4,0,0,0.12,600
772,A-45,Standard,True,686.6,1.0,4,4,4,0,0,0.141,600
773,A-45,Standard,True,1093.2,1.0,4,4,4,0,0,0.1265,600
774,A-45,Standard,True,1527.9,1.0,4,4,4,0,0,0.1375,600
775,A-45,Standard,True,1093.2,1.0,4,4,4,0,0,0.1145,600
776,A-45,Standard,False,1093.2,1.0,3,3,3,0,0,0.1195,450
777,A-48,Standard,False,1358.0,1.0,4,4,4,0,0,0.1275,600
778,A-49,Standard,True,2234.6,1.0,5,5,6,0,1,0.1215,750
779,A-49,Standard,True,608.8,1.0,4,4,4,0,0,0.126,600
780,A-4A,Standard,False,71.6,1.0,2,2,2,0,0,0.1095,300
781,A-4R1,Standard,False,245.9,1.0,2,2,2,0,0,0.119,300
782,A-4R2,Standard,False,245.9,1.0,2,2,2,0,0,0.135,300
783,A-5,Standard,False,850.5,1.0,2,2,2,0,0,0.124,300
784,A-5,Standard,True,2553.2,1.0,6,6,7,0,1,0.1285,900
785,A-5,Standard,True,3010.9,1.0,7,7,7,0,0,0.113,1050
786,A-5,Standard,True,1514.7,1.0,4,4,4,0,0,0.109,600
787,A-5,Standard,True,975.7,1.0,4,4,4,0,0,0.1315,600
788,A-5,Standard,True,537.9,1.0,4,4,4,0,0,0.136,600
789,A-5,Standard,True,416.5,1.0,4,4,4,0,0,0.1285,600
790,A-5,Standard,True,690.7,1.0,4,4,4,0,0,0.1115,600
791,A-5,Standard,True,983.1,1.0,4,4,4,0,0,0.123,600
792,A-5,Standard,True,756.3,1.0,4,4,4,0,0,0.1215,600
793,A-5,Standard,True,850.5,1.0,4,4,4,0,0,0.1305,600
794,A-5,Standard,True,487.7,1.0,4,4,4,0,0,0.1095,600
795,A-5,Standard,True,850.5,1.0,4,4,4,0,0,0.1235,600
796,A-50,Standard,True,364.7,1.0,4,4,4,0,0,0.1305,600
797,A-50,Standard,True,587.4,1.0,4,4,4,0,0,0.114,600
798,A-50,Standard,True,476.0,1.0,4,4,4,0,0,0.137,600
799,A-52,Standard,False,728.3,1.0,2,2,2,0,0,0.135,300
800,A-52,Standard,True,388.6,1.0,4,4,4,0,0,0.125,600
801,A-52,Standard,True,603.3,1.0,4,4,4,0,0,0.1255,600
802,A-52,Standard,True,1204.0,1.0,4,4,4,0,0,0.1235,600
803,A-52,Standard,True,853.3,1.0,4,4,4,0,0,0.1275,600
804,A-52,Standard,False,728.3,1.0,2,2,2,0,0,0.125,300
805,A-54,Standard,True,203.3,1.0,4,4,4,0,0,0.1285,600
806,A-54,Standard,True,325.2,1.0,4,4,4,0,0,0.1215,600
807,A-54,Standard,True,325.2,1.0,4,4,4,0,0,0.1115,600
808,A-54,Standard,True,762.6,1.0,4,4,4,0,0,0.1295,600
809,A-54,Standard,True,325.2,1.0,4,4,4,0,0,0.126,600
810,A-55,Standard,True,1563.4,1.0,4,4,4,0,0,0.119,600
811,A-55,Standard,True,1491.6,1.0,4,4,4,0,0,0.122,600
812,A-55,Standard,True,2604.8,1.0,6,6,6,0,0,0.114,900
813,A-55,Standard,True,1635.3,1.0,4,4,5,0,1,0.1445,600
814,A-8,Atlantic,True,847.4,1.5,4,4,4,0,0,0.129,600
815,A-8,Atlantic,True,1982.7,1.5,5,7,8,2,1,0.1295,1050
816,A-8,Atlantic,True,2560.0,1.5,6,9,9,3,0,0.1255,1350
817,A-8,Atlantic,True,936.5,1.5,4,4,4,0,0,0.13,600
818,A-8,Atlantic,True,840.9,1.5,4,4,4,0,0,0.1215,600
819,A-8,Atlantic,True,844.2,1.5,4,4,4,0,0,0.1305,600
820,A-8,Atlantic,True,538.7,1.5,4,4,4,0,0,0.1245,600
821,A-8,Atlantic,True,477.0,1.5,4,4,4,0,0,0.126,600
822,A-8,Atlantic,True,411.0,1.5,4,4,4,0,0,0.1385,600
823,A-8,Atlantic,True,369.5,1.5,4,4,4,0,0,0.13,600
824,A-8,Atlantic,True,328.2,1.5,4,4,4,0,0,0.1305,600
825,A-8,Atlantic,True,387.7,1.5,4,4,4,0,0,0.1315,600
826,A-91,Standard,True,468.7,1.0,4,4,4,0,0,0.127,600
827,A-92,Standard,True,545.9,1.0,4,4,4,0,0,0.1425,600
828,A-92,Standard,True,545.9,1.0,4,4,4,0,0,0.1195,600
829,A-92,Standard,True,545.9,1.0,4,4,4,0,0,0.1335,600
830,A-92,Standard,True,545.9,1.0,4,4,4,0,0,0.1215,600
831,A-92,Standard,True,545.9,1.0,4,4,4,0,0,0.1345,600
832,A-92,Standard,True,545.9,1.0,4,4,4,0,0,0.1325,600
833,A-92,Standard,False,545.9,1.0,2,2,2,0,0,0.1315,300
834,AP-1,Standard,True,1048.3,1.0,4,4,4,0,0,0.121,600
835,AP-1,Standard,True,1048.3,1.0,4,4,4,0,0,0.123,600
836,AP-1,Standard,True,1048.3,1.0,4,4,4,0,0,0.142,600
837,AP-1,Standard,True,1048.3,1.0,4,4,4,0,0,0.1225,600
838,AP-1,Standard,False,1048.3,1.0,3,3,3,0,0,0.1315,450
839,AP-2,Standard,False,591.4,1.0,2,2,2,0,0,0.1225,300
840,AP-2,Standard,True,637.3,1.0,4,4,4,0,0,0.1275,600
841,AP-2,Standard,True,545.5,1.0,4,4,4,0,0,0.125,600
842,AP-36,Standard,False,136.9,1.0,2,2,2,0,0,0.126,300
843,AP-36,Standard,False,367.9,1.0,2,2,2,0,0,0.1235,300
844,AP-4,Mediterranean,True,1169.2,2.5,4,7,7,3,0,0.1245,1050
845,AP-4,Mediterranean,True,1230.7,2.5,4,7,7,3,0,0.119,1050
846,AP-4,Mediterranean,True,848.2,2.5,4,5,6,1,1,0.1345,750
847,AP-4,Mediterranean,False,1169.2,2.5,3,7,8,4,1,0.147,1050
848,AP-41,Mediterranean,False,62.6,2.5,2,2,2,0,0,0.136,300
849,AP-46,Mediterranean,False,588.1,2.5,2,4,4,2,0,0.137,600
850,AP-4A,Mediterranean,False,1172.0,2.5,3,7,7,4,0,0.122,1050
851,AP-51,Standard,True,401.5,1.0,4,4,4,0,0,0.113,600
852,AP-53,Standard,False,351.8,1.0,2,2,2,0,0,0.1185,300
853,AP-6,Standard,False,995.0,1.0,3,3,3,0,0,0.117,450
854,AP-6,Standard,True,1368.1,1.0,4,4,4,0,0,0.1155,600
855,AP-6,Standard,True,995.0,1.0,4,4,4,0,0,0.112,600
856,AP-6,Standard,True,588.1,1.0,4,4,4,0,0,0.111,600
857,AP-61,Standard,False,374.0,1.0,2,2,2,0,0,0.134,300
858,AP-66,Atlantic,True,334.1,1.5,4,4,4,0,0,0.1145,600
859,AP-68,Standard,True,1112.0,1.0,4,4,4,0,0,0.1335,600
860,AP-68,Standard,True,993.6,1.0,4,4,4,0,0,0.1365,600
861,AP-68,Standard,True,429.6,1.0,4,4,4,0,0,0.1285,600
862,AP-68,Standard,True,303.7,1.0,4,4,4,0,0,0.126,600
863,AP-68,Standard,True,441.5,1.0,4,4,4,0,0,0.12,600
864,AP-68,Standard,True,474.7,1.0,4,4,4,0,0,0.118,600
865,AP-68,Standard,True,491.2,1.0,4,4,4,0,0,0.118,600
866,AP-68,Standard,True,606.8,1.0,4,4,4,0,0,0.127,600
867,AP-68,Standard,True,482.9,1.0,4,4,4,0,0,0.1255,600
868,AP-68,Standard,True,482.9,1.0,4,4,4,0,0,0.138,600
869,AP-71,Mediterranean,False,235.6,2.5,2,2,2,0,0,0.14,300
870,AP-71,Mediterranean,False,235.6,2.5,2,2,2,0,0,0.1235,300
871,AP-7N,Mediterranean,False,1220.1,2.5,3,7,7,4,0,0.122,1050
872,AP-7N,Mediterranean,True,1743.7,2.5,4,10,11,6,1,0.1255,1500
873,AP-7N,Mediterranean,True,2830.6,2.5,7,12,12,5,0,0.125,1800
874,AP-7N,Mediterranean,True,5009.8,2.5,12,12,12,0,0,0.108,1800
875,AP-7N,Mediterranean,True,4301.4,2.5,10,12,12,2,0,0.124,1800
876,AP-7N,Mediterranean,True,3310.9,2.5,8,12,12,4,0,0.1175,1800
877,AP-7N,Mediterranean,True,2645.7,2.5,6,12,12,6,0,0.125,1800
878,AP-7N,Mediterranean,True,1911.0,2.5,5,11,12,6,1,0.125,1650
879,AP-7N,Mediterranean,True,1210.3,2.5,4,7,7,3,0,0.1235,1050
880,AP-7N,Mediterranean,True,1138.9,2.5,4,7,7,3,0,0.1235,1050
881,AP-7N,Mediterranean,True,1070.4,2.5,4,6,7,2,1,0.13,900
882,AP-7N,Mediterranean,True,1482.7,2.5,4,9,10,5,1,0.1455,1350
883,AP-7N,Mediterranean,True,2593.6,2.5,6,12,12,6,0,0.122,1800
884,AP-7N,Mediterranean,True,1199.3,2.5,4,7,7,3,0,0.123,1050
885,AP-7N,Mediterranean,True,1356.0,2.5,4,8,8,4,0,0.1165,1200
886,AP-7N,Mediterranean,True,621.8,2.5,4,4,4,0,0,0.131,600
887,AP-7N,Mediterranean,False,688.6,2.5,2,4,5,2,1,0.132,600
888,N-1,Standard,False,118.6,1.0,2,2,2,0,0,0.126,300
889,N-1,Standard,False,225.4,1.0,2,2,2,0,0,0.1205,300
890,N-1,Standard,False,116.2,1.0,2,2,2,0,0,0.1365,300
891,N-1,Standard,False,18.7,1.0,2,2,2,0,0,0.119,300
892,N-1,Standard,False,4.3,1.0,2,2,2,0,0,0.1165,300
893,N-1,Standard,False,10.4,1.0,2,2,2,0,0,0.126,300
894,N-1,Standard,False,44.2,1.0,2,2,2,0,0,0.126,300
895,N-120,Standard,False,352.5,1.0,2,2,2,0,0,0.1215,300
896,N-120,Standard,False,196.3,1.0,2,2,2,0,0,0.127,300
897,N-120,Standard,False,42.7,1.0,2,2,2,0,0,0.113,300
898,N-120,Standard,False,72.4,1.0,2,2,2,0,0,0.121,300
899,N-120,Standard,False,463.4,1.0,2,2,2,0,0,0.128,300
900,N-120A,Standard,False,84.0,1.0,2,2,2,0,0,0.1235,300
901,N-120A,Standard,False,84.0,1.0,2,2,2,0,0,0.1185,300
902,N-120A,Standard,False,115.6,1.0,2,2,2,0,0,0.1175,300
903,N-120A,Standard,False,84.0,1.0,2,2,2,0,0,0.132,300
904,N-120A,Standard,False,52.5,1.0,2,2,2,0,0,0.129,300
905,N-120A,Standard,False,84.0,1.0,2,2,2,0,0,0.12,300
906,N-121,Standard,False,216.7,1.0,2,2,2,0,0,0.1305,300
907,N-121,Standard,False,216.7,1.0,2,2,2,0,0,0.126,300
908,N-121,Standard,False,216.7,1.0,2,2,2,0,0,0.124,300
909,N-122,Standard,False,247.1,1.0,2,2,2,0,0,0.1315,300
910,N-122,Standard,False,45.0,1.0,2,2,2,0,0,0.1295,300
911,N-122,Standard,False,145.7,1.0,2,2,2,0,0,0.117,300
912,N-122,Standard,False,145.7,1.0,2,2,2,0,0,0.129,300
913,N-122,Standard,True,211.5,1.0,4,4,4,0,0,0.1245,600
914,N-122,Standard,False,134.5,1.0,2,2,2,0,0,0.109,300
915,N-122,Standard,False,51.8,1.0,2,2,2,0,0,0.133,300
916,N-122,Standard,False,148.9,1.0,2,2,2,0,0,0.128,300
917,N-122,Standard,False,145.7,1.0,2,2,2,0,0,0.1165,300
918,N-122,Standard,False,245.7,1.0,2,2,2,0,0,0.122,300
919,N-122,Standard,False,17.8,1.0,2,2,2,0,0,0.131,300
920,N-122,Standard,False,145.7,1.0,2,2,2,0,0,0.134,300
921,N-122,Standard,False,112.6,1.0,2,2,2,0,0,0.1125,300
922,N-122,Standard,False,305.5,1.0,2,2,2,0,0,0.118,300
923,N-122,Standard,False,145.7,1.0,2,2,2,0,0,0.116,300
924,N-122,Standard,False,145.7,1.0,2,2,2,0,0,0.1385,300
925,N-122,Standard,True,145.7,1.0,4,4,4,0,0,0.1205,600
926,N-122,Standard,False,145.7,1.0,2,2,2,0,0,0.116,300
927,N-122A,Standard,False,45.0,1.0,2,2,2,0,0,0.129,300
928,N-122A,Standard,False,47.9,1.0,2,2,2,0,0,0.123,300
929,N-122A,Standard,False,42.1,1.0,2,2,2,0,0,0.1325,300
930,N-123,Standard,False,201.2,1.0,2,2,2,0,0,0.1165,300
931,N-123A,Standard,False,83.3,1.0,2,2,2,0,0,0.132,300
932,N-123B,Standard,False,245.9,1.0,2,2,2,0,0,0.134,300
933,N-124,Standard,False,307.4,1.0,2,2,2,0,0,0.138,300
934,N-124,Standard,False,307.4,1.0,2,2,2,0,0,0.13,300
935,N-1A,Standard,False,8.0,1.0,2,2,2,0,0,0.1405,300
936,N-1A,Standard,False,6.5,1.0,2,2,2,0,0,0.119,300
937,N-1A,Standard,False,149.1,1.0,2,2,2,0,0,0.132,300
938,N-1R,Standard,False,397.5,1.0,2,2,2,0,0,0.134,300
939,N-2,Standard,False,30.4,1.0,2,2,2,0,0,0.1335,300
940,N-2,Standard,False,5.2,1.0,2,2,2,0,0,0.1195,300
941,N-2,Standard,False,284.7,1.0,2,2,2,0,0,0.123,300
942,N-2,Standard,False,21.6,1.0,2,2,2,0,0,0.116,300
943,N-2,Standard,False,284.7,1.0,2,2,2,0,0,0.1315,300
944,N-2,Standard,False,33.0,1.0,2,2,2,0,0,0.1325,300
945,N-2,Standard,False,53.7,1.0,2,2,2,0,0,0.1275,300
946,N-2,Standard,False,2.8,1.0,2,2,2,0,0,0.129,300
947,N-2,Standard,False,503.3,1.0,2,2,2,0,0,0.1285,300
948,N-2,Standard,False,246.3,1.0,2,2,2,0,0,0.1315,300
949,N-2,Standard,False,230.2,1.0,2,2,2,0,0,0.1195,300
950,N-2,Standard,True,1989.2,1.0,5,5,5,0,0,0.132,750
951,N-2,Standard,True,284.7,1.0,4,4,4,0,0,0.123,600
952,N-2,Standard,False,882.7,1.0,2,2,3,0,1,0.1235,300
953,N-2,Standard,False,444.8,1.0,2,2,2,0,0,0.137,300
954,N-2,Standard,False,634.1,1.0,2,2,2,0,0,0.1215,300
955,N-2,Standard,False,284.7,1.0,2,2,2,0,0,0.134,300
956,N-2,Standard,False,530.5,1.0,2,2,2,0,0,0.1305,300
957,N-2,Standard,False,778.5,1.0,2,2,2,0,0,0.124,300
958,N-2,Standard,False,284.7,1.0,2,2,2,0,0,0.1315,300
959,N-2,Standard,False,284.7,1.0,2,2,2,0,0,0.1355,300
960,N-2,Standard,False,323.1,1.0,2,2,2,0,0,0.131,300
961,N-204,Standard,False,50.4,1.0,2,2,2,0,0,0.129,300
962,N-211,Standard,False,79.7,1.0,2,2,2,0,0,0.132,300
963,N-211,Standard,False,89.6,1.0,2,2,2,0,0,0.13,300
964,N-211,Standard,False,150.4,1.0,2,2,2,0,0,0.1295,300
965,N-211A,Standard,False,5.6,1.0,2,2,2,0,0,0.1175,300
966,N-211A,Standard,False,5.6,1.0,2,2,2,0,0,0.1255,300
967,N-232A,Standard,False,7.9,1.0,2,2,2,0,0,0.131,300
968,N-232A,Standard,False,7.9,1.0,2,2,2,0,0,0.1275,300
969,N-232B,Standard,False,26.9,1.0,2,2,2,0,0,0.1225,300
970,N-234,Standard,False,237.8,1.0,2,2,2,0,0,0.1365,300
971,N-234,Standard,False,82.2,1.0,2,2,2,0,0,0.1265,300
972,N-234,Standard,False,7.1,1.0,2,2,2,0,0,0.131,300
973,N-234,Standard,False,82.2,1.0,2,2,2,0,0,0.129,300
974,N-234,Standard,False,82.2,1.0,2,2,2,0,0,0.1195,300
975,N-234,Standard,False,36.7,1.0,2,2,2,0,0,0.1225,300
976,N-234,Standard,False,53.6,1.0,2,2,2,0,0,0.1285,300
977,N-234,Standard,False,17.0,1.0,2,2,2,0,0,0.1325,300
978,N-234,Standard,False,127.5,1.0,2,2,2,0,0,0.1255,300
979,N-234,Standard,False,82.2,1.0,2,2,2,0,0,0.112,300
980,N-234,Standard,False,87.9,1.0,2,2,2,0,0,0.1335,300
981,N-234,Standard,False,153.4,1.0,2,2,2,0,0,0.12,300
982,N-234A,Standard,False,4.7,1.0,2,2,2,0,0,0.1215,300
983,N-234A,Standard,False,10.2,1.0,2,2,2,0,0,0.1285,300
984,N-234A,Standard,False,15.7,1.0,2,2,2,0,0,0.1195,300
985,N-235,Standard,False,582.6,1.0,2,2,2,0,0,0.1245,300
986,N-238,Standard,False,201.5,1.0,2,2,2,0,0,0.1175,300
987,N-240,Standard,False,903.1,1.0,3,3,3,0,0,0.129,450
988,N-240,Standard,False,371.9,1.0,2,2,2,0,0,0.1275,300
989,N-240,Standard,False,199.4,1.0,2,2,2,0,0,0.109,300
990,N-240,Standard,False,250.0,1.0,2,2,2,0,0,0.132,300
991,N-240,Standard,False,300.7,1.0,2,2,2,0,0,0.133,300
992,N-240,Standard,False,350.0,1.0,2,2,2,0,0,0.129,300
993,N-240,Standard,False,52.9,1.0,2,2,2,0,0,0.132,300
994,N-320A,Standard,False,10.3,1.0,2,2,2,0,0,0.128,300
995,N-320A,Standard,False,19.0,1.0,2,2,2,0,0,0.13,300
996,N-322,Standard,False,104.4,1.0,2,2,2,0,0,0.1185,300
997,N-322,Standard,True,104.4,1.0,4,4,4,0,0,0.1315,600
998,N-322,Standard,True,40.4,1.0,4,4,4,0,0,0.1335,600
999,N-322,Standard,False,171.0,1.0,2,2,2,0,0,0.1265,300
1000,N-322,Standard,False,250.7,1.0,2,2,2,0,0,0.1245,300
1001,N-322,Standard,False,100.7,1.0,2,2,2,0,0,0.121,300
1002,N-322,Standard,False,104.4,1.0,2,2,2,0,0,0.1225,300
1003,N-322,Standard,True,274.0,1.0,4,4,4,0,0,0.12,600
1004,N-322,Standard,True,559.2,1.0,4,4,4,0,0,0.118,600
1005,N-322,Standard,False,90.6,1.0,2,2,2,0,0,0.121,300
1006,N-322,Standard,False,65.8,1.0,2,2,2,0,0,0.132,300
1007,N-322A,Standard,False,4.5,1.0,2,2,2,0,0,0.1255,300
1008,N-322A,Standard,False,112.2,1.0,2,2,2,0,0,0.1205,300
1009,N-322A,Standard,False,44.1,1.0,2,2,2,0,0,0.1245,300
1010,N-322A,Standard,False,58.0,1.0,2,2,2,0,0,0.136,300
1011,N-322A,Standard,False,6.7,1.0,2,2,2,0,0,0.1285,300
1012,N-323,Standard,False,192.7,1.0,2,2,2,0,0,0.113,300
1013,N-323,Standard,False,192.7,1.0,2,2,2,0,0,0.1265,300
1014,N-323,Standard,False,192.7,1.0,2,2,2,0,0,0.1155,300
1015,N-323,Standard,False,192.7,1.0,2,2,2,0,0,0.1265,300
1016,N-323,Standard,False,73.3,1.0,2,2,2,0,0,0.1185,300
1017,N-330,Standard,False,178.3,1.0,2,2,2,0,0,0.122,300
1018,N-330,Standard,True,277.7,1.0,4,4,4,0,0,0.1225,600
1019,N-330,Standard,True,30.8,1.0,4,4,4,0,0,0.14,600
1020,N-330,Standard,True,93.2,1.0,4,4,4,0,0,0.124,600
1021,N-330,Standard,True,132.3,1.0,4,4,4,0,0,0.1365,600
1022,N-330A,Standard,False,21.4,1.0,2,2,2,0,0,0.125,300
1023,N-330A,Standard,False,15.4,1.0,2,2,2,0,0,0.123,300
1024,N-330A,Standard,False,28.5,1.0,2,2,2,0,0,0.12,300
1025,N-330A,Standard,False,11.5,1.0,2,2,2,0,0,0.124,300
1026,N-330A,Standard,False,10.2,1.0,2,2,2,0,0,0.122,300
1027,N-330A,Standard,False,21.4,1.0,2,2,2,0,0,0.1225,300
1028,N-330A,Standard,False,21.4,1.0,2,2,2,0,0,0.12,300
1029,N-330A,Standard,False,21.4,1.0,2,2,2,0,0,0.133,300
1030,N-330A,Standard,False,0.8,1.0,2,2,2,0,0,0.1295,300
1031,N-330A,Standard,False,44.7,1.0,2,2,2,0,0,0.1315,300
1032,N-330A,Standard,False,202.2,1.0,2,2,2,0,0,0.1385,300
1033,N-330A,Standard,False,21.4,1.0,2,2,2,0,0,0.124,300
1034,N-330A,Standard,False,27.3,1.0,2,2,2,0,0,0.1275,300
1035,N-330B,Standard,False,19.0,1.0,2,2,2,0,0,0.1345,300
1036,N-331,Standard,False,49.5,1.0,2,2,2,0,0,0.143,300
1037,N-331,Standard,False,227.3,1.0,2,2,2,0,0,0.124,300
1038,N-331,Standard,False,93.9,1.0,2,2,2,0,0,0.113,300
1039,N-331,Standard,False,28.7,1.0,2,2,2,0,0,0.1305,300
1040,N-331,Standard,False,21.5,1.0,2,2,2,0,0,0.132,300
1041,N-331,Standard,False,12.1,1.0,2,2,2,0,0,0.143,300
1042,N-331,Standard,False,478.7,1.0,2,2,2,0,0,0.123,300
1043,N-331,Standard,False,68.2,1.0,2,2,2,0,0,0.1345,300
1044,N-331R,Standard,False,118.3,1.0,2,2,2,0,0,0.134,300
1045,N-331R,Standard,False,118.3,1.0,2,2,2,0,0,0.1255,300
1046,N-332,Standard,False,397.5,1.0,2,2,2,0,0,0.1345,300
1047,N-332,Standard,False,1245.6,1.0,3,3,3,0,0,0.123,450
1048,N-332,Standard,False,687.7,1.0,2,2,2,0,0,0.137,300
1049,N-332,Standard,False,1093.4,1.0,3,3,3,0,0,0.1235,450
1050,N-332,Standard,False,687.7,1.0,2,2,2,0,0,0.131,300
1051,N-332,Standard,False,1043.7,1.0,3,3,3,0,0,0.1345,450
1052,N-337,Standard,False,519.2,1.0,2,2,2,0,0,0.1225,300
1053,N-337,Standard,False,20.0,1.0,2,2,2,0,0,0.127,300
1054,N-337A,Standard,False,521.5,1.0,2,2,2,0,0,0.1345,300
1055,N-338,Standard,False,1192.9,1.0,3,3,4,0,1,0.136,450
1056,N-338,Standard,True,1257.6,1.0,4,4,4,0,0,0.1295,600
1057,N-339,Standard,False,326.1,1.0,2,2,2,0,0,0.108,300
1058,N-340,Standard,False,165.6,1.0,2,2,2,0,0,0.125,300
1059,N-340,Standard,False,27.7,1.0,2,2,2,0,0,0.126,300
1060,N-340,Standard,False,404.8,1.0,2,2,2,0,0,0.1255,300
1061,N-340,Standard,False,49.2,1.0,2,2,2,0,0,0.127,300
1062,N-340,Standard,False,343.3,1.0,2,2,2,0,0,0.1275,300
1063,N-340,Standard,False,36.8,1.0,2,2,2,0,0,0.123,300
1064,N-340,Standard,False,20.8,1.0,2,2,2,0,0,0.125,300
1065,N-340,Standard,False,212.1,1.0,2,2,2,0,0,0.129,300
1066,N-340,Standard,False,353.1,1.0,2,2,2,0,0,0.123,300
1067,N-340,Standard,False,350.4,1.0,2,2,2,0,0,0.1255,300
1068,N-340,Standard,False,353.1,1.0,2,2,2,0,0,0.134,300
1069,N-340,Standard,False,353.1,1.0,2,2,2,0,0,0.1215,300
1070,N-340,Standard,False,883.6,1.0,2,2,2,0,0,0.12,300
1071,N-340,Standard,False,616.3,1.0,2,2,2,0,0,0.114,300
1072,N-340,Standard,False,353.1,1.0,2,2,2,0,0,0.1365,300
1073,N-340,Standard,False,486.0,1.0,2,2,2,0,0,0.14,300
1074,N-340A,Standard,False,292.0,1.0,2,2,2,0,0,0.1155,300
1075,N-340A,Standard,False,440.7,1.0,2,2,2,0,0,0.131,300
1076,N-340A,Standard,False,292.0,1.0,2,2,2,0,0,0.1195,300
1077,N-340A,Standard,True,1247.9,1.0,4,4,4,0,0,0.1285,600
1078,N-340A,Standard,False,292.0,1.0,2,2,2,0,0,0.134,300
1079,N-340A,Standard,False,620.7,1.0,2,2,2,0,0,0.1345,300
1080,N-340A,Standard,False,99.8,1.0,2,2,2,0,0,0.12,300
1081,N-340A,Standard,False,114.6,1.0,2,2,2,0,0,0.126,300
1082,N-340A,Standard,False,74.4,1.0,2,2,2,0,0,0.1305,300
1083,N-340A,Standard,False,292.0,1.0,2,2,2,0,0,0.129,300
1084,N-340A,Standard,False,292.0,1.0,2,2,2,0,0,0.1225,300
1085,N-340A,Standard,False,157.8,1.0,2,2,2,0,0,0.1335,300
1086,N-340A,Standard,False,292.0,1.0,2,2,2,0,0,0.12,300
1087,N-340A,Standard,False,1604.3,1.0,4,4,4,0,0,0.1165,600
1088,N-340A,Standard,False,292.0,1.0,2,2,2,0,0,0.1245,300
1089,N-340A,Standard,False,365.0,1.0,2,2,2,0,0,0.1285,300
1090,N-340A,Standard,False,452.8,1.0,2,2,2,0,0,0.1095,300
1091,N-340A,Standard,False,407.9,1.0,2,2,2,0,0,0.1465,300
1092,N-340A,Standard,False,165.6,1.0,2,2,2,0,0,0.1295,300
1093,N-340A,Standard,False,292.0,1.0,2,2,2,0,0,0.147,300
1094,N-340A,Standard,False,292.0,1.0,2,2,2,0,0,0.1275,300
1095,N-340A,Standard,False,5.6,1.0,2,2,2,0,0,0.133,300
1096,N-340R,Standard,False,557.4,1.0,2,2,2,0,0,0.1155,300
1097,N-341,Standard,True,184.0,1.0,4,4,4,0,0,0.1225,600
1098,N-342,Standard,False,23.6,1.0,2,2,2,0,0,0.119,300
1099,N-343,Standard,False,245.9,1.0,2,2,2,0,0,0.1265,300
1100,N-344,Standard,False,182.3,1.0,2,2,2,0,0,0.1255,300
1101,N-344,Standard,False,80.2,1.0,2,2,2,0,0,0.12,300
1102,N-344,Standard,False,182.3,1.0,2,2,2,0,0,0.1305,300
1103,N-344,Standard,False,444.4,1.0,2,2,2,0,0,0.1265,300
1104,N-345,Standard,False,102.0,1.0,2,2,2,0,0,0.127,300
1105,N-346,Standard,True,118.4,1.0,4,4,4,0,0,0.1225,600
1106,N-403A,Standard,False,75.0,1.0,2,2,2,0,0,0.1285,300
1107,N-420,Standard,False,109.0,1.0,2,2,2,0,0,0.1255,300
1108,N-420,Standard,False,142.5,1.0,2,2,2,0,0,0.131,300
1109,N-420,Standard,False,71.2,1.0,2,2,2,0,0,0.123,300
1110,N-420,Standard,False,58.7,1.0,2,2,2,0,0,0.1255,300
1111,N-420,Standard,False,94.4,1.0,2,2,2,0,0,0.1145,300
1112,N-420,Standard,False,226.7,1.0,2,2,2,0,0,0.1215,300
1113,N-420,Standard,False,101.7,1.0,2,2,2,0,0,0.1255,300
1114,N-420,Standard,False,101.7,1.0,2,2,2,0,0,0.127,300
1115,N-420A,Standard,False,103.1,1.0,2,2,2,0,0,0.1245,300
1116,N-420A,Standard,False,11.4,1.0,2,2,2,0,0,0.1255,300
1117,N-420A,Standard,False,311.7,1.0,2,2,2,0,0,0.1205,300
1118,N-420A,Standard,False,0.8,1.0,2,2,2,0,0,0.1305,300
1119,N-420A,Standard,False,0.4,1.0,2,2,2,0,0,0.13,300
1120,N-420A,Standard,False,3.5,1.0,2,2,2,0,0,0.138,300
1121,N-420A,Standard,False,86.3,1.0,2,2,2,0,0,0.117,300
1122,N-420A,Standard,False,3.2,1.0,2,2,2,0,0,0.1285,300
1123,N-420A,Standard,False,3.2,1.0,2,2,2,0,0,0.1165,300
1124,N-420A,Standard,False,20.1,1.0,2,2,2,0,0,0.125,300
1125,N-420A,Standard,False,11.4,1.0,2,2,2,0,0,0.1225,300
1126,N-420A,Standard,False,188.5,1.0,2,2,2,0,0,0.129,300
1127,N-420A,Standard,False,0.9,1.0,2,2,2,0,0,0.13,300
1128,N-420A,Standard,False,67.2,1.0,2,2,2,0,0,0.1315,300
1129,N-420B,Standard,False,245.9,1.0,2,2,2,0,0,0.124,300
1130,N-430,Standard,False,119.3,1.0,2,2,2,0,0,0.1285,300
1131,N-430,Standard,False,283.1,1.0,2,2,2,0,0,0.125,300
1132,N-430,Standard,False,154.8,1.0,2,2,2,0,0,0.1325,300
1133,N-430,Standard,False,499.1,1.0,2,2,2,0,0,0.1275,300
1134,N-430,Standard,False,119.3,1.0,2,2,2,0,0,0.12,300
1135,N-430,Standard,False,119.3,1.0,2,2,2,0,0,0.118,300
1136,N-430,Standard,False,26.8,1.0,2,2,2,0,0,0.119,300
1137,N-430,Standard,False,83.8,1.0,2,2,2,0,0,0.1355,300
1138,N-430,Standard,False,58.4,1.0,2,2,2,0,0,0.1375,300
1139,N-430A,Standard,False,25.8,1.0,2,2,2,0,0,0.1135,300
1140,N-430A,Standard,False,1.0,1.0,2,2,2,0,0,0.1275,300
1141,N-430A,Standard,False,32.2,1.0,2,2,2,0,0,0.1315,300
1142,N-430A,Standard,False,25.8,1.0,2,2,2,0,0,0.1275,300
1143,N-430A,Standard,False,108.6,1.0,2,2,2,0,0,0.1195,300
1144,N-430A,Standard,False,92.4,1.0,2,2,2,0,0,0.124,300
1145,N-430C,Standard,False,729.2,1.0,2,2,2,0,0,0.132,300
1146,N-430C,Standard,False,729.2,1.0,2,2,2,0,0,0.123,300
1147,N-431,Standard,False,160.3,1.0,2,2,2,0,0,0.127,300
1148,N-431,Standard,False,276.9,1.0,2,2,2,0,0,0.127,300
1149,N-431,Standard,False,479.6,1.0,2,2,2,0,0,0.133,300
1150,N-431,Standard,False,307.0,1.0,2,2,2,0,0,0.1345,300
1151,N-432,Standard,False,719.8,1.0,2,2,2,0,0,0.1175,300
1152,N-432,Standard,False,220.5,1.0,2,2,2,0,0,0.133,300
1153,N-432,Standard,False,537.1,1.0,2,2,2,0,0,0.136,300
1154,N-432,Standard,False,235.7,1.0,2,2,2,0,0,0.1365,300
1155,N-432,Standard,False,238.5,1.0,2,2,2,0,0,0.1365,300
1156,N-432,Standard,False,1023.7,1.0,3,3,3,0,0,0.1195,450
1157,N-432A,Standard,False,242.3,1.0,2,2,2,0,0,0.1255,300
1158,N-432A,Standard,False,64.4,1.0,2,2,2,0,0,0.13,300
1159,N-432A,Standard,False,65.3,1.0,2,2,2,0,0,0.136,300
1160,N-432A,Standard,False,132.3,1.0,2,2,2,0,0,0.131,300
1161,N-432A,Standard,False,63.2,1.0,2,2,2,0,0,0.1375,300
1162,N-435A,Standard,False,19.1,1.0,2,2,2,0,0,0.12,300
1163,N-435A,Standard,False,35.7,1.0,2,2,2,0,0,0.116,300
1164,N-435A,Standard,False,2.6,1.0,2,2,2,0,0,0.115,300
1165,N-435A,Standard,False,1.1,1.0,2,2,2,0,0,0.1435,300
1166,N-435A,Standard,False,197.9,1.0,2,2,2,0,0,0.1335,300
1167,N-437,Standard,False,530.0,1.0,2,2,2,0,0,0.145,300
1168,N-442,Standard,False,827.7,1.0,2,2,2,0,0,0.122,300
1169,N-442,Standard,False,325.8,1.0,2,2,2,0,0,0.113,300
1170,N-444,Standard,False,191.4,1.0,2,2,2,0,0,0.1285,300
1171,N-445,Standard,False,264.9,1.0,2,2,2,0,0,0.1275,300
1172,N-446,Standard,False,185.0,1.0,2,2,2,0,0,0.1225,300
1173,N-4A,Standard,False,48.9,1.0,2,2,2,0,0,0.1255,300
1174,N-4A,Standard,False,2.8,1.0,2,2,2,0,0,0.123,300
1175,N-4A,Standard,False,124.1,1.0,2,2,2,0,0,0.134,300
1176,N-5,Standard,False,75.0,1.0,2,2,2,0,0,0.1205,300
1177,N-5,Standard,False,22.2,1.0,2,2,2,0,0,0.124,300
1178,N-5,Standard,False,75.0,1.0,2,2,2,0,0,0.116,300
1179,N-5,Standard,False,75.0,1.0,2,2,2,0,0,0.1295,300
1180,N-5,Standard,False,75.0,1.0,2,2,2,0,0,0.1285,300
1181,N-5,Standard,False,169.4,1.0,2,2,2,0,0,0.1375,300
1182,N-525,Standard,False,1067.0,1.0,3,3,3,0,0,0.119,450
1183,N-525,Standard,False,207.7,1.0,2,2,2,0,0,0.118,300
1184,N-6,Standard,False,155.2,1.0,2,2,2,0,0,0.1355,300
1185,N-6,Standard,False,766.9,1.0,2,2,2,0,0,0.125,300
1186,N-6,Standard,False,155.2,1.0,2,2,2,0,0,0.11,300
1187,N-6,Standard,False,155.2,1.0,2,2,2,0,0,0.1305,300
1188,N-601,Standard,False,192.7,1.0,2,2,2,0,0,0.122,300
1189,N-601,Standard,False,1466.8,1.0,4,4,4,0,0,0.137,600
1190,N-601,Standard,False,192.7,1.0,2,2,2,0,0,0.1265,300
1191,N-601,Standard,False,22.2,1.0,2,2,2,0,0,0.137,300
1192,N-601,Standard,False,145.5,1.0,2,2,2,0,0,0.1295,300
1193,N-601,Standard,False,863.8,1.0,2,2,3,0,1,0.1275,300
1194,N-603,Standard,False,227.3,1.0,2,2,2,0,0,0.146,300
1195,N-610,Standard,False,106.9,1.0,2,2,2,0,0,0.128,300
1196,N-610,Standard,False,80.5,1.0,2,2,2,0,0,0.1355,300
1197,N-610A,Standard,False,75.1,1.0,2,2,2,0,0,0.1215,300
1198,N-611,Standard,False,38.3,1.0,2,2,2,0,0,0.12,300
1199,N-611,Standard,False,27.9,1.0,2,2,2,0,0,0.133,300
1200,N-611,Standard,False,44.1,1.0,2,2,2,0,0,0.122,300
1201,N-611,Standard,False,139.6,1.0,2,2,2,0,0,0.142,300
1202,N-611,Standard,False,362.9,1.0,2,2,2,0,0,0.122,300
1203,N-611A,Standard,False,22.7,1.0,2,2,2,0,0,0.1255,300
1204,N-611A,Standard,False,6.7,1.0,2,2,2,0,0,0.1405,300
1205,N-611A,Standard,False,1.1,1.0,2,2,2,0,0,0.127,300
1206,N-620,Standard,False,27.0,1.0,2,2,2,0,0,0.133,300
1207,N-620,Standard,False,195.9,1.0,2,2,2,0,0,0.1225,300
1208,N-620,Standard,False,60.2,1.0,2,2,2,0,0,0.1355,300
1209,N-620,Standard,False,24.8,1.0,2,2,2,0,0,0.1235,300
1210,N-620,Standard,False,15.6,1.0,2,2,2,0,0,0.125,300
1211,N-620,Standard,False,149.4,1.0,2,2,2,0,0,0.133,300
1212,N-620A,Standard,False,69.3,1.0,2,2,2,0,0,0.1245,300
1213,N-620A,Standard,False,90.1,1.0,2,2,2,0,0,0.115,300
1214,N-620A,Standard,False,12.0,1.0,2,2,2,0,0,0.1165,300
1215,N-620A,Standard,False,46.7,1.0,2,2,2,0,0,0.145,300
1216,N-629,Standard,False,306.3,1.0,2,2,2,0,0,0.1245,300
1217,N-629A,Standard,False,37.8,1.0,2,2,2,0,0,0.119,300
1218,N-630,Standard,False,485.3,1.0,2,2,2,0,0,0.1155,300
1219,N-630,Standard,False,176.2,1.0,2,2,2,0,0,0.125,300
1220,N-630,Standard,False,178.6,1.0,2,2,2,0,0,0.1245,300
1221,N-630,Standard,False,117.9,1.0,2,2,2,0,0,0.123,300
1222,N-630,Standard,False,141.8,1.0,2,2,2,0,0,0.1185,300
1223,N-630,Standard,False,132.8,1.0,2,2,2,0,0,0.12,300
1224,N-630,Standard,False,27.1,1.0,2,2,2,0,0,0.1185,300
1225,N-630,Standard,False,57.7,1.0,2,2,2,0,0,0.117,300
1226,N-630,Standard,False,312.3,1.0,2,2,2,0,0,0.1265,300
1227,N-630,Standard,False,132.8,1.0,2,2,2,0,0,0.124,300
1228,N-630,Standard,False,132.8,1.0,2,2,2,0,0,0.1355,300
1229,N-630,Standard,False,921.2,1.0,3,3,3,0,0,0.124,450
1230,N-630,Standard,False,138.9,1.0,2,2,2,0,0,0.122,300
1231,N-630,Standard,False,35.5,1.0,2,2,2,0,0,0.131,300
1232,N-630,Standard,False,150.8,1.0,2,2,2,0,0,0.124,300
1233,N-630,Standard,False,409.6,1.0,2,2,2,0,0,0.1275,300
1234,N-630,Standard,False,55.1,1.0,2,2,2,0,0,0.135,300
1235,N-630,Standard,False,698.8,1.0,2,2,2,0,0,0.135,300
1236,N-630,Standard,False,34.1,1.0,2,2,2,0,0,0.1145,300
1237,N-630,Standard,False,101.8,1.0,2,2,2,0,0,0.1235,300
1238,N-630,Standard,False,126.8,1.0,2,2,2,0,0,0.129,300
1239,N-630,Standard,False,34.5,1.0,2,2,2,0,0,0.131,300
1240,N-630,Standard,False,13.3,1.0,2,2,2,0,0,0.1285,300
1241,N-630,Standard,False,23.2,1.0,2,2,2,0,0,0.1275,300
1242,N-630,Standard,False,68.6,1.0,2,2,2,0,0,0.127,300
1243,N-630,Standard,False,132.8,1.0,2,2,2,0,0,0.126,300
1244,N-630,Standard,False,552.0,1.0,2,2,2,0,0,0.122,300
1245,N-630,Standard,False,1890.3,1.0,5,5,4,0,-1,0.113,750
1246,N-630A,Standard,False,612.4,1.0,2,2,2,0,0,0.107,300
1247,N-630A,Standard,False,9.8,1.0,2,2,2,0,0,0.134,300
1248,N-630A,Standard,False,169.6,1.0,2,2,2,0,0,0.132,300
1249,N-630A,Standard,False,5.8,1.0,2,2,2,0,0,0.123,300
1250,N-630A,Standard,False,493.7,1.0,2,2,2,0,0,0.144,300
1251,N-630A,Standard,False,38.2,1.0,2,2,2,0,0,0.131,300
1252,N-630A,Standard,False,103.9,1.0,2,2,2,0,0,0.1275,300
1253,N-631,Standard,False,93.1,1.0,2,2,2,0,0,0.114,300
1254,N-632,Standard,False,153.1,1.0,2,2,2,0,0,0.122,300
1255,N-632,Standard,False,18.4,1.0,2,2,2,0,0,0.1265,300
1256,N-632,Standard,False,332.2,1.0,2,2,2,0,0,0.129,300
1257,N-632,Standard,False,153.1,1.0,2,2,2,0,0,0.12,300
1258,N-632A,Standard,True,8.4,1.0,4,4,4,0,0,0.124,600
1259,N-632A,Standard,False,8.4,1.0,2,2,2,0,0,0.1165,300
1260,N-632A,Standard,False,8.4,1.0,2,2,2,0,0,0.1255,300
1261,N-632A,Standard,False,8.4,1.0,2,2,2,0,0,0.145,300
1262,N-634A,Standard,False,30.7,1.0,2,2,2,0,0,0.1205,300
1263,N-634R,Standard,False,93.5,1.0,2,2,2,0,0,0.1175,300
1264,N-635,Standard,False,228.6,1.0,2,2,2,0,0,0.1265,300
1265,N-636,Standard,True,243.1,1.0,4,4,4,0,0,0.131,600
1266,N-636,Standard,False,243.1,1.0,2,2,2,0,0,0.129,300
1267,N-636,Standard,False,243.1,1.0,2,2,2,0,0,0.119,300
1268,N-636,Standard,False,243.1,1.0,2,2,2,0,0,0.1325,300
1269,N-640,Standard,False,191.8,1.0,2,2,2,0,0,0.145,300
1270,N-640,Standard,False,463.0,1.0,2,2,2,0,0,0.1175,300
1271,N-640,Standard,False,417.2,1.0,2,2,2,0,0,0.1195,300
1272,N-640,Standard,False,526.6,1.0,2,2,2,0,0,0.121,300
1273,N-640,Standard,False,647.9,1.0,2,2,2,0,0,0.1365,300
1274,N-640,Standard,False,140.1,1.0,2,2,2,0,0,0.1195,300
1275,N-640,Standard,False,231.8,1.0,2,2,2,0,0,0.1405,300
1276,N-640,Standard,False,417.2,1.0,2,2,2,0,0,0.128,300
1277,N-640A,Standard,False,462.5,1.0,2,2,2,0,0,0.1205,300
1278,N-641,Standard,True,245.9,1.0,4,4,4,0,0,0.1255,600
1279,N-641,Standard,True,245.9,1.0,4,4,4,0,0,0.142,600
1280,N-642,Standard,False,95.5,1.0,2,2,2,0,0,0.1355,300
1281,N-642,Standard,True,358.2,1.0,4,4,4,0,0,0.121,600
1282,N-643,Standard,False,63.4,1.0,2,2,2,0,0,0.127,300
1283,N-651,Standard,False,440.6,1.0,2,2,2,0,0,0.1175,300
1284,N-651,Standard,False,426.1,1.0,2,2,2,0,0,0.132,300
1285,N-651,Standard,False,411.7,1.0,2,2,2,0,0,0.1265,300
1286,AP-8,Standard,True,245.9,1.0,4,4,4,0,0,0.13,600
1287,AP-8,Standard,True,245.9,1.0,4,4,4,0,0,0.1235,600
1288,AP-8,Standard,True,245.9,1.0,4,4,4,0,0,0.12,600
1289,AP-8,Standard,True,245.9,1.0,4,4,4,0,0,0.132,600
1290,AP-8,Standard,True,245.9,1.0,4,4,4,0,0,0.1305,600
1291,AP-8,Standard,True,245.9,1.0,4,4,4,0,0,0.1225,600
1292,AP-8,Standard,True,245.9,1.0,4,4,4,0,0,0.117,600
1293,N-624,Standard,True,245.9,1.0,4,4,4,0,0,0.12,600
1294,N-638,Standard,True,245.9,1.0,4,4,4,0,0,0.12,600
