segment_id,route_segment,imd_total,daily_bev_traffic_2027,seasonal_multiplier,n_chargers_deterministic,is_tent,tent_tier
0,A-7S,102470.0,4388.3,1.0,10,True,Comprehensive
1,A-7S,35364.8,1514.5,1.0,4,True,Comprehensive
2,A-7S,62093.2,2659.2,1.0,6,False,None
3,A-7S,39802.0,1704.5,1.0,4,True,Comprehensive
4,A-7S,25038.5,1072.3,1.0,4,True,Comprehensive
5,A-7S,54861.2,2349.5,1.0,6,True,Comprehensive
6,A-7S,35364.8,1514.5,1.0,4,True,Comprehensive
7,A-7S,67813.0,2904.1,1.0,7,True,Core
8,A-7S,35364.8,1514.5,1.0,4,True,Core
9,A-7S,45253.0,1938.0,1.0,5,True,Core
10,N-3,4061.0,173.9,1.0,2,False,None
11,N-3,1374.8,58.9,1.0,2,False,None
12,N-3,8056.2,345.0,1.0,2,False,None
13,N-3,478.5,20.5,1.0,2,False,None
14,A-1,23408.9,1002.5,1.0,3,False,None
15,A-1,82398.6,3528.8,1.0,8,True,Core
16,A-1,63356.8,2713.3,1.0,7,True,Core
17,A-1,23122.1,990.2,1.0,4,True,Core
18,A-1,16850.2,721.6,1.0,4,True,Core
19,A-1,23695.7,1014.8,1.0,4,True,Core
20,A-1,23408.9,1002.5,1.0,4,True,Comprehensive
21,A-1,11521.8,493.4,1.0,4,True,Comprehensive
22,A-1,8380.0,358.9,1.0,2,False,None
23,A-23,22326.0,956.1,1.0,4,True,Comprehensive
24,A-23,16353.5,700.3,1.0,4,True,Core
25,A-23,10213.1,437.4,1.0,4,True,Core
26,A-23,8867.4,379.8,1.0,4,True,Core
27,A-23,12828.4,549.4,1.0,4,True,Core
28,A-23,19014.0,814.3,1.0,2,False,None
29,A-23,18935.2,810.9,1.0,4,True,Comprehensive
30,A-23,19066.6,816.5,1.0,4,True,Comprehensive
31,A-23,8993.8,385.2,1.0,4,True,Comprehensive
32,A-23,11520.8,493.4,1.0,2,False,None
33,A-23,11520.8,493.4,1.0,4,True,Comprehensive
34,A-23,11520.8,493.4,1.0,4,True,Comprehensive
35,A-23,11520.8,493.4,1.0,4,True,Comprehensive
36,A-23,8007.0,342.9,1.0,4,True,Comprehensive
37,A-23,7183.5,307.6,1.0,4,True,Comprehensive
38,A-23,11520.8,493.4,1.0,2,False,None
39,A-23,7707.5,330.1,1.0,4,True,Comprehensive
40,A-23,11520.8,493.4,1.0,2,False,None
41,A-26,14400.8,616.7,1.0,2,False,None
42,A-26,14400.8,616.7,1.0,2,False,None
43,A-27,25707.8,1101.0,1.0,4,True,Core
44,A-27,21133.8,905.1,1.0,4,True,Core
45,A-3,44162.3,1891.3,1.0,5,False,None
46,A-3,65651.6,2811.6,1.0,7,True,Core
47,A-3,31633.2,1354.7,1.0,4,True,Core
48,A-3,28484.2,1219.9,1.0,4,True,Core
49,A-3,24079.0,1031.2,1.0,4,True,Core
50,A-3,24586.3,1052.9,1.0,4,True,Core
51,A-3,62115.5,2660.1,1.0,6,True,Core
52,A-3,61221.5,2621.8,1.0,6,True,Core
53,A-3,37897.8,1623.0,1.0,4,False,None
54,A-30,14681.0,628.7,1.0,4,True,Comprehensive
55,A-30,46830.1,2005.5,1.0,5,True,Comprehensive
56,A-30,54109.7,2317.3,1.0,6,False,None
57,A-55,21221.8,908.8,1.0,4,True,Core
58,A-55,36506.3,1563.4,1.0,4,False,None
59,A-56,922.7,39.5,1.0,2,False,None
60,A-58,4945.1,211.8,1.0,2,False,None
61,A-5R,121782.2,5215.4,1.0,12,False,None
62,A-6,17205.8,736.8,1.0,2,False,None
63,A-6,66504.0,2848.1,1.0,7,True,Comprehensive
64,A-6,57399.9,2458.2,1.0,6,True,Comprehensive
65,A-6,17205.8,736.8,1.0,2,False,None
66,A-6,19871.7,851.0,1.0,4,True,Comprehensive
67,A-6,17205.8,736.8,1.0,4,True,Comprehensive
68,A-6,17205.8,736.8,1.0,4,True,Core
69,A-6,16907.1,724.1,1.0,4,True,Comprehensive
70,A-6,17205.8,736.8,1.0,4,True,Comprehensive
71,A-6,20716.2,887.2,1.0,4,True,Comprehensive
72,A-6,7338.5,314.3,1.0,4,True,Comprehensive
73,A-6,13365.4,572.4,1.0,4,True,Comprehensive
74,A-6,9270.8,397.0,1.0,4,True,Comprehensive
75,A-6,18134.5,776.6,1.0,4,True,Comprehensive
76,A-6,17182.2,735.8,1.0,4,True,Core
77,A-6,17997.5,770.8,1.0,4,True,Comprehensive
78,A-6,12487.5,534.8,1.0,2,False,None
79,A-60,9084.0,389.0,1.0,2,False,None
80,A-60,10717.5,459.0,1.0,2,False,None
81,A-62,13926.4,596.4,1.0,4,True,Core
82,A-62,28764.6,1231.9,1.0,4,True,Core
83,A-62,27673.2,1185.1,1.0,4,True,Core
84,A-62,39567.4,1694.5,1.0,4,True,Core
85,A-62,19825.2,849.0,1.0,4,True,Core
86,A-62,13113.3,561.6,1.0,4,True,Core
87,A-62,26745.2,1145.4,1.0,4,True,Core
88,A-62,8017.0,343.3,1.0,4,True,Core
89,A-62,19825.2,849.0,1.0,2,False,None
90,A-62,5353.0,229.2,1.0,4,True,Core
91,A-63,12148.9,520.3,1.0,2,False,None
92,A-63R,5740.9,245.9,1.0,2,False,None
93,A-64,25337.5,1085.1,1.0,4,True,Comprehensive
94,A-65,7984.0,341.9,1.0,4,True,Comprehensive
95,A-66,52440.5,2245.8,1.0,5,True,Comprehensive
96,A-66,43787.2,1875.2,1.0,5,True,Comprehensive
97,A-66,25299.7,1083.5,1.0,4,True,Comprehensive
98,A-66,18215.0,780.1,1.0,4,True,Comprehensive
99,A-66,13543.3,580.0,1.0,2,False,None
100,A-66,10966.5,469.6,1.0,4,True,Comprehensive
101,A-66,11197.9,479.6,1.0,4,True,Comprehensive
102,A-66,13543.3,580.0,1.0,4,True,Comprehensive
103,A-66,6660.7,285.2,1.0,4,True,Comprehensive
104,A-66,7160.2,306.6,1.0,4,True,Comprehensive
105,A-66,7929.7,339.6,1.0,4,True,Comprehensive
106,A-66,21576.8,924.0,1.0,4,True,Comprehensive
107,A-66,11010.1,471.5,1.0,4,True,Comprehensive
108,A-66,12287.3,526.2,1.0,4,True,Comprehensive
109,A-66,11468.4,491.1,1.0,4,True,Comprehensive
110,A-66,16720.7,716.1,1.0,4,True,Comprehensive
111,A-66,14799.4,633.8,1.0,4,True,Comprehensive
112,A-66,27837.8,1192.2,1.0,4,True,Comprehensive
113,A-67,17076.0,731.3,1.0,4,True,Comprehensive
114,A-67,7365.7,315.4,1.0,2,False,None
115,A-67,18234.7,780.9,1.0,4,True,Comprehensive
116,A-67,52646.8,2254.6,1.0,6,True,Comprehensive
117,A-67,17655.4,756.1,1.0,2,False,None
118,A-68,26040.8,1115.2,1.0,3,False,None
119,A-68,19587.6,838.9,1.0,2,False,None
120,A-68,26040.8,1115.2,1.0,3,False,None
121,A-68,47906.0,2051.6,1.0,5,False,None
122,A-68,31823.5,1362.9,1.0,4,False,None
123,A-68,25790.2,1104.5,1.0,3,False,None
124,A-7,32682.6,1399.7,1.0,4,False,None
125,A-7,43249.9,1852.2,1.0,5,False,None
126,A-7,83265.4,3565.9,1.0,8,True,Core
127,A-7,67142.0,2875.4,1.0,7,True,Core
128,A-7,74727.0,3200.2,1.0,8,True,Core
129,A-7,60115.8,2574.5,1.0,6,True,Comprehensive
130,A-7,19914.9,852.9,1.0,2,False,None
131,A-7,43249.9,1852.2,1.0,5,False,None
132,A-7,2451.0,105.0,1.0,4,True,Comprehensive
133,A-7,52912.5,2266.0,1.0,6,True,Core
134,A-7,48182.0,2063.4,1.0,5,True,Core
135,A-7,38317.8,1641.0,1.0,4,True,Core
136,A-7,14360.5,615.0,1.0,4,True,Core
137,A-7,32391.0,1387.2,1.0,4,False,None
138,A-70,75561.2,3236.0,1.0,8,True,Core
139,A-70,68688.8,2941.6,1.0,7,True,Core
140,A-70,55379.0,2371.6,1.0,6,True,Core
141,A-73,5178.0,221.8,1.0,4,True,Comprehensive
142,A-73,5178.0,221.8,1.0,2,False,None
143,A-73R,3124.0,133.8,1.0,2,False,None
144,A-75,3455.6,148.0,1.0,4,True,Comprehensive
145,A-75,3455.6,148.0,1.0,4,True,Comprehensive
146,A-77,19208.0,822.6,1.0,2,False,None
147,A-77A,34006.2,1456.3,1.0,4,False,None
148,A-79,9915.0,424.6,1.0,2,False,None
149,A-8,19712.4,844.2,1.0,4,True,Core
150,A-8,19712.4,844.2,1.0,2,False,None
151,A-8,19712.4,844.2,1.0,4,True,Core
152,A-8,36589.0,1566.9,1.0,4,True,Core
153,A-8,20879.9,894.2,1.0,4,True,Core
154,A-8,43017.5,1842.2,1.0,5,True,Core
155,A-8,27924.2,1195.9,1.0,4,True,Core
156,A-8,11662.4,499.4,1.0,4,True,Core
157,A-8,15577.8,667.1,1.0,4,True,Core
158,A-8,20668.9,885.2,1.0,4,True,Core
159,AP-7R,28815.3,1234.0,1.0,3,False,None
160,AP-9,29918.2,1281.3,1.0,4,True,Core
161,AP-9,22177.8,949.8,1.0,4,True,Core
162,AP-9,16090.0,689.1,1.0,4,True,Core
163,AP-9,26663.8,1141.9,1.0,4,True,Core
164,AP-9,42467.0,1818.7,1.0,5,True,Core
165,AP-9,21969.2,940.8,1.0,4,True,Comprehensive
166,AP-9,6317.1,270.5,1.0,2,False,None
167,AP-9F,19375.5,829.8,1.0,4,True,Comprehensive
168,AP-9V,51292.5,2196.6,1.0,5,False,None
169,N-1,4282.0,183.4,1.0,2,False,None
170,N-1,2513.0,107.6,1.0,2,False,None
171,N-1,2513.0,107.6,1.0,2,False,None
172,N-1,2513.0,107.6,1.0,2,False,None
173,N-1,3256.9,139.5,1.0,2,False,None
174,N-1,2513.0,107.6,1.0,2,False,None
175,N-1,498.0,21.3,1.0,2,False,None
176,N-1,2513.0,107.6,1.0,2,False,None
177,N-110,1339.4,57.4,1.0,2,False,None
178,N-110,3523.3,150.9,1.0,2,False,None
179,N-110,1988.6,85.2,1.0,2,False,None
180,N-110,3189.1,136.6,1.0,2,False,None
181,N-110,5853.8,250.7,1.0,2,False,None
182,N-110,3857.6,165.2,1.0,2,False,None
183,N-110,4024.6,172.4,1.0,2,False,None
184,N-110A,1261.8,54.0,1.0,2,False,None
185,N-110A,41.0,1.8,1.0,2,False,None
186,N-110A,159.5,6.8,1.0,2,False,None
187,N-110A,147.5,6.3,1.0,2,False,None
188,N-110A,9.5,0.4,1.0,2,False,None
189,N-110A,147.5,6.3,1.0,2,False,None
190,N-111,4412.4,189.0,1.0,2,False,None
191,N-111,322.8,13.8,1.0,2,False,None
192,N-111,243.4,10.4,1.0,2,False,None
193,N-111,6734.2,288.4,1.0,2,False,None
194,N-111,4412.4,189.0,1.0,2,False,None
195,N-111,22094.8,946.2,1.0,3,False,None
196,N-111A,27.0,1.2,1.0,2,False,None
197,N-111R,199.2,8.5,1.0,2,False,None
198,N-113,5227.6,223.9,1.0,4,True,Comprehensive
199,N-113,4300.8,184.2,1.0,2,False,None
200,N-113,4300.8,184.2,1.0,4,True,Comprehensive
201,N-113,3373.9,144.5,1.0,4,True,Comprehensive
202,N-113,4300.8,184.2,1.0,4,True,Comprehensive
203,N-120,2532.0,108.4,1.0,2,False,None
204,N-120,1768.8,75.7,1.0,2,False,None
205,N-120,4703.8,201.4,1.0,2,False,None
206,N-120,4754.3,203.6,1.0,2,False,None
207,N-120,1965.2,84.2,1.0,2,False,None
208,N-120,376.8,16.1,1.0,2,False,None
209,N-120,4754.3,203.6,1.0,2,False,None
210,N-120,4754.3,203.6,1.0,4,True,Comprehensive
211,N-120,12319.5,527.6,1.0,4,True,Comprehensive
212,N-120,8672.2,371.4,1.0,4,True,Comprehensive
213,N-120,4754.3,203.6,1.0,4,True,Comprehensive
214,N-120,9829.9,421.0,1.0,2,False,None
215,N-120,4804.8,205.8,1.0,2,False,None
216,N-120,4754.3,203.6,1.0,2,False,None
217,N-120,5051.8,216.3,1.0,2,False,None
218,N-120,4754.3,203.6,1.0,2,False,None
219,N-120,6218.8,266.3,1.0,2,False,None
220,N-120,4754.3,203.6,1.0,2,False,None
221,N-125,8748.2,374.6,1.0,4,True,Comprehensive
222,N-125,8748.2,374.6,1.0,4,True,Comprehensive
223,N-126,6616.5,283.4,1.0,2,False,None
224,N-141,419.8,18.0,1.0,2,False,None
225,N-145,13888.6,594.8,1.0,2,False,None
226,N-152,7859.8,336.6,1.0,4,True,Comprehensive
227,N-154,7164.2,306.8,1.0,2,False,None
228,N-154,6762.8,289.6,1.0,2,False,None
229,N-155,1952.5,83.6,1.0,2,False,None
230,N-156,7462.0,319.6,1.0,2,False,None
231,N-156,5060.8,216.7,1.0,2,False,None
232,N-1A,12290.0,526.3,1.0,2,False,None
233,N-1A,15031.0,643.7,1.0,2,False,None
234,N-1A,4566.2,195.6,1.0,2,False,None
235,N-1A,3035.0,130.0,1.0,2,False,None
236,N-1A,3481.6,149.1,1.0,2,False,None
237,N-1A,473.2,20.3,1.0,2,False,None
238,N-1A,3481.6,149.1,1.0,2,False,None
239,N-1A,235.0,10.1,1.0,2,False,None
240,N-1A,3481.6,149.1,1.0,2,False,None
241,N-1A,3928.2,168.2,1.0,2,False,None
242,N-1A,5264.0,225.4,1.0,2,False,None
243,N-211A,131.2,5.6,1.0,2,False,None
244,N-211A,131.2,5.6,1.0,2,False,None
245,N-220,36286.2,1554.0,1.0,4,False,None
246,N-223,4187.8,179.3,1.0,2,False,None
247,N-223,11402.5,488.3,1.0,2,False,None
248,N-223,7795.1,333.8,1.0,2,False,None
249,N-225,5383.6,230.6,1.0,2,False,None
250,N-225,7333.8,314.1,1.0,2,False,None
251,N-225,6615.8,283.3,1.0,2,False,None
252,N-225,3637.5,155.8,1.0,2,False,None
253,N-225A,70.2,3.0,1.0,2,False,None
254,N-230,3689.6,158.0,1.0,2,False,None
255,N-230,3924.0,168.0,1.0,4,True,Comprehensive
256,N-230,3455.3,148.0,1.0,4,True,Comprehensive
257,N-232,4619.7,197.8,1.0,2,False,None
258,N-232,3966.0,169.8,1.0,2,False,None
259,N-232,4761.1,203.9,1.0,2,False,None
260,N-232,15689.1,671.9,1.0,2,False,None
261,N-232,4619.7,197.8,1.0,2,False,None
262,N-232,4619.7,197.8,1.0,2,False,None
263,N-232,7426.3,318.0,1.0,2,False,None
264,N-232,4478.4,191.8,1.0,2,False,None
265,N-232,1319.1,56.5,1.0,2,False,None
266,N-232A,183.5,7.9,1.0,2,False,None
267,N-232A,183.5,7.9,1.0,2,False,None
268,N-232A,77.0,3.3,1.0,2,False,None
269,N-232A,8.0,0.3,1.0,2,False,None
270,N-232A,183.5,7.9,1.0,2,False,None
271,N-232A,290.0,12.4,1.0,2,False,None
272,N-232A,183.5,7.9,1.0,2,False,None
273,N-232A,6.5,0.3,1.0,2,False,None
274,N-232A,183.5,7.9,1.0,2,False,None
275,N-232A,67.5,2.9,1.0,2,False,None
276,N-232A,183.5,7.9,1.0,2,False,None
277,N-232A,17.5,0.7,1.0,2,False,None
278,N-232A,569.5,24.4,1.0,2,False,None
279,N-232A,183.5,7.9,1.0,2,False,None
280,N-232A,4713.2,201.8,1.0,2,False,None
281,N-232A,2255.5,96.6,1.0,2,False,None
282,N-232A,183.5,7.9,1.0,2,False,None
283,N-232A,589.0,25.2,1.0,2,False,None
284,N-240,2176.6,93.2,1.0,2,False,None
285,N-240,3616.2,154.9,1.0,2,False,None
286,N-240,12070.0,516.9,1.0,4,True,Comprehensive
287,N-240,1574.9,67.4,1.0,2,False,None
288,N-240,5838.2,250.0,1.0,2,False,None
289,N-240,5838.2,250.0,1.0,2,False,None
290,N-240A,83.5,3.6,1.0,2,False,None
291,N-240A,6878.0,294.6,1.0,2,False,None
292,N-240R,5740.9,245.9,1.0,2,False,None
293,N-240R,5740.9,245.9,1.0,2,False,None
294,N-240R,5740.9,245.9,1.0,2,False,None
295,N-240R,5740.9,245.9,1.0,2,False,None
296,N-240R,5740.9,245.9,1.0,2,False,None
297,N-260,6935.6,297.0,1.0,2,False,None
298,N-260,7898.6,338.3,1.0,2,False,None
299,N-260,343.2,14.7,1.0,2,False,None
300,N-260,7274.0,311.5,1.0,2,False,None
301,N-260,4845.8,207.5,1.0,2,False,None
302,N-260,5710.5,244.6,1.0,4,True,Comprehensive
303,N-260,5221.1,223.6,1.0,2,False,None
304,N-260,3515.4,150.5,1.0,2,False,None
305,N-260,1882.6,80.6,1.0,2,False,None
306,N-260A,33.5,1.4,1.0,2,False,None
307,N-260A,67.8,2.9,1.0,2,False,None
308,N-260A,87.5,3.7,1.0,2,False,None
309,N-260A,77.6,3.3,1.0,2,False,None
310,N-260A,2401.8,102.9,1.0,2,False,None
311,N-260R,3011.0,128.9,1.0,4,True,Comprehensive
312,N-2A,13555.7,580.5,1.0,2,False,None
313,N-2A,11612.0,497.3,1.0,2,False,None
314,N-2A,20478.8,877.0,1.0,2,False,None
315,N-2A,11612.0,497.3,1.0,2,False,None
316,N-2A,38.0,1.6,1.0,2,False,None
317,N-2A,9668.2,414.0,1.0,2,False,None
318,N-2R,584.5,25.0,1.0,2,False,None
319,N-2R,555.0,23.8,1.0,2,False,None
320,N-2R,555.0,23.8,1.0,2,False,None
321,N-2R,485.5,20.8,1.0,2,False,None
322,N-301,3338.7,143.0,1.0,2,False,None
323,N-301,994.1,42.6,1.0,2,False,None
324,N-301,222.2,9.5,1.0,2,False,None
325,N-301,3414.8,146.2,1.0,2,False,None
326,N-301,679.0,29.1,1.0,2,False,None
327,N-301,994.1,42.6,1.0,2,False,None
328,N-301,967.8,41.4,1.0,2,False,None
329,N-301,1573.5,67.4,1.0,2,False,None
330,N-310,2563.2,109.8,1.0,2,False,None
331,N-310,1587.6,68.0,1.0,2,False,None
332,N-320,4334.5,185.6,1.0,2,False,None
333,N-320,5208.9,223.1,1.0,2,False,None
334,N-320,6083.3,260.5,1.0,2,False,None
335,N-320A,341.7,14.6,1.0,2,False,None
336,N-323,4498.9,192.7,1.0,4,True,Comprehensive
337,N-323,5916.8,253.4,1.0,2,False,None
338,N-323,4498.9,192.7,1.0,4,True,Comprehensive
339,N-323A,1175.7,50.3,1.0,2,False,None
340,N-323A,837.8,35.9,1.0,2,False,None
341,N-323A,3486.2,149.3,1.0,2,False,None
342,N-323A,4927.5,211.0,1.0,2,False,None
343,N-323A,54.5,2.3,1.0,2,False,None
344,N-323A,185.5,7.9,1.0,2,False,None
345,N-323A,500.0,21.4,1.0,2,False,None
346,N-325,11358.5,486.4,1.0,2,False,None
347,N-325,6159.2,263.8,1.0,2,False,None
348,N-330,2032.6,87.0,1.0,2,False,None
349,N-330,1557.9,66.7,1.0,2,False,None
350,N-330,17532.3,750.8,1.0,2,False,None
351,N-330,720.1,30.8,1.0,2,False,None
352,N-330,1903.4,81.5,1.0,2,False,None
353,N-330,1903.4,81.5,1.0,2,False,None
354,N-330,4678.5,200.4,1.0,2,False,None
355,N-330,36286.8,1554.0,1.0,4,False,None
356,N-330,1309.0,56.1,1.0,2,False,None
357,N-330,347.5,14.9,1.0,2,False,None
358,N-330,339.8,14.5,1.0,2,False,None
359,N-330,1774.2,76.0,1.0,2,False,None
360,N-330,215.0,9.2,1.0,2,False,None
361,N-332,29407.0,1259.4,1.0,3,False,None
362,N-332,16601.5,711.0,1.0,2,False,None
363,N-332,15214.8,651.6,1.0,2,False,None
364,N-332,42508.5,1820.5,1.0,5,False,None
365,N-332,22764.0,974.9,1.0,3,False,None
366,N-332,16059.2,687.7,1.0,2,False,None
367,N-332,11011.0,471.6,1.0,2,False,None
368,N-332,6872.0,294.3,1.0,2,False,None
369,N-332,7262.8,311.0,1.0,2,False,None
370,N-332,16059.2,687.7,1.0,2,False,None
371,N-332,13671.1,585.5,1.0,2,False,None
372,N-332,9791.2,419.3,1.0,2,False,None
373,N-332A,3295.3,141.1,1.0,2,False,None
374,N-332A,3174.5,135.9,1.0,2,False,None
375,N-332R,7840.5,335.8,1.0,2,False,None
376,N-334,52428.5,2245.3,1.0,5,False,None
377,N-334,52428.5,2245.3,1.0,5,False,None
378,N-340,8246.2,353.1,1.0,2,False,None
379,N-340,8246.2,353.1,1.0,2,False,None
380,N-340,938.8,40.2,1.0,2,False,None
381,N-340,23717.5,1015.7,1.0,3,False,None
382,N-340,9655.5,413.5,1.0,2,False,None
383,N-340,7856.8,336.5,1.0,2,False,None
384,N-340,5080.2,217.6,1.0,2,False,None
385,N-340,8246.2,353.1,1.0,2,False,None
386,N-340,8246.2,353.1,1.0,2,False,None
387,N-340,13233.1,566.7,1.0,2,False,None
388,N-340,8246.2,353.1,1.0,4,True,Comprehensive
389,N-340,8310.4,355.9,1.0,4,True,Comprehensive
390,N-340,8246.2,353.1,1.0,2,False,None
391,N-340,8092.4,346.6,1.0,2,False,None
392,N-340,8246.2,353.1,1.0,2,False,None
393,N-340,16987.2,727.5,1.0,2,False,None
394,N-340,14443.5,618.6,1.0,2,False,None
395,N-340,8246.2,353.1,1.0,2,False,None
396,N-340,18588.2,796.0,1.0,2,False,None
397,N-340,8246.2,353.1,1.0,2,False,None
398,N-340,29352.2,1257.0,1.0,3,False,None
399,N-340A,10265.0,439.6,1.0,2,False,None
400,N-340A,818.0,35.0,1.0,2,False,None
401,N-340A,6819.0,292.0,1.0,2,False,None
402,N-340A,5114.2,219.0,1.0,2,False,None
403,N-340A,6819.0,292.0,1.0,2,False,None
404,N-347AL,5194.5,222.5,1.0,4,True,Comprehensive
405,N-347GR,8640.0,370.0,1.0,2,False,None
406,N-349,13089.5,560.6,1.0,4,True,Comprehensive
407,N-350,17440.8,746.9,1.0,2,False,None
408,N-351,5740.9,245.9,1.0,2,False,None
409,N-351,5740.9,245.9,1.0,2,False,None
410,N-357,8845.2,378.8,1.0,2,False,None
411,N-357,8845.2,378.8,1.0,4,True,Core
412,N-357,8845.2,378.8,1.0,4,True,Core
413,N-400,6557.6,280.8,1.0,2,False,None
414,N-400,3191.2,136.7,1.0,2,False,None
415,N-400,700.2,30.0,1.0,2,False,None
416,N-400,700.2,30.0,1.0,2,False,None
417,N-400,553.3,23.7,1.0,2,False,None
418,N-400,332.4,14.2,1.0,2,False,None
419,N-400,700.2,30.0,1.0,2,False,None
420,N-400A,67.8,2.9,1.0,2,False,None
421,N-401,5156.4,220.8,1.0,2,False,None
422,N-401A,2211.5,94.7,1.0,2,False,None
423,N-401A,1446.2,61.9,1.0,2,False,None
424,N-401A,4708.8,201.7,1.0,2,False,None
425,N-401A,2211.5,94.7,1.0,2,False,None
426,N-401A,2211.5,94.7,1.0,2,False,None
427,N-403,515.8,22.1,1.0,2,False,None
428,N-403,3765.1,161.2,1.0,2,False,None
429,N-403,6163.2,263.9,1.0,2,False,None
430,N-403,2993.8,128.2,1.0,2,False,None
431,N-403A,440.2,18.9,1.0,2,False,None
432,N-403A,2075.0,88.9,1.0,2,False,None
433,N-403A,1425.5,61.0,1.0,2,False,None
434,N-403A,2487.2,106.5,1.0,2,False,None
435,N-430A,169.2,7.2,1.0,2,False,None
436,N-430A,452.5,19.4,1.0,2,False,None
437,N-432A,158.5,6.8,1.0,2,False,None
438,N-432A,31.5,1.3,1.0,2,False,None
439,N-432A,89.0,3.8,1.0,2,False,None
440,N-432A,59.2,2.5,1.0,2,False,None
441,N-432A,498.3,21.3,1.0,2,False,None
442,N-432A,80.5,3.4,1.0,2,False,None
443,N-432A,18.0,0.8,1.0,2,False,None
444,N-432A,64.2,2.8,1.0,2,False,None
445,N-432A,539.2,23.1,1.0,2,False,None
446,N-432A,209.2,9.0,1.0,2,False,None
447,N-432A,1523.8,65.3,1.0,2,False,None
448,N-432A,3287.0,140.8,1.0,2,False,None
449,N-432A,498.3,21.3,1.0,2,False,None
450,N-432A,498.3,21.3,1.0,2,False,None
451,N-432A,491.7,21.1,1.0,2,False,None
452,N-432A,2230.8,95.5,1.0,2,False,None
453,N-432A,505.0,21.6,1.0,2,False,None
454,N-432A,193.7,8.3,1.0,2,False,None
455,N-432A,498.3,21.3,1.0,2,False,None
456,N-432R,1953.8,83.7,1.0,2,False,None
457,N-433,3155.6,135.1,1.0,2,False,None
458,N-433,4284.3,183.5,1.0,4,True,Comprehensive
459,N-433,2027.0,86.8,1.0,4,True,Comprehensive
460,N-435,3488.0,149.4,1.0,2,False,None
461,N-435A,446.6,19.1,1.0,2,False,None
462,N-5,6992.8,299.5,1.0,2,False,None
463,N-5,334.8,14.3,1.0,2,False,None
464,N-5,3888.0,166.5,1.0,4,True,Comprehensive
465,N-5,1752.2,75.0,1.0,2,False,None
466,N-5,707.8,30.3,1.0,2,False,None
467,N-501,6677.3,286.0,1.0,2,False,None
468,N-501,802.6,34.4,1.0,2,False,None
469,N-501,3615.0,154.8,1.0,4,True,Comprehensive
470,N-501,3615.0,154.8,1.0,2,False,None
471,N-501A,653.8,28.0,1.0,2,False,None
472,N-502,2284.3,97.8,1.0,2,False,None
473,N-502,1998.0,85.6,1.0,2,False,None
474,N-502,1711.7,73.3,1.0,2,False,None
475,N-502A,526.2,22.5,1.0,2,False,None
476,N-502A,526.2,22.5,1.0,2,False,None
477,N-502A,526.2,22.5,1.0,2,False,None
478,N-502A,7505.2,321.4,1.0,2,False,None
479,N-502A,526.2,22.5,1.0,2,False,None
480,N-502A,762.5,32.7,1.0,2,False,None
481,N-502A,526.2,22.5,1.0,2,False,None
482,N-502A,30.8,1.3,1.0,2,False,None
483,N-502A,40.5,1.7,1.0,2,False,None
484,N-521,1250.2,53.5,1.0,2,False,None
485,N-521,8523.1,365.0,1.0,2,False,None
486,N-521,5347.9,229.0,1.0,2,False,None
487,N-521,12834.5,549.6,1.0,2,False,None
488,N-521,2172.6,93.0,1.0,2,False,None
489,N-523,3544.9,151.8,1.0,2,False,None
490,N-523,8087.3,346.3,1.0,2,False,None
491,N-525,1901.8,81.4,1.0,2,False,None
492,N-525,892.9,38.2,1.0,2,False,None
493,N-525,3943.6,168.9,1.0,2,False,None
494,N-525,5757.5,246.6,1.0,2,False,None
495,N-525,8550.2,366.2,1.0,2,False,None
496,N-532,2540.0,108.8,1.0,2,False,None
497,N-536,2005.1,85.9,1.0,2,False,None
498,N-540,13468.0,576.8,1.0,2,False,None
499,N-540,7132.2,305.4,1.0,2,False,None
500,N-540,3656.5,156.6,1.0,2,False,None
501,N-540A,175.2,7.5,1.0,2,False,None
502,N-541,3324.3,142.4,1.0,2,False,None
503,N-542,22214.0,951.3,1.0,3,False,None
504,N-544,6750.0,289.1,1.0,2,False,None
505,N-547,3638.0,155.8,1.0,2,False,None
506,N-550,21488.2,920.2,1.0,3,False,None
507,N-550,10921.5,467.7,1.0,2,False,None
508,N-550,25214.0,1079.8,1.0,3,False,None
509,N-550,12766.1,546.7,1.0,2,False,None
510,N-550,6411.2,274.6,1.0,2,False,None
511,N-550,14178.3,607.2,1.0,2,False,None
512,N-550,14178.3,607.2,1.0,2,False,None
513,N-550,15590.5,667.7,1.0,2,False,None
514,N-550A,10617.8,454.7,1.0,2,False,None
515,N-550A,4770.8,204.3,1.0,2,False,None
516,N-550R,7148.8,306.1,1.0,2,False,None
517,N-551,6004.4,257.1,1.0,2,False,None
518,N-552,11743.4,502.9,1.0,2,False,None
519,N-554,9803.1,419.8,1.0,2,False,None
520,N-555,7669.8,328.5,1.0,2,False,None
521,N-556,10286.8,440.5,1.0,2,False,None
522,N-559,707.2,30.3,1.0,2,False,None
523,N-5A,2101.5,90.0,1.0,2,False,None
524,N-5A,15810.2,677.1,1.0,2,False,None
525,N-5A,8955.9,383.5,1.0,2,False,None
526,N-6,13867.5,593.9,1.0,2,False,None
527,N-6,6970.4,298.5,1.0,2,False,None
528,N-6,69.0,3.0,1.0,2,False,None
529,N-6,204.2,8.7,1.0,2,False,None
530,N-6,3624.6,155.2,1.0,2,False,None
531,N-6,4039.8,173.0,1.0,2,False,None
532,N-6,3624.6,155.2,1.0,2,False,None
533,N-6,975.5,41.8,1.0,2,False,None
534,N-6,1440.1,61.7,1.0,2,False,None
535,N-6,2046.5,87.6,1.0,2,False,None
536,N-6,3209.4,137.4,1.0,2,False,None
537,N-6,17821.5,763.2,1.0,2,False,None
538,N-6,25406.5,1088.0,1.0,3,False,None
539,N-6,13716.0,587.4,1.0,2,False,None
540,N-6,2980.7,127.6,1.0,2,False,None
541,N-620A,24700.0,1057.8,1.0,3,False,None
542,N-620A,2609.2,111.7,1.0,2,False,None
543,N-621,1468.5,62.9,1.0,2,False,None
544,N-621,2083.3,89.2,1.0,2,False,None
545,N-621A,60.0,2.6,1.0,2,False,None
546,N-622,714.1,30.6,1.0,2,False,None
547,N-622,714.1,30.6,1.0,4,True,Core
548,N-622,714.1,30.6,1.0,4,True,Comprehensive
549,N-622,714.1,30.6,1.0,2,False,None
550,N-622A,139.5,6.0,1.0,2,False,None
551,N-623,4146.2,177.6,1.0,2,False,None
552,N-623,8391.8,359.4,1.0,4,True,Comprehensive
553,N-623,5208.1,223.0,1.0,2,False,None
554,N-623,8391.8,359.4,1.0,2,False,None
555,N-623,11575.5,495.7,1.0,2,False,None
556,N-623,23822.2,1020.2,1.0,3,False,None
557,N-625,2166.1,92.8,1.0,2,False,None
558,N-625,2387.0,102.2,1.0,2,False,None
559,N-627,3213.5,137.6,1.0,4,True,Comprehensive
560,N-627,3213.5,137.6,1.0,2,False,None
561,N-629,2365.0,101.3,1.0,2,False,None
562,N-632A,196.8,8.4,1.0,2,False,None
563,N-633,16872.8,722.6,1.0,2,False,None
564,N-633,16872.8,722.6,1.0,4,True,Core
565,N-634,3969.9,170.0,1.0,2,False,None
566,N-634,3969.9,170.0,1.0,2,False,None
567,N-634,3969.9,170.0,1.0,2,False,None
568,N-634,3969.9,170.0,1.0,2,False,None
569,N-634,3154.0,135.1,1.0,2,False,None
570,N-634,3672.8,157.3,1.0,2,False,None
571,N-634,3969.9,170.0,1.0,2,False,None
572,N-634,8893.8,380.9,1.0,2,False,None
573,N-634,5218.2,223.5,1.0,2,False,None
574,N-634,4065.7,174.1,1.0,2,False,None
575,N-634,959.5,41.1,1.0,2,False,None
576,N-634,3969.9,170.0,1.0,2,False,None
577,N-634,6788.4,290.7,1.0,2,False,None
578,N-634,3874.0,165.9,1.0,2,False,None
579,N-634,12930.5,553.8,1.0,2,False,None
580,N-634,4203.1,180.0,1.0,2,False,None
581,N-634,2697.8,115.5,1.0,2,False,None
582,N-634,2194.8,94.0,1.0,2,False,None
583,N-634,3969.9,170.0,1.0,2,False,None
584,N-634,2780.1,119.1,1.0,2,False,None
585,N-634,5682.0,243.3,1.0,2,False,None
586,N-634,3969.9,170.0,1.0,4,True,Comprehensive
587,N-634,1876.8,80.4,1.0,4,True,Comprehensive
588,N-634,3969.9,170.0,1.0,2,False,None
589,N-634,3969.9,170.0,1.0,2,False,None
590,N-634,4640.8,198.7,1.0,2,False,None
591,N-634A,445.2,19.1,1.0,2,False,None
592,N-655,1285.2,55.0,1.0,2,False,None
593,N-6A,88.7,3.8,1.0,2,False,None
594,N-6A,3710.5,158.9,1.0,2,False,None
595,N-362,5740.9,245.9,1.0,2,False,None
596,N-354,5740.9,245.9,1.0,2,False,None
597,N-352,10850.0,464.7,1.0,2,False,None
598,N-554R,5740.9,245.9,1.0,2,False,None
599,A-57,5740.9,245.9,1.0,2,False,None
600,A-92M,5740.9,245.9,1.0,4,True,Comprehensive
601,A-92N,5740.9,245.9,1.0,4,True,Comprehensive
602,A-384,5740.9,245.9,1.0,2,False,None
603,A-384,5740.9,245.9,1.0,4,True,Core
604,A-381,5740.9,245.9,1.0,4,True,Core
605,A-10,5740.9,245.9,1.0,4,True,Comprehensive
606,AP-15,5740.9,245.9,1.0,4,True,Comprehensive
607,AP-15,5740.9,245.9,1.0,4,True,Comprehensive
608,AP-15,5740.9,245.9,1.0,2,False,None
609,AP-15,5740.9,245.9,1.0,4,True,Comprehensive
610,AP-15-R,5740.9,245.9,1.0,2,False,None
611,N-121-A,5740.9,245.9,1.0,4,True,Comprehensive
612,N-121-A,5740.9,245.9,1.0,4,True,Comprehensive
613,N-644,5740.9,245.9,1.0,4,True,Core
614,A-66R,5740.9,245.9,1.0,2,False,None
615,A-66R,5740.9,245.9,1.0,2,False,None
616,A-66R,5740.9,245.9,1.0,2,False,None
617,AP-7S,14470.0,619.7,1.0,4,True,Comprehensive
618,AP-7S,11020.1,471.9,1.0,4,True,Comprehensive
619,AP-7S,16767.8,718.1,1.0,4,True,Comprehensive
620,AP-7S,14470.0,619.7,1.0,4,True,Comprehensive
621,AP-7S,14470.0,619.7,1.0,4,True,Comprehensive
622,N-4,1433.5,61.4,1.0,2,False,None
623,N-4,1266.5,54.2,1.0,2,False,None
624,N-4,5743.5,246.0,1.0,2,False,None
625,N-4,7537.8,322.8,1.0,2,False,None
626,N-4,3287.0,140.8,1.0,2,False,None
627,N-4,21327.8,913.4,1.0,3,False,None
628,N-4,10506.5,449.9,1.0,2,False,None
629,N-4,4965.6,212.7,1.0,2,False,None
630,N-4,5354.6,229.3,1.0,2,False,None
631,A-7S,17319.2,741.7,1.0,4,True,Core
632,A-7S,23949.7,1025.7,1.0,4,True,Core
633,A-7S,28222.0,1208.6,1.0,4,True,Core
634,A-7S,43031.0,1842.8,1.0,5,True,Core
635,A-7S,30927.6,1324.5,1.0,4,True,Core
636,A-7S,11082.0,474.6,1.0,4,True,Core
637,A-7S,13380.0,573.0,1.0,4,True,Core
638,A-7S,35364.8,1514.5,1.0,4,True,Core
639,A-7S,17540.3,751.2,1.0,4,True,Core
640,A-7S,19271.0,825.3,1.0,4,True,Core
641,A-7S,16396.5,702.2,1.0,4,True,Core
642,A-7S,46028.1,1971.2,1.0,5,True,Core
643,A-7S,35364.8,1514.5,1.0,4,True,Core
644,A-7S,35364.8,1514.5,1.0,4,False,None
645,A-7S,46679.2,1999.1,1.0,5,True,Comprehensive
646,A-7S,70217.2,3007.1,1.0,7,False,None
647,A-1,23408.9,1002.5,1.0,3,False,None
648,A-1,23408.9,1002.5,1.0,4,True,Core
649,A-1,36984.0,1583.9,1.0,4,True,Core
650,A-1,23408.9,1002.5,1.0,4,True,Core
651,A-1,23408.9,1002.5,1.0,4,True,Core
652,A-1,23408.9,1002.5,1.0,4,True,Comprehensive
653,A-1,23408.9,1002.5,1.0,4,True,Comprehensive
654,A-1,23408.9,1002.5,1.0,4,True,Comprehensive
655,A-1,23408.9,1002.5,1.0,4,True,Comprehensive
656,A-1,23408.9,1002.5,1.0,4,True,Comprehensive
657,A-1,23408.9,1002.5,1.0,4,True,Comprehensive
658,A-11,3403.1,145.7,1.0,2,False,None
659,A-11,4177.6,178.9,1.0,2,False,None
660,A-11,3348.7,143.4,1.0,2,False,None
661,A-11,2833.0,121.3,1.0,2,False,None
662,A-11,15251.1,653.1,1.0,2,False,None
663,A-11,4177.6,178.9,1.0,2,False,None
664,A-11,7149.7,306.2,1.0,4,True,Comprehensive
665,A-11,4952.1,212.1,1.0,4,True,Comprehensive
666,A-11R,5740.9,245.9,1.0,2,False,None
667,A-12,10868.0,465.4,1.0,2,False,None
668,A-12,10868.0,465.4,1.0,2,False,None
669,A-12,10868.0,465.4,1.0,2,False,None
670,A-13,20765.3,889.3,1.0,2,False,None
671,A-14,5386.5,230.7,1.0,2,False,None
672,A-14-R2,5740.9,245.9,1.0,2,False,None
673,A-15,4990.2,213.7,1.0,4,True,Comprehensive
674,A-15,4989.2,213.7,1.0,4,True,Comprehensive
675,A-15,4989.8,213.7,1.0,4,True,Comprehensive
676,A-15,4989.8,213.7,1.0,2,False,None
677,A-15,3370.5,144.3,1.0,4,True,Comprehensive
678,A-15,6364.2,272.6,1.0,4,True,Comprehensive
679,A-15,4989.8,213.7,1.0,2,False,None
680,A-15,4989.8,213.7,1.0,4,True,Comprehensive
681,A-15,4989.8,213.7,1.0,4,True,Comprehensive
682,A-15,4989.8,213.7,1.0,2,False,None
683,A-1A,3740.8,160.2,1.0,2,False,None
684,A-2,54210.1,2321.6,1.0,6,False,None
685,A-2,59436.6,2545.4,1.0,6,True,Core
686,A-2,21504.5,920.9,1.0,4,True,Core
687,A-2,17361.8,743.5,1.0,4,True,Core
688,A-2,13886.3,594.7,1.0,4,True,Core
689,A-2,22505.7,963.8,1.0,4,True,Core
690,A-2,59934.0,2566.7,1.0,6,True,Core
691,A-2,67125.4,2874.7,1.0,7,True,Core
692,A-2,83402.0,3571.7,1.0,8,True,Core
693,A-2,65486.2,2804.5,1.0,7,True,Core
694,A-2,40983.2,1755.1,1.0,4,True,Core
695,A-2,11821.7,506.3,1.0,2,False,None
696,A-2,16482.0,705.9,1.0,4,True,Core
697,A-2,29412.5,1259.6,1.0,4,True,Core
698,A-2,32014.7,1371.1,1.0,4,True,Core
699,A-2,30662.4,1313.1,1.0,4,True,Core
700,A-2,111128.1,4759.1,1.0,11,True,Core
701,A-2,138660.0,5938.2,1.0,12,True,Core
702,A-2,20236.5,866.6,1.0,2,False,None
703,A-2,11624.8,497.8,1.0,2,False,None
704,A-21,3290.9,140.9,1.0,4,True,Comprehensive
705,A-21,3290.9,140.9,1.0,4,True,Comprehensive
706,A-21,3368.5,144.3,1.0,4,True,Comprehensive
707,A-21,3290.9,140.9,1.0,2,False,None
708,A-21,3290.9,140.9,1.0,2,False,None
709,A-21,2890.2,123.8,1.0,4,True,Comprehensive
710,A-21,3290.9,140.9,1.0,2,False,None
711,A-21,3266.2,139.9,1.0,4,True,Comprehensive
712,A-21,3315.5,142.0,1.0,4,True,Comprehensive
713,A-22,10113.4,433.1,1.0,4,True,Comprehensive
714,A-22,9431.2,403.9,1.0,4,True,Comprehensive
715,A-22,9431.2,403.9,1.0,4,True,Comprehensive
716,A-22,8749.1,374.7,1.0,4,True,Comprehensive
717,A-22,9431.2,403.9,1.0,4,True,Comprehensive
718,A-22,9431.2,403.9,1.0,2,False,None
719,A-22-R1,3522.0,150.8,1.0,2,False,None
720,A-22-R2,1828.8,78.3,1.0,2,False,None
721,A-30,117948.0,5051.2,1.0,12,True,Core
722,A-30,54109.7,2317.3,1.0,6,True,Core
723,A-30,61389.3,2629.0,1.0,6,True,Core
724,A-31,11469.6,491.2,1.0,4,True,Comprehensive
725,A-31,24921.8,1067.3,1.0,4,True,Comprehensive
726,A-31,32766.9,1403.3,1.0,4,True,Comprehensive
727,A-31,15506.1,664.1,1.0,4,True,Comprehensive
728,A-31,33979.0,1455.2,1.0,4,True,Comprehensive
729,A-31,33333.1,1427.5,1.0,4,True,Comprehensive
730,A-31,42328.8,1812.8,1.0,5,True,Comprehensive
731,A-32,8706.4,372.9,1.0,4,True,Comprehensive
732,A-32,4648.0,199.1,1.0,4,True,Comprehensive
733,A-32,1852.2,79.3,1.0,4,True,Comprehensive
734,A-33,9095.3,389.5,1.0,2,False,None
735,A-35,19555.5,837.5,1.0,2,False,None
736,A-35,19555.5,837.5,1.0,4,True,Comprehensive
737,A-35,19555.5,837.5,1.0,2,False,None
738,A-38,20037.0,858.1,1.0,2,False,None
739,A-38,25856.0,1107.3,1.0,3,False,None
740,A-4,127110.0,5443.6,1.0,12,False,None
741,A-4,111263.3,4764.9,1.0,11,True,Core
742,A-4,35958.8,1540.0,1.0,4,True,Core
743,A-4,24701.1,1057.8,1.0,4,True,Core
744,A-4,20200.1,865.1,1.0,4,True,Core
745,A-4,20924.0,896.1,1.0,4,True,Core
746,A-4,22371.6,958.1,1.0,4,True,Core
747,A-4,26517.0,1135.6,1.0,4,True,Core
748,A-4,45096.9,1931.3,1.0,5,True,Core
749,A-4,38164.0,1634.4,1.0,4,True,Core
750,A-4,26517.0,1135.6,1.0,3,False,None
751,A-4,12264.5,525.2,1.0,2,False,None
752,A-4,26517.0,1135.6,1.0,3,False,None
753,A-4,9891.0,423.6,1.0,4,True,Comprehensive
754,A-4,34453.6,1475.5,1.0,4,True,Comprehensive
755,A-40,11695.0,500.8,1.0,2,False,None
756,A-40,3292.8,141.0,1.0,2,False,None
757,A-40,4385.1,187.8,1.0,2,False,None
758,A-40,5172.8,221.5,1.0,2,False,None
759,A-41,9313.8,398.9,1.0,2,False,None
760,A-41,9313.8,398.9,1.0,4,True,Comprehensive
761,A-42,71908.9,3079.5,1.0,7,False,None
762,A-43,10272.2,439.9,1.0,4,True,Comprehensive
763,A-43,9281.6,397.5,1.0,4,True,Comprehensive
764,A-43,10205.1,437.0,1.0,4,True,Comprehensive
765,A-43,7208.8,308.7,1.0,4,True,Comprehensive
766,A-44,19705.5,843.9,1.0,4,True,Comprehensive
767,A-44,21904.2,938.1,1.0,4,True,Comprehensive
768,A-44,21788.4,933.1,1.0,4,True,Comprehensive
769,A-44,12262.2,525.1,1.0,2,False,None
770,A-44,21788.4,933.1,1.0,3,False,None
771,A-44,26831.9,1149.1,1.0,4,True,Comprehensive
772,A-45,16033.5,686.6,1.0,4,True,Comprehensive
773,A-45,25527.6,1093.2,1.0,4,True,Core
774,A-45,35677.0,1527.9,1.0,4,True,Core
775,A-45,25527.6,1093.2,1.0,4,True,Core
776,A-45,25527.6,1093.2,1.0,3,False,None
777,A-48,31709.3,1358.0,1.0,4,False,None
778,A-49,52178.6,2234.6,1.0,5,True,Core
779,A-49,14215.0,608.8,1.0,4,True,Comprehensive
780,A-4A,1672.5,71.6,1.0,2,False,None
781,A-4R1,5740.9,245.9,1.0,2,False,None
782,A-4R2,5740.9,245.9,1.0,2,False,None
783,A-5,19860.8,850.5,1.0,2,False,None
784,A-5,59617.8,2553.2,1.0,6,True,Core
785,A-5,70306.5,3010.9,1.0,7,True,Core
786,A-5,35369.1,1514.7,1.0,4,True,Core
787,A-5,22782.4,975.7,1.0,4,True,Core
788,A-5,12560.8,537.9,1.0,4,True,Core
789,A-5,9724.4,416.5,1.0,4,True,Core
790,A-5,16128.3,690.7,1.0,4,True,Core
791,A-5,22955.5,983.1,1.0,4,True,Core
792,A-5,17659.6,756.3,1.0,4,True,Core
793,A-5,19860.8,850.5,1.0,4,True,Core
794,A-5,11387.5,487.7,1.0,4,True,Core
795,A-5,19860.8,850.5,1.0,4,True,Core
796,A-50,8516.5,364.7,1.0,4,True,Comprehensive
797,A-50,13715.2,587.4,1.0,4,True,Comprehensive
798,A-50,11115.9,476.0,1.0,4,True,Comprehensive
799,A-52,17006.3,728.3,1.0,2,False,None
800,A-52,9075.1,388.6,1.0,4,True,Comprehensive
801,A-52,14088.3,603.3,1.0,4,True,Comprehensive
802,A-52,28114.5,1204.0,1.0,4,True,Comprehensive
803,A-52,19924.4,853.3,1.0,4,True,Comprehensive
804,A-52,17006.3,728.3,1.0,2,False,None
805,A-54,4747.8,203.3,1.0,4,True,Comprehensive
806,A-54,7593.7,325.2,1.0,4,True,Comprehensive
807,A-54,7593.7,325.2,1.0,4,True,Comprehensive
808,A-54,17807.2,762.6,1.0,4,True,Comprehensive
809,A-54,7593.7,325.2,1.0,4,True,Comprehensive
810,A-55,36506.3,1563.4,1.0,4,True,Comprehensive
811,A-55,34828.5,1491.6,1.0,4,True,Comprehensive
812,A-55,60823.5,2604.8,1.0,6,True,Core
813,A-55,38184.1,1635.3,1.0,4,True,Core
814,A-8,19788.2,847.4,1.0,4,True,Core
815,A-8,46297.8,1982.7,1.0,5,True,Core
816,A-8,59777.2,2560.0,1.0,6,True,Core
817,A-8,21868.1,936.5,1.0,4,True,Core
818,A-8,19636.6,840.9,1.0,4,True,Core
819,A-8,19712.4,844.2,1.0,4,True,Core
820,A-8,12580.1,538.7,1.0,4,True,Core
821,A-8,11138.9,477.0,1.0,4,True,Core
822,A-8,9597.0,411.0,1.0,4,True,Core
823,A-8,8628.1,369.5,1.0,4,True,Core
824,A-8,7663.2,328.2,1.0,4,True,Core
825,A-8,9052.3,387.7,1.0,4,True,Core
826,A-91,10944.5,468.7,1.0,4,True,Comprehensive
827,A-92,12746.4,545.9,1.0,4,True,Core
828,A-92,12746.4,545.9,1.0,4,True,Core
829,A-92,12746.4,545.9,1.0,4,True,Comprehensive
830,A-92,12746.4,545.9,1.0,4,True,Comprehensive
831,A-92,12746.4,545.9,1.0,4,True,Comprehensive
832,A-92,12746.4,545.9,1.0,4,True,Comprehensive
833,A-92,12746.4,545.9,1.0,2,False,None
834,AP-1,24477.5,1048.3,1.0,4,True,Core
835,AP-1,24477.5,1048.3,1.0,4,True,Core
836,AP-1,24477.5,1048.3,1.0,4,True,Core
837,AP-1,24477.5,1048.3,1.0,4,True,Core
838,AP-1,24477.5,1048.3,1.0,3,False,None
839,AP-2,13809.7,591.4,1.0,2,False,None
840,AP-2,14881.7,637.3,1.0,4,True,Core
841,AP-2,12737.7,545.5,1.0,4,True,Comprehensive
842,AP-36,3195.9,136.9,1.0,2,False,None
843,AP-36,8591.5,367.9,1.0,2,False,None
844,AP-4,27301.3,1169.2,1.0,4,True,Core
845,AP-4,28737.0,1230.7,1.0,4,True,Core
846,AP-4,19805.6,848.2,1.0,4,True,Comprehensive
847,AP-4,27301.3,1169.2,1.0,3,False,None
848,AP-41,1462.4,62.6,1.0,2,False,None
849,AP-46,13731.8,588.1,1.0,2,False,None
850,AP-4A,27367.0,1172.0,1.0,3,False,None
851,AP-51,9374.6,401.5,1.0,4,True,Comprehensive
852,AP-53,8215.6,351.8,1.0,2,False,None
853,AP-6,23234.2,995.0,1.0,3,False,None
854,AP-6,31946.8,1368.1,1.0,4,True,Comprehensive
855,AP-6,23234.2,995.0,1.0,4,True,Comprehensive
856,AP-6,13732.9,588.1,1.0,4,True,Comprehensive
857,AP-61,8733.2,374.0,1.0,2,False,None
858,AP-66,7802.2,334.1,1.0,4,True,Comprehensive
859,AP-68,25966.9,1112.0,1.0,4,True,Core
860,AP-68,23201.0,993.6,1.0,4,True,Core
861,AP-68,10032.0,429.6,1.0,4,True,Core
862,AP-68,7091.7,303.7,1.0,4,True,Core
863,AP-68,10308.5,441.5,1.0,4,True,Core
864,AP-68,11083.9,474.7,1.0,4,True,Core
865,AP-68,11469.7,491.2,1.0,4,True,Core
866,AP-68,14168.5,606.8,1.0,4,True,Core
867,AP-68,11276.8,482.9,1.0,4,True,Core
868,AP-68,11276.8,482.9,1.0,4,True,Core
869,AP-71,5500.3,235.6,1.0,2,False,None
870,AP-71,5500.3,235.6,1.0,2,False,None
871,AP-7N,28489.0,1220.1,1.0,3,False,None
872,AP-7N,40717.3,1743.7,1.0,4,True,Core
873,AP-7N,66095.6,2830.6,1.0,7,True,Core
874,AP-7N,116980.7,5009.8,1.0,12,True,Core
875,AP-7N,100440.3,4301.4,1.0,10,True,Core
876,AP-7N,77311.0,3310.9,1.0,8,True,Core
877,AP-7N,61778.8,2645.7,1.0,6,True,Core
878,AP-7N,44623.1,1911.0,1.0,5,True,Core
879,AP-7N,28260.2,1210.3,1.0,4,True,Core
880,AP-7N,26593.2,1138.9,1.0,4,True,Core
881,AP-7N,24994.2,1070.4,1.0,4,True,Core
882,AP-7N,34621.5,1482.7,1.0,4,True,Core
883,AP-7N,60562.0,2593.6,1.0,6,True,Core
884,AP-7N,28003.4,1199.3,1.0,4,True,Core
885,AP-7N,31663.0,1356.0,1.0,4,True,Comprehensive
886,AP-7N,14520.5,621.8,1.0,4,True,Comprehensive
887,AP-7N,16078.1,688.6,1.0,2,False,None
888,N-1,2769.8,118.6,1.0,2,False,None
889,N-1,5262.2,225.4,1.0,2,False,None
890,N-1,2712.8,116.2,1.0,2,False,None
891,N-1,436.2,18.7,1.0,2,False,None
892,N-1,100.5,4.3,1.0,2,False,None
893,N-1,243.8,10.4,1.0,2,False,None
894,N-1,1031.2,44.2,1.0,2,False,None
895,N-120,8231.9,352.5,1.0,2,False,None
896,N-120,4583.0,196.3,1.0,2,False,None
897,N-120,996.5,42.7,1.0,2,False,None
898,N-120,1690.2,72.4,1.0,2,False,None
899,N-120,10821.1,463.4,1.0,2,False,None
900,N-120A,1962.2,84.0,1.0,2,False,None
901,N-120A,1962.2,84.0,1.0,2,False,None
902,N-120A,2698.6,115.6,1.0,2,False,None
903,N-120A,1962.2,84.0,1.0,2,False,None
904,N-120A,1225.8,52.5,1.0,2,False,None
905,N-120A,1962.2,84.0,1.0,2,False,None
906,N-121,5059.2,216.7,1.0,2,False,None
907,N-121,5059.2,216.7,1.0,2,False,None
908,N-121,5059.2,216.7,1.0,2,False,None
909,N-122,5769.0,247.1,1.0,2,False,None
910,N-122,1051.0,45.0,1.0,2,False,None
911,N-122,3401.2,145.7,1.0,2,False,None
912,N-122,3401.2,145.7,1.0,2,False,None
913,N-122,4939.2,211.5,1.0,4,True,Comprehensive
914,N-122,3140.8,134.5,1.0,2,False,None
915,N-122,1210.5,51.8,1.0,2,False,None
916,N-122,3476.2,148.9,1.0,2,False,None
917,N-122,3401.2,145.7,1.0,2,False,None
918,N-122,5738.4,245.7,1.0,2,False,None
919,N-122,416.6,17.8,1.0,2,False,None
920,N-122,3401.2,145.7,1.0,2,False,None
921,N-122,2628.8,112.6,1.0,2,False,None
922,N-122,7134.8,305.5,1.0,2,False,None
923,N-122,3401.2,145.7,1.0,2,False,None
924,N-122,3401.2,145.7,1.0,2,False,None
925,N-122,3401.2,145.7,1.0,4,True,Comprehensive
926,N-122,3401.2,145.7,1.0,2,False,None
927,N-122A,1050.4,45.0,1.0,2,False,None
928,N-122A,1118.5,47.9,1.0,2,False,None
929,N-122A,982.2,42.1,1.0,2,False,None
930,N-123,4698.2,201.2,1.0,2,False,None
931,N-123A,1945.0,83.3,1.0,2,False,None
932,N-123B,5740.9,245.9,1.0,2,False,None
933,N-124,7177.1,307.4,1.0,2,False,None
934,N-124,7177.1,307.4,1.0,2,False,None
935,N-1A,186.2,8.0,1.0,2,False,None
936,N-1A,152.8,6.5,1.0,2,False,None
937,N-1A,3481.6,149.1,1.0,2,False,None
938,N-1R,9281.5,397.5,1.0,2,False,None
939,N-2,710.5,30.4,1.0,2,False,None
940,N-2,121.2,5.2,1.0,2,False,None
941,N-2,6647.8,284.7,1.0,2,False,None
942,N-2,504.7,21.6,1.0,2,False,None
943,N-2,6647.8,284.7,1.0,2,False,None
944,N-2,770.0,33.0,1.0,2,False,None
945,N-2,1254.8,53.7,1.0,2,False,None
946,N-2,65.2,2.8,1.0,2,False,None
947,N-2,11753.0,503.3,1.0,2,False,None
948,N-2,5752.2,246.3,1.0,2,False,None
949,N-2,5375.0,230.2,1.0,2,False,None
950,N-2,46447.8,1989.2,1.0,5,True,Core
951,N-2,6647.8,284.7,1.0,4,True,Core
952,N-2,20612.5,882.7,1.0,2,False,None
953,N-2,10387.0,444.8,1.0,2,False,None
954,N-2,14807.1,634.1,1.0,2,False,None
955,N-2,6647.8,284.7,1.0,2,False,None
956,N-2,12387.6,530.5,1.0,2,False,None
957,N-2,18177.2,778.5,1.0,2,False,None
958,N-2,6647.8,284.7,1.0,2,False,None
959,N-2,6647.8,284.7,1.0,2,False,None
960,N-2,7543.5,323.1,1.0,2,False,None
961,N-204,1177.1,50.4,1.0,2,False,None
962,N-211,1860.0,79.7,1.0,2,False,None
963,N-211,2092.2,89.6,1.0,2,False,None
964,N-211,3512.8,150.4,1.0,2,False,None
965,N-211A,131.2,5.6,1.0,2,False,None
966,N-211A,131.2,5.6,1.0,2,False,None
967,N-232A,183.5,7.9,1.0,2,False,None
968,N-232A,183.5,7.9,1.0,2,False,None
969,N-232B,628.0,26.9,1.0,2,False,None
970,N-234,5552.0,237.8,1.0,2,False,None
971,N-234,1919.6,82.2,1.0,2,False,None
972,N-234,165.2,7.1,1.0,2,False,None
973,N-234,1919.6,82.2,1.0,2,False,None
974,N-234,1919.6,82.2,1.0,2,False,None
975,N-234,856.5,36.7,1.0,2,False,None
976,N-234,1251.1,53.6,1.0,2,False,None
977,N-234,397.8,17.0,1.0,2,False,None
978,N-234,2976.2,127.5,1.0,2,False,None
979,N-234,1919.6,82.2,1.0,2,False,None
980,N-234,2053.2,87.9,1.0,2,False,None
981,N-234,3583.1,153.4,1.0,2,False,None
982,N-234A,110.0,4.7,1.0,2,False,None
983,N-234A,238.6,10.2,1.0,2,False,None
984,N-234A,367.2,15.7,1.0,2,False,None
985,N-235,13603.5,582.6,1.0,2,False,None
986,N-238,4705.5,201.5,1.0,2,False,None
987,N-240,21087.4,903.1,1.0,3,False,None
988,N-240,8683.9,371.9,1.0,2,False,None
989,N-240,4655.8,199.4,1.0,2,False,None
990,N-240,5838.2,250.0,1.0,2,False,None
991,N-240,7020.8,300.7,1.0,2,False,None
992,N-240,8173.3,350.0,1.0,2,False,None
993,N-240,1236.1,52.9,1.0,2,False,None
994,N-320A,240.1,10.3,1.0,2,False,None
995,N-320A,443.2,19.0,1.0,2,False,None
996,N-322,2436.9,104.4,1.0,2,False,None
997,N-322,2436.9,104.4,1.0,4,True,Comprehensive
998,N-322,943.8,40.4,1.0,4,True,Comprehensive
999,N-322,3992.0,171.0,1.0,2,False,None
1000,N-322,5853.7,250.7,1.0,2,False,None
1001,N-322,2351.8,100.7,1.0,2,False,None
1002,N-322,2436.9,104.4,1.0,2,False,None
1003,N-322,6398.8,274.0,1.0,4,True,Comprehensive
1004,N-322,13056.5,559.2,1.0,4,True,Comprehensive
1005,N-322,2115.3,90.6,1.0,2,False,None
1006,N-322,1536.5,65.8,1.0,2,False,None
1007,N-322A,106.0,4.5,1.0,2,False,None
1008,N-322A,2620.8,112.2,1.0,2,False,None
1009,N-322A,1029.8,44.1,1.0,2,False,None
1010,N-322A,1353.5,58.0,1.0,2,False,None
1011,N-322A,157.5,6.7,1.0,2,False,None
1012,N-323,4498.9,192.7,1.0,2,False,None
1013,N-323,4498.9,192.7,1.0,2,False,None
1014,N-323,4498.9,192.7,1.0,2,False,None
1015,N-323,4498.9,192.7,1.0,2,False,None
1016,N-323,1710.9,73.3,1.0,2,False,None
1017,N-330,4163.5,178.3,1.0,2,False,None
1018,N-330,6484.5,277.7,1.0,4,True,Comprehensive
1019,N-330,718.5,30.8,1.0,4,True,Comprehensive
1020,N-330,2176.5,93.2,1.0,4,True,Comprehensive
1021,N-330,3089.4,132.3,1.0,4,True,Comprehensive
1022,N-330A,498.9,21.4,1.0,2,False,None
1023,N-330A,360.0,15.4,1.0,2,False,None
1024,N-330A,665.0,28.5,1.0,2,False,None
1025,N-330A,269.5,11.5,1.0,2,False,None
1026,N-330A,238.2,10.2,1.0,2,False,None
1027,N-330A,498.9,21.4,1.0,2,False,None
1028,N-330A,498.9,21.4,1.0,2,False,None
1029,N-330A,498.9,21.4,1.0,2,False,None
1030,N-330A,19.0,0.8,1.0,2,False,None
1031,N-330A,1043.0,44.7,1.0,2,False,None
1032,N-330A,4721.2,202.2,1.0,2,False,None
1033,N-330A,498.9,21.4,1.0,2,False,None
1034,N-330A,637.8,27.3,1.0,2,False,None
1035,N-330B,443.8,19.0,1.0,2,False,None
1036,N-331,1157.0,49.5,1.0,2,False,None
1037,N-331,5307.2,227.3,1.0,2,False,None
1038,N-331,2192.5,93.9,1.0,2,False,None
1039,N-331,669.9,28.7,1.0,2,False,None
1040,N-331,502.2,21.5,1.0,2,False,None
1041,N-331,281.4,12.1,1.0,2,False,None
1042,N-331,11178.5,478.7,1.0,2,False,None
1043,N-331,1593.0,68.2,1.0,2,False,None
1044,N-331R,2762.0,118.3,1.0,2,False,None
1045,N-331R,2762.0,118.3,1.0,2,False,None
1046,N-332,9280.8,397.5,1.0,2,False,None
1047,N-332,29085.9,1245.6,1.0,3,False,None
1048,N-332,16059.2,687.7,1.0,2,False,None
1049,N-332,25532.1,1093.4,1.0,3,False,None
1050,N-332,16059.2,687.7,1.0,2,False,None
1051,N-332,24371.2,1043.7,1.0,3,False,None
1052,N-337,12122.8,519.2,1.0,2,False,None
1053,N-337,467.5,20.0,1.0,2,False,None
1054,N-337A,12178.0,521.5,1.0,2,False,None
1055,N-338,27853.8,1192.9,1.0,3,False,None
1056,N-338,29365.8,1257.6,1.0,4,True,Core
1057,N-339,7615.0,326.1,1.0,2,False,None
1058,N-340,3866.8,165.6,1.0,2,False,None
1059,N-340,647.2,27.7,1.0,2,False,None
1060,N-340,9453.4,404.8,1.0,2,False,None
1061,N-340,1149.8,49.2,1.0,2,False,None
1062,N-340,8016.0,343.3,1.0,2,False,None
1063,N-340,860.2,36.8,1.0,2,False,None
1064,N-340,486.2,20.8,1.0,2,False,None
1065,N-340,4952.5,212.1,1.0,2,False,None
1066,N-340,8246.2,353.1,1.0,2,False,None
1067,N-340,8181.9,350.4,1.0,2,False,None
1068,N-340,8246.2,353.1,1.0,2,False,None
1069,N-340,8246.2,353.1,1.0,2,False,None
1070,N-340,20632.2,883.6,1.0,2,False,None
1071,N-340,14390.2,616.3,1.0,2,False,None
1072,N-340,8246.2,353.1,1.0,2,False,None
1073,N-340,11348.0,486.0,1.0,2,False,None
1074,N-340A,6819.0,292.0,1.0,2,False,None
1075,N-340A,10291.2,440.7,1.0,2,False,None
1076,N-340A,6819.0,292.0,1.0,2,False,None
1077,N-340A,29140.2,1247.9,1.0,4,True,Comprehensive
1078,N-340A,6819.0,292.0,1.0,2,False,None
1079,N-340A,14494.0,620.7,1.0,2,False,None
1080,N-340A,2330.2,99.8,1.0,2,False,None
1081,N-340A,2676.2,114.6,1.0,2,False,None
1082,N-340A,1737.6,74.4,1.0,2,False,None
1083,N-340A,6819.0,292.0,1.0,2,False,None
1084,N-340A,6819.0,292.0,1.0,2,False,None
1085,N-340A,3685.0,157.8,1.0,2,False,None
1086,N-340A,6819.0,292.0,1.0,2,False,None
1087,N-340A,37461.5,1604.3,1.0,4,False,None
1088,N-340A,6819.0,292.0,1.0,2,False,None
1089,N-340A,8523.8,365.0,1.0,2,False,None
1090,N-340A,10572.0,452.8,1.0,2,False,None
1091,N-340A,9525.2,407.9,1.0,2,False,None
1092,N-340A,3867.3,165.6,1.0,2,False,None
1093,N-340A,6819.0,292.0,1.0,2,False,None
1094,N-340A,6819.0,292.0,1.0,2,False,None
1095,N-340A,131.0,5.6,1.0,2,False,None
1096,N-340R,13016.0,557.4,1.0,2,False,None
1097,N-341,4296.9,184.0,1.0,4,True,Comprehensive
1098,N-342,550.0,23.6,1.0,2,False,None
1099,N-343,5740.9,245.9,1.0,2,False,None
1100,N-344,4256.7,182.3,1.0,2,False,None
1101,N-344,1873.4,80.2,1.0,2,False,None
1102,N-344,4256.7,182.3,1.0,2,False,None
1103,N-344,10376.2,444.4,1.0,2,False,None
1104,N-345,2381.8,102.0,1.0,2,False,None
1105,N-346,2764.2,118.4,1.0,4,True,Comprehensive
1106,N-403A,1750.2,75.0,1.0,2,False,None
1107,N-420,2544.2,109.0,1.0,2,False,None
1108,N-420,3328.3,142.5,1.0,2,False,None
1109,N-420,1663.2,71.2,1.0,2,False,None
1110,N-420,1371.0,58.7,1.0,2,False,None
1111,N-420,2203.7,94.4,1.0,2,False,None
1112,N-420,5293.2,226.7,1.0,2,False,None
1113,N-420,2373.9,101.7,1.0,2,False,None
1114,N-420,2373.9,101.7,1.0,2,False,None
1115,N-420A,2406.8,103.1,1.0,2,False,None
1116,N-420A,267.0,11.4,1.0,2,False,None
1117,N-420A,7279.0,311.7,1.0,2,False,None
1118,N-420A,18.2,0.8,1.0,2,False,None
1119,N-420A,9.5,0.4,1.0,2,False,None
1120,N-420A,81.7,3.5,1.0,2,False,None
1121,N-420A,2015.5,86.3,1.0,2,False,None
1122,N-420A,73.8,3.2,1.0,2,False,None
1123,N-420A,75.7,3.2,1.0,2,False,None
1124,N-420A,470.3,20.1,1.0,2,False,None
1125,N-420A,267.0,11.4,1.0,2,False,None
1126,N-420A,4400.7,188.5,1.0,2,False,None
1127,N-420A,20.2,0.9,1.0,2,False,None
1128,N-420A,1568.8,67.2,1.0,2,False,None
1129,N-420B,5740.9,245.9,1.0,2,False,None
1130,N-430,2785.8,119.3,1.0,2,False,None
1131,N-430,6610.0,283.1,1.0,2,False,None
1132,N-430,3615.7,154.8,1.0,2,False,None
1133,N-430,11654.2,499.1,1.0,2,False,None
1134,N-430,2785.8,119.3,1.0,2,False,None
1135,N-430,2785.8,119.3,1.0,2,False,None
1136,N-430,626.5,26.8,1.0,2,False,None
1137,N-430,1955.9,83.8,1.0,2,False,None
1138,N-430,1362.7,58.4,1.0,2,False,None
1139,N-430A,602.8,25.8,1.0,2,False,None
1140,N-430A,22.8,1.0,1.0,2,False,None
1141,N-430A,753.0,32.2,1.0,2,False,None
1142,N-430A,602.8,25.8,1.0,2,False,None
1143,N-430A,2536.5,108.6,1.0,2,False,None
1144,N-430A,2158.8,92.4,1.0,2,False,None
1145,N-430C,17027.4,729.2,1.0,2,False,None
1146,N-430C,17027.4,729.2,1.0,2,False,None
1147,N-431,3742.8,160.3,1.0,2,False,None
1148,N-431,6465.1,276.9,1.0,2,False,None
1149,N-431,11198.2,479.6,1.0,2,False,None
1150,N-431,7168.4,307.0,1.0,2,False,None
1151,N-432,16808.0,719.8,1.0,2,False,None
1152,N-432,5149.6,220.5,1.0,2,False,None
1153,N-432,12541.2,537.1,1.0,2,False,None
1154,N-432,5504.2,235.7,1.0,2,False,None
1155,N-432,5570.1,238.5,1.0,2,False,None
1156,N-432,23904.5,1023.7,1.0,3,False,None
1157,N-432A,5657.2,242.3,1.0,2,False,None
1158,N-432A,1503.8,64.4,1.0,2,False,None
1159,N-432A,1525.5,65.3,1.0,2,False,None
1160,N-432A,3090.0,132.3,1.0,2,False,None
1161,N-432A,1475.2,63.2,1.0,2,False,None
1162,N-435A,446.6,19.1,1.0,2,False,None
1163,N-435A,833.2,35.7,1.0,2,False,None
1164,N-435A,60.0,2.6,1.0,2,False,None
1165,N-435A,26.2,1.1,1.0,2,False,None
1166,N-435A,4620.0,197.9,1.0,2,False,None
1167,N-437,12376.2,530.0,1.0,2,False,None
1168,N-442,19326.2,827.7,1.0,2,False,None
1169,N-442,7608.2,325.8,1.0,2,False,None
1170,N-444,4469.2,191.4,1.0,2,False,None
1171,N-445,6184.8,264.9,1.0,2,False,None
1172,N-446,4320.8,185.0,1.0,2,False,None
1173,N-4A,1142.2,48.9,1.0,2,False,None
1174,N-4A,65.8,2.8,1.0,2,False,None
1175,N-4A,2898.8,124.1,1.0,2,False,None
1176,N-5,1752.2,75.0,1.0,2,False,None
1177,N-5,517.4,22.2,1.0,2,False,None
1178,N-5,1752.2,75.0,1.0,2,False,None
1179,N-5,1752.2,75.0,1.0,2,False,None
1180,N-5,1752.2,75.0,1.0,2,False,None
1181,N-5,3954.8,169.4,1.0,2,False,None
1182,N-525,24915.5,1067.0,1.0,3,False,None
1183,N-525,4850.5,207.7,1.0,2,False,None
1184,N-6,3624.6,155.2,1.0,2,False,None
1185,N-6,17908.4,766.9,1.0,2,False,None
1186,N-6,3624.6,155.2,1.0,2,False,None
1187,N-6,3624.6,155.2,1.0,2,False,None
1188,N-601,4499.1,192.7,1.0,2,False,None
1189,N-601,34249.8,1466.8,1.0,4,False,None
1190,N-601,4499.1,192.7,1.0,2,False,None
1191,N-601,517.8,22.2,1.0,2,False,None
1192,N-601,3396.8,145.5,1.0,2,False,None
1193,N-601,20170.2,863.8,1.0,2,False,None
1194,N-603,5306.6,227.3,1.0,2,False,None
1195,N-610,2497.0,106.9,1.0,2,False,None
1196,N-610,1880.1,80.5,1.0,2,False,None
1197,N-610A,1753.0,75.1,1.0,2,False,None
1198,N-611,895.2,38.3,1.0,2,False,None
1199,N-611,652.0,27.9,1.0,2,False,None
1200,N-611,1030.0,44.1,1.0,2,False,None
1201,N-611,3260.5,139.6,1.0,2,False,None
1202,N-611,8474.4,362.9,1.0,2,False,None
1203,N-611A,530.5,22.7,1.0,2,False,None
1204,N-611A,155.3,6.7,1.0,2,False,None
1205,N-611A,25.7,1.1,1.0,2,False,None
1206,N-620,631.5,27.0,1.0,2,False,None
1207,N-620,4575.4,195.9,1.0,2,False,None
1208,N-620,1406.6,60.2,1.0,2,False,None
1209,N-620,580.2,24.8,1.0,2,False,None
1210,N-620,363.5,15.6,1.0,2,False,None
1211,N-620,3489.5,149.4,1.0,2,False,None
1212,N-620A,1618.2,69.3,1.0,2,False,None
1213,N-620A,2103.8,90.1,1.0,2,False,None
1214,N-620A,281.2,12.0,1.0,2,False,None
1215,N-620A,1089.8,46.7,1.0,2,False,None
1216,N-629,7152.5,306.3,1.0,2,False,None
1217,N-629A,882.0,37.8,1.0,2,False,None
1218,N-630,11331.0,485.3,1.0,2,False,None
1219,N-630,4113.2,176.2,1.0,2,False,None
1220,N-630,4171.0,178.6,1.0,2,False,None
1221,N-630,2753.5,117.9,1.0,2,False,None
1222,N-630,3311.1,141.8,1.0,2,False,None
1223,N-630,3101.1,132.8,1.0,2,False,None
1224,N-630,631.9,27.1,1.0,2,False,None
1225,N-630,1347.7,57.7,1.0,2,False,None
1226,N-630,7292.2,312.3,1.0,2,False,None
1227,N-630,3101.1,132.8,1.0,2,False,None
1228,N-630,3101.1,132.8,1.0,2,False,None
1229,N-630,21511.2,921.2,1.0,3,False,None
1230,N-630,3242.5,138.9,1.0,2,False,None
1231,N-630,828.9,35.5,1.0,2,False,None
1232,N-630,3521.0,150.8,1.0,2,False,None
1233,N-630,9565.5,409.6,1.0,2,False,None
1234,N-630,1286.8,55.1,1.0,2,False,None
1235,N-630,16316.9,698.8,1.0,2,False,None
1236,N-630,796.3,34.1,1.0,2,False,None
1237,N-630,2377.1,101.8,1.0,2,False,None
1238,N-630,2959.7,126.8,1.0,2,False,None
1239,N-630,805.0,34.5,1.0,2,False,None
1240,N-630,311.1,13.3,1.0,2,False,None
1241,N-630,541.7,23.2,1.0,2,False,None
1242,N-630,1601.2,68.6,1.0,2,False,None
1243,N-630,3101.1,132.8,1.0,2,False,None
1244,N-630,12888.5,552.0,1.0,2,False,None
1245,N-630,44139.8,1890.3,1.0,5,False,None
1246,N-630A,14299.0,612.4,1.0,2,False,None
1247,N-630A,227.8,9.8,1.0,2,False,None
1248,N-630A,3960.2,169.6,1.0,2,False,None
1249,N-630A,135.8,5.8,1.0,2,False,None
1250,N-630A,11529.0,493.7,1.0,2,False,None
1251,N-630A,891.0,38.2,1.0,2,False,None
1252,N-630A,2425.6,103.9,1.0,2,False,None
1253,N-631,2173.8,93.1,1.0,2,False,None
1254,N-632,3575.6,153.1,1.0,2,False,None
1255,N-632,429.3,18.4,1.0,2,False,None
1256,N-632,7756.0,332.2,1.0,2,False,None
1257,N-632,3575.6,153.1,1.0,2,False,None
1258,N-632A,196.8,8.4,1.0,4,True,Comprehensive
1259,N-632A,196.8,8.4,1.0,2,False,None
1260,N-632A,196.8,8.4,1.0,2,False,None
1261,N-632A,196.8,8.4,1.0,2,False,None
1262,N-634A,716.5,30.7,1.0,2,False,None
1263,N-634R,2182.5,93.5,1.0,2,False,None
1264,N-635,5339.0,228.6,1.0,2,False,None
1265,N-636,5675.8,243.1,1.0,4,True,Comprehensive
1266,N-636,5675.8,243.1,1.0,2,False,None
1267,N-636,5675.8,243.1,1.0,2,False,None
1268,N-636,5675.8,243.1,1.0,2,False,None
1269,N-640,4477.9,191.8,1.0,2,False,None
1270,N-640,10810.2,463.0,1.0,2,False,None
1271,N-640,9742.4,417.2,1.0,2,False,None
1272,N-640,12295.5,526.6,1.0,2,False,None
1273,N-640,15128.0,647.9,1.0,2,False,None
1274,N-640,3272.2,140.1,1.0,2,False,None
1275,N-640,5412.4,231.8,1.0,2,False,None
1276,N-640,9742.4,417.2,1.0,2,False,None
1277,N-640A,10800.8,462.5,1.0,2,False,None
1278,N-641,5740.9,245.9,1.0,4,True,Core
1279,N-641,5740.9,245.9,1.0,4,True,Core
1280,N-642,2229.0,95.5,1.0,2,False,None
1281,N-642,8363.9,358.2,1.0,4,True,Comprehensive
1282,N-643,1479.5,63.4,1.0,2,False,None
1283,N-651,10287.8,440.6,1.0,2,False,None
1284,N-651,9950.8,426.1,1.0,2,False,None
1285,N-651,9613.8,411.7,1.0,2,False,None
1286,AP-8,5740.9,245.9,1.0,4,True,Core
1287,AP-8,5740.9,245.9,1.0,4,True,Core
1288,AP-8,5740.9,245.9,1.0,4,True,Core
1289,AP-8,5740.9,245.9,1.0,4,True,Core
1290,AP-8,5740.9,245.9,1.0,4,True,Core
1291,AP-8,5740.9,245.9,1.0,4,True,Core
1292,AP-8,5740.9,245.9,1.0,4,True,Core
1293,N-624,5740.9,245.9,1.0,4,True,Comprehensive
1294,N-638,5740.9,245.9,1.0,4,True,Comprehensive
