location_id,latitude,longitude,route_segment,n_chargers_proposed,grid_status,distributor_network,source,connection_distance_km,available_capacity_mw,is_tent,tent_tier,nearest_substation_id,estimated_demand_kw,fixed_cost_eur,candidate_id
STAV2_0001,41.72394771786105,0.5599781126767925,A-14,2,Congested,Endesa,high_imd,5.581654719976888,0.0,False,none,SEGRIA,300,300000.0,CAND_01443
STAV2_0002,41.80089253895865,0.5583947328513343,A-14-R2,2,Congested,Endesa,high_imd,5.714192438016192,0.0,False,none,ALFARRAS,300,300000.0,CAND_01444
STAV2_0003,41.47038,-2.530493,A-15,4,Congested,Endesa,upgrade,3.0399824257451584,0.0,True,comprehensive,ALMAZAN,600,50000.0,CAND_00792
STAV2_0004,41.87396572423545,-1.9148054037095896,A-15,4,Congested,Endesa,high_imd,3.0379582402460095,0.0,True,comprehensive,AGREDA,600,200000.0,CAND_01448
STAV2_0005,41.309645775648825,-2.0942052309419807,A-2,4,Congested,Endesa,high_imd,4.1588562614237565,0.0,True,none,ARIZA,600,200000.0,CAND_01453
STAV2_0006,41.67683,-0.890236,A-2,7,Congested,Endesa,upgrade,0.7673602774521494,0.0,True,none,EXPO,1050,50000.0,CAND_00890
STAV2_0007,41.902885,2.8037,A-2,4,Congested,Endesa,upgrade,4.327009565758124,0.0,True,none,FORNELLS,600,50000.0,CAND_00806
STAV2_0008,42.61181811349445,-0.9889508689206175,A-21,4,Congested,Endesa,high_imd,10.270427353788605,0.0,True,comprehensive,BERDUN,600,300000.0,CAND_01459
STAV2_0009,41.82803,0.31121,A-22,4,Congested,Endesa,upgrade,3.0940243009873147,0.0,True,comprehensive,SOSAL,600,50000.0,CAND_00798
STAV2_0010,42.0249,0.053188,A-22,4,Congested,Endesa,upgrade,5.529236311188325,0.0,True,comprehensive,BRILEN,600,150000.0,CAND_00567
STAV2_0011,41.712898229931454,0.445844975328866,A-22-R1,2,Congested,Endesa,high_imd,3.9840601028306213,0.0,False,none,RAIMAT,300,200000.0,CAND_01462
STAV2_0012,41.73975186175184,0.41843402030072224,A-22-R2,2,Congested,Endesa,high_imd,5.089908700363199,0.0,False,none,ALTORRICON,300,300000.0,CAND_01463
STAV2_0013,40.874518180944435,-1.3070793418597122,A-23,4,Congested,Endesa,high_imd,4.952452580922632,0.0,True,comprehensive,CALAMOCHA,600,200000.0,CAND_01468
STAV2_0014,42.495129154495956,-0.36463438110180535,A-23,4,Congested,Endesa,high_imd,1.7165573791030946,0.0,True,comprehensive,SEC_SABIÑA,600,200000.0,CAND_01471
STAV2_0015,42.19335,2.504356,A-26,2,Sufficient,Endesa,upgrade,1.1389239722196138,92.56,False,none,OLOT,300,50000.0,CAND_00786
STAV2_0016,37.05176,-4.658064,A-384,4,Congested,Endesa,upgrade,4.607068690392895,0.0,True,none,PTO_SECO,600,50000.0,CAND_00748
STAV2_0017,36.611473,-6.19633,A-4,4,Congested,Endesa,upgrade,1.2367714651771615,0.0,True,none,SALINAS,600,50000.0,CAND_00493
STAV2_0018,37.41245,-5.9514,A-4,4,Congested,Endesa,upgrade,0.8477530132626108,0.0,True,none,CALONGE,600,50000.0,CAND_00872
STAV2_0019,36.99913,-3.577,A-44,4,Congested,Endesa,upgrade,2.122634466651072,0.0,True,comprehensive,DURCAL,600,50000.0,CAND_00451
STAV2_0020,37.973404,-3.802544,A-44,4,Congested,Endesa,upgrade,1.6083516158354352,0.0,True,comprehensive,MENGIBAR,600,50000.0,CAND_01244
STAV2_0021,36.898254,-4.429885,A-45,4,Sufficient,Endesa,upgrade,0.8272424921836116,31.54,True,comprehensive,CBERMEJA,600,50000.0,CAND_00362
STAV2_0022,37.30626,-6.87324,A-49,4,Congested,Endesa,upgrade,1.4849848621133475,0.0,True,core,ALQUERIA,600,50000.0,CAND_00193
STAV2_0023,38.839523,-6.646957,A-5,4,Congested,Endesa,upgrade,2.697361017468232,0.0,True,none,LOBON,600,50000.0,CAND_01131
STAV2_0024,38.85955,-6.36511,A-66,4,Congested,Endesa,upgrade,1.879616721201165,0.0,True,comprehensive,PARQ_SUR,600,50000.0,CAND_00178
STAV2_0025,41.761143,-1.149449,A-68,5,Congested,Endesa,upgrade,1.2140310195587434,0.0,False,none,FIGUERUELA,750,50000.0,CAND_01087
STAV2_0026,36.21056,-5.39799,A-7S,12,Congested,Endesa,upgrade,0.9196212026382732,0.0,True,comprehensive,EASTMAN,1800,50000.0,CAND_00871
STAV2_0027,36.54043,-4.634351,A-7S,9,Congested,Endesa,upgrade,1.2033818090155028,0.0,True,comprehensive,FUENGIRO,1350,50000.0,CAND_00577
STAV2_0028,36.71674543643848,-3.457990465241936,A-7S,9,Congested,Endesa,high_imd,4.644122515489084,0.0,True,comprehensive,CONJURO,1350,200000.0,CAND_01594
STAV2_0029,36.75928,-2.80678,A-7S,7,Congested,Endesa,upgrade,3.2668833578779153,0.0,True,comprehensive,EJIDO,1050,50000.0,CAND_00869
STAV2_0030,41.52443570939843,-0.393013484562197,AP-2,4,Congested,Endesa,service_area,10.406569380904607,0.0,True,none,PINA,600,200000.0,CAND_00069
STAV2_0031,39.723812169407566,-3.133609309291407,AP-36,2,Moderate,Endesa,service_area,3.155647349751539,4.6,False,none,VINYETA,300,100000.0,CAND_00023
STAV2_0032,36.540028,-6.173239,AP-4,7,Congested,Endesa,upgrade,2.854561695886947,0.0,True,core,PTO_REAL,1050,50000.0,CAND_00310
STAV2_0033,41.834261479935485,-1.323325085083378,AP-68,4,Sufficient,Endesa,service_area,1.1418756722786692,15.79,True,core,LA_LOTETA,600,100000.0,CAND_00032
STAV2_0034,41.134686,1.16877,AP-7N,4,Sufficient,Endesa,upgrade,2.1945956192986205,10.95,True,none,BELLISSENS,600,50000.0,CAND_00378
STAV2_0035,41.32109,1.722205,AP-7N,9,Sufficient,Endesa,upgrade,2.3454889301751933,96.5,True,none,MOJA,1350,50000.0,CAND_00639
STAV2_0036,36.494915,-4.991673,AP-7S,4,Congested,Endesa,upgrade,1.9610935161976901,0.0,True,comprehensive,NUEVANDA,600,50000.0,CAND_00580
STAV2_0037,41.93037756747428,-1.7128209821321643,N-121,2,Congested,Endesa,high_imd,2.9483042659859025,0.0,False,none,NOVALLAS,300,200000.0,CAND_01699
STAV2_0038,41.83176,-1.523313,N-122,4,Congested,Endesa,upgrade,0.7496966046185988,0.0,True,none,BORJA,600,50000.0,CAND_00296
STAV2_0039,41.902141716096416,-1.7272030062651689,N-122A,2,Congested,Endesa,high_imd,0.48090941303691653,0.0,False,none,TARAZONA,300,200000.0,CAND_01715
STAV2_0040,42.10520097280263,0.28836387787915524,N-123,2,Congested,Endesa,high_imd,4.76960579035717,0.0,False,none,ENATE,300,200000.0,CAND_01716
STAV2_0041,42.17685283904802,0.33692805737347703,N-123A,2,Congested,Endesa,high_imd,6.061976666074692,0.0,False,none,PERARRUA,300,300000.0,CAND_01717
STAV2_0042,42.12407849584033,0.4089319414314715,N-123B,2,Congested,Endesa,high_imd,12.440819006144524,0.0,False,none,PERARRUA,300,300000.0,CAND_01718
STAV2_0043,41.66367987635938,-0.9667138716394909,N-125,4,Congested,Endesa,high_imd,2.3623931490211674,0.0,True,comprehensive,LOGISTICA,600,200000.0,CAND_01720
STAV2_0044,42.780630894982025,0.6794377253696151,N-141,2,Congested,Endesa,high_imd,1.012119734143686,0.0,False,none,BOSSOST,300,200000.0,CAND_01722
STAV2_0045,42.40166546022298,1.4624738186738202,N-145,2,Congested,Endesa,high_imd,10.231425448850976,0.0,False,none,ADRALL,300,300000.0,CAND_01723
STAV2_0046,42.46371865970286,1.9898433123900674,N-155,2,Congested,Endesa,high_imd,12.129885052721422,0.0,False,none,CERDANYA,300,300000.0,CAND_01724
STAV2_0047,41.39987384124101,-1.5319800687229634,N-2,4,Congested,Endesa,high_imd,3.911299571642366,0.0,True,none,EL_FRASNO,600,200000.0,CAND_01735
STAV2_0048,41.57644,-0.645362,N-2,4,Congested,Endesa,upgrade,2.945365876540699,0.0,True,none,NUEZ,600,50000.0,CAND_00756
STAV2_0049,41.981113,2.820589,N-2,4,Sufficient,Endesa,upgrade,2.059111010726238,156.71,True,none,SALT,600,50000.0,CAND_00805
STAV2_0050,42.230286,2.963316,N-2,4,Congested,Endesa,upgrade,1.359132526118251,0.0,True,none,S.LLOGAIA,600,50000.0,CAND_00660
STAV2_0051,40.79482429686459,-0.6578327434030337,N-211A,2,Congested,Endesa,high_imd,7.341468611552135,0.0,False,none,ESTERCUEL,300,300000.0,CAND_01752
STAV2_0052,40.82963388255695,-1.1793512410277849,N-211A,2,Congested,Endesa,high_imd,13.059856720398612,0.0,False,none,CALAMOCHA,300,300000.0,CAND_01750
STAV2_0053,40.33816,-1.10103,N-223,2,Congested,Endesa,upgrade,0.2731832520574974,0.0,False,none,EL_CERRO,300,50000.0,CAND_00683
STAV2_0054,41.824444,0.569217,N-230,4,Congested,Endesa,upgrade,2.9716065598322103,0.0,True,none,ALFARRAS,600,50000.0,CAND_00646
STAV2_0055,40.515218633253646,0.25477454809516487,N-232,2,Congested,Endesa,high_imd,15.345488091692957,0.0,False,none,MONTSIA,300,500000.0,CAND_01766
STAV2_0056,40.51278154360412,0.11949525638417963,N-232A,2,Congested,Endesa,high_imd,24.400939317856142,0.0,False,none,MONTSIA,300,500000.0,CAND_01777
STAV2_0057,41.51486,-0.636486,N-232A,2,Congested,Endesa,upgrade,0.4759140563042688,0.0,False,none,FUENTES,300,50000.0,CAND_01251
STAV2_0058,40.36329,-1.145989,N-234,2,Congested,Endesa,upgrade,1.8471639300476974,0.0,False,none,PLATEA,300,50000.0,CAND_01268
STAV2_0059,41.19991472028802,-1.5076402521315533,N-234A,2,Congested,Endesa,high_imd,12.950179926634544,0.0,False,none,DAROCA,300,300000.0,CAND_01789
STAV2_0060,41.266937,1.248363,N-240,4,Congested,Endesa,upgrade,3.0896694699987783,0.0,True,none,VALLS,600,50000.0,CAND_00649
STAV2_0061,42.03354,0.104773,N-240,4,Congested,Endesa,upgrade,3.045430559568207,0.0,True,none,BRILEN,600,50000.0,CAND_00219
STAV2_0062,42.141106164761325,-0.37414846926385814,N-240A,2,Congested,Endesa,high_imd,1.841467060510046,0.0,False,none,HUESCA_EST,300,200000.0,CAND_01795
STAV2_0063,42.611598157982804,-0.9099316615188695,N-240R,2,Congested,Endesa,high_imd,3.888630729008372,0.0,False,none,BERDUN,300,200000.0,CAND_01799
STAV2_0064,42.21382,2.208035,N-260,4,Sufficient,Endesa,upgrade,0.47816500652199356,63.94,True,none,RIPOLL,600,50000.0,CAND_01068
STAV2_0065,42.22225877077022,2.8059372173120174,N-260A,2,Congested,Endesa,high_imd,7.251814821897395,0.0,False,none,SERINYA,300,300000.0,CAND_01814
STAV2_0066,42.61742653860393,-0.15533498629487955,N-260A,2,Congested,Endesa,high_imd,6.105595479185885,0.0,False,none,SARVISE,300,300000.0,CAND_01812
STAV2_0067,42.36297889991612,1.8048127877752609,N-260R,4,Congested,Endesa,high_imd,7.681429683995733,0.0,True,comprehensive,CERDANYA,600,300000.0,CAND_01816
STAV2_0068,41.510451117753426,0.2847233941544442,N-2A,2,Congested,Endesa,high_imd,3.091944554527646,0.0,False,none,FRAGA,300,200000.0,CAND_01818
STAV2_0069,41.32614333624359,-1.7917243633057707,N-2R,2,Congested,Endesa,high_imd,0.20004392319896697,0.0,False,none,ATECA,300,200000.0,CAND_01822
STAV2_0070,38.01387,-3.383437,N-322,4,Congested,Endesa,upgrade,1.196586420746577,0.0,True,none,UBEDA,600,50000.0,CAND_01297
STAV2_0071,38.067038665828534,-3.577812617656734,N-322A,2,Congested,Endesa,high_imd,1.261448563935338,0.0,False,none,TRADEMA,300,200000.0,CAND_01856
STAV2_0072,38.154325597334164,-3.0167042152196246,N-322A,2,Congested,Endesa,high_imd,1.6722100123216415,0.0,False,none,VVAARZOB,300,200000.0,CAND_01857
STAV2_0073,36.837849928175594,-3.5184620855889177,N-323,4,Congested,Endesa,high_imd,0.3076295546652175,0.0,True,comprehensive,IZBOR,600,200000.0,CAND_01865
STAV2_0074,37.81658,-3.771396,N-323,4,Congested,Endesa,upgrade,1.4172876464208684,0.0,True,comprehensive,V_COSTAL,600,50000.0,CAND_00125
STAV2_0075,36.8933527729625,-3.509273037092431,N-323A,2,Congested,Endesa,high_imd,2.8566184583766057,0.0,False,none,TABLATE,300,200000.0,CAND_01870
STAV2_0076,37.285664,-3.675543,N-323A,2,Congested,Endesa,upgrade,4.901709358469554,0.0,False,none,CAPARACE,300,50000.0,CAND_00311
STAV2_0077,40.24011398201895,-1.1836880617005536,N-330,4,Congested,Endesa,high_imd,0.0904104262728516,0.0,True,none,VILLEL,600,200000.0,CAND_01875
STAV2_0078,41.33516,-1.22134,N-330,4,Congested,Endesa,upgrade,1.845225962810197,0.0,True,none,CARIÑENA,600,50000.0,CAND_01031
STAV2_0079,42.22500668648688,-0.4413760665639473,N-330,4,Congested,Endesa,high_imd,6.801561812994561,0.0,True,none,SASO_PLANO,600,300000.0,CAND_01882
STAV2_0080,40.0965071207502,-1.2732937578811732,N-330A,2,Congested,Endesa,high_imd,17.773986990143342,0.0,False,none,VILLEL,300,500000.0,CAND_01885
STAV2_0081,42.327736846714345,-0.4089967092480236,N-330A,2,Congested,Endesa,high_imd,2.3791193862093674,0.0,False,none,MONREPOS,300,200000.0,CAND_01892
STAV2_0082,42.78830612578858,-0.530188452174671,N-330B,2,Congested,Endesa,high_imd,0.8399452026099519,0.0,False,none,CANDANCHU,300,200000.0,CAND_01895
STAV2_0083,37.03285,-4.530882,N-331,2,Congested,Endesa,upgrade,3.585060450531222,0.0,False,none,ANTEQUER,300,50000.0,CAND_00625
STAV2_0084,37.57366,-4.650703,N-331,2,Congested,Endesa,upgrade,4.234047732264455,0.0,False,none,MONTILLA,300,50000.0,CAND_00762
STAV2_0085,37.462911129518645,-4.568680866101379,N-331R,2,Congested,Endesa,high_imd,6.4966732726001135,0.0,False,none,EGABRENS,300,300000.0,CAND_01900
STAV2_0086,36.2564658780221,-5.33780952331509,N-340,4,Congested,Endesa,high_imd,0.5502062515246356,0.0,True,none,LASMESAS,600,200000.0,CAND_01909
STAV2_0087,36.7424,-3.5119,N-340,4,Congested,Endesa,upgrade,2.8997091347914323,0.0,True,none,MOTRIL,600,50000.0,CAND_00582
STAV2_0088,40.774628,0.659809,N-340,4,Congested,Endesa,upgrade,3.0245321729908046,0.0,True,none,AMPOLLA,600,50000.0,CAND_00640
STAV2_0089,41.34819,1.709984,N-340,4,Sufficient,Endesa,upgrade,1.8121967191112323,10.07,True,none,PENEDES,600,50000.0,CAND_01010
STAV2_0090,36.73960840665348,-3.3290176979466706,N-340A,4,Congested,Endesa,high_imd,4.307159647219339,0.0,True,none,GUALCHOS,600,200000.0,CAND_01919
STAV2_0091,36.83496,-2.464052,N-340A,4,Congested,Endesa,upgrade,1.9523481410399686,0.0,True,none,BELEN,600,50000.0,CAND_00609
STAV2_0092,37.36955644396135,-1.9631231831505374,N-340A,4,Congested,Endesa,high_imd,0.4456934620330262,0.0,True,none,H_OVERA,600,200000.0,CAND_01927
STAV2_0093,40.712418,0.57894,N-340A,4,Congested,Endesa,upgrade,1.5553790193623938,0.0,True,none,AMPOSTA,600,50000.0,CAND_00835
STAV2_0094,41.14001,1.374338,N-340A,4,Sufficient,Endesa,upgrade,1.578546750054764,58.65,True,none,ALTAFULLA,600,50000.0,CAND_01060
STAV2_0095,36.966331380344336,-1.987998390136652,N-341,4,Congested,Endesa,high_imd,7.127853243470128,0.0,True,comprehensive,CARBONER,600,300000.0,CAND_01931
STAV2_0096,36.7515099152563,-6.070390358053221,N-346,4,Congested,Endesa,high_imd,3.0479207545583296,0.0,True,comprehensive,AGROALIM,600,200000.0,CAND_01939
STAV2_0097,36.867458635136494,-2.377355276558308,N-347AL,4,Congested,Endesa,high_imd,4.2510972965506015,0.0,True,comprehensive,TOYO,600,200000.0,CAND_01940
STAV2_0098,36.165764,-5.360959,N-351,2,Congested,Endesa,upgrade,1.4176812276185298,0.0,False,none,CRINAVIS,300,50000.0,CAND_00620
STAV2_0099,35.91415166853004,-5.361057685192296,N-354,2,Congested,Endesa,high_imd,23.105747386110842,0.0,False,none,KWTARIFA,300,500000.0,CAND_01942
STAV2_0100,35.88942203474747,-5.375080207288559,N-362,2,Congested,Endesa,high_imd,23.9920483431004,0.0,False,none,KWTARIFA,300,500000.0,CAND_01943
STAV2_0101,37.28337,-5.932176,N-4,2,Congested,Endesa,upgrade,2.8765775734010304,0.0,False,none,DOSHMNAS,300,50000.0,CAND_00693
STAV2_0102,37.93162036196326,-4.651899209489412,N-4,2,Congested,Endesa,high_imd,3.3538466019782924,0.0,False,none,SRAFAELN,300,200000.0,CAND_01949
STAV2_0103,40.02904075951177,-2.1661595797326982,N-420,2,Sufficient,Endesa,grid_friendly,3.39401318455809,81.67,False,none,CIUDADELA,300,150000.0,CAND_01346
STAV2_0104,40.121244642586156,-1.3913231641084405,N-420A,2,Congested,Endesa,high_imd,22.09978241647153,0.0,False,none,VILLEL,300,500000.0,CAND_01990
STAV2_0105,41.111794902239495,0.7013965954031061,N-420A,2,Congested,Endesa,high_imd,5.0532818468537295,0.0,False,none,AUBALS,300,300000.0,CAND_01995
STAV2_0106,41.00149909132114,0.12095090514015515,N-420B,2,Congested,Endesa,high_imd,13.825602999902017,0.0,False,none,VALDERROBR,300,300000.0,CAND_01996
STAV2_0107,38.98594133330083,-4.284731996630556,N-430,2,Sufficient,Endesa,high_imd,19.552047552803536,84.5,False,none,S.EULALIA,300,500000.0,CAND_02001
STAV2_0108,39.13896794765962,-5.186272382574811,N-430A,2,Congested,Endesa,high_imd,0.5313569178725522,0.0,False,none,PTO_PENA,300,200000.0,CAND_02009
STAV2_0109,37.24739,-7.19851,N-431,2,Sufficient,Endesa,upgrade,0.9002313685868808,5.16,False,none,LEPE,300,50000.0,CAND_00595
STAV2_0110,37.55201731957217,-4.045061451648945,N-432A,2,Congested,Endesa,high_imd,4.12648659736921,0.0,False,none,ALCAUDET,300,200000.0,CAND_02039
STAV2_0111,38.13942934931493,-4.935629099158727,N-432A,2,Congested,Endesa,high_imd,3.1972978793750952,0.0,False,none,PTE_NUEV,300,200000.0,CAND_02032
STAV2_0112,38.292553376367,-5.231312480479327,N-432A,2,Congested,Endesa,high_imd,3.9266596658935042,0.0,False,none,PENARROY,300,200000.0,CAND_02029
STAV2_0113,38.612698065738925,-6.623417549527818,N-432A,2,Congested,Endesa,high_imd,11.297874618799888,0.0,False,none,T_MIGUEL,300,300000.0,CAND_02025
STAV2_0114,37.998284165928816,-4.785739072746305,N-432R,2,Congested,Endesa,high_imd,10.940881768252801,0.0,False,none,CEPANSA,300,300000.0,CAND_02044
STAV2_0115,37.900207,-6.644477,N-433,4,Congested,Endesa,gap_midpoint,10.256235499834318,0.0,True,none,MOLEONA,600,250000.0,CAND_02232
STAV2_0116,38.320087,-6.77897,N-435,2,Congested,Endesa,upgrade,1.363937564871727,0.0,False,none,JEREZCAB,300,50000.0,CAND_00205
STAV2_0117,37.409001408453335,-6.81068875709251,N-435A,2,Congested,Endesa,high_imd,7.65976316364176,0.0,False,none,V_CARMEN,300,300000.0,CAND_02052
STAV2_0118,37.93400888269142,-6.734962609213896,N-435A,2,Congested,Endesa,high_imd,3.5343590425125546,0.0,False,none,REPILADO,300,200000.0,CAND_02056
STAV2_0119,38.61262270273299,-6.822359675410567,N-435A,2,Congested,Endesa,high_imd,8.730422418635136,0.0,False,none,T_MIGUEL,300,300000.0,CAND_02053
STAV2_0120,37.18274210623369,-6.913655713344836,N-442,2,Sufficient,Endesa,grid_friendly,1.2665431783871939,5.74,False,none,TORREARE,300,150000.0,CAND_01368
STAV2_0121,37.28685741672922,-7.2069191038072,N-444,2,Moderate,Endesa,high_imd,2.254538942684054,4.87,False,none,COSTALUZ,300,200000.0,CAND_02060
STAV2_0122,37.2672215160606,-7.237576978881988,N-445,2,Sufficient,Endesa,high_imd,3.202921722545808,5.16,False,none,LEPE,300,200000.0,CAND_02061
STAV2_0123,37.25325252889134,-7.305714535534287,N-446,2,Sufficient,Endesa,grid_friendly,0.05329837959063869,5.05,False,none,ISLA_CRI,300,150000.0,CAND_01351
STAV2_0124,38.88283154367612,-6.829830557431908,N-5,4,Congested,Endesa,high_imd,2.3447402371283323,0.0,True,none,VEGASBAJ,600,200000.0,CAND_02065
STAV2_0125,38.408869086757605,-4.956864119254481,N-502,2,Congested,Endesa,high_imd,5.7596442949488535,0.0,False,none,SOLDADO,300,300000.0,CAND_02079
STAV2_0126,39.17104,-5.047223,N-502,2,Congested,Endesa,upgrade,12.117279347133719,0.0,False,none,PTO_PENA,300,150000.0,CAND_00824
STAV2_0127,38.201427372857864,-5.009139192926052,N-502A,2,Congested,Endesa,high_imd,12.120654205226161,0.0,False,none,PTE_NUEV,300,300000.0,CAND_02085
STAV2_0128,38.97965133649686,-4.860406548520457,N-502A,2,Sufficient,Endesa,high_imd,17.196383453871587,85.97,False,none,S.ANTONI,300,500000.0,CAND_02087
STAV2_0129,37.45534,-6.05513,N-630,2,Congested,Endesa,upgrade,1.0469747164043681,0.0,False,none,ITALICA,300,50000.0,CAND_00450
STAV2_0130,42.9617,-7.564019,A-54,4,Sufficient,Viesgo,upgrade,7.2288503253906224,16.5,True,comprehensive,SAN_CIBRAO,600,150000.0,CAND_01013
STAV2_0131,43.36351897732001,-5.959817000071183,A-63R,2,Moderate,Viesgo,high_imd,14.544257001169568,1.39,False,none,BAIÑA,300,300000.0,CAND_01557
STAV2_0132,43.405964,-5.789971,A-66,4,Congested,Viesgo,upgrade,3.980782367705291,0.0,True,comprehensive,SIERO,600,50000.0,CAND_00751
STAV2_0133,42.44583972680236,-4.394428678759137,A-67,4,Congested,Viesgo,high_imd,4.57163520300962,0.12,True,comprehensive,OSORNO,600,200000.0,CAND_01576
STAV2_0134,43.31885,-4.068469,A-67,4,Congested,Viesgo,upgrade,2.041680960102666,0.64,True,comprehensive,TANOS,600,50000.0,CAND_01161
STAV2_0135,43.33336044771351,-4.327272285875591,A-8,7,Congested,Viesgo,service_area,4.638259192207148,0.0,True,core,LABARCES,1050,100000.0,CAND_00096
STAV2_0136,43.379726,-7.426508,A-8,4,Sufficient,Viesgo,upgrade,5.5804460957914355,100.0,True,core,ESTELO,600,150000.0,CAND_01109
STAV2_0137,43.522278,-5.715472,A-8,4,Congested,Viesgo,upgrade,16.243720634895148,0.0,True,core,SIERO,600,350000.0,CAND_00482
STAV2_0138,42.681726,-8.634557,AP-9,4,Congested,Viesgo,gap_midpoint,98.41335158718425,0.0,True,core,NO_SUBSTATION,600,3150000.0,CAND_02238
STAV2_0139,42.93182,-7.634305,N-540,2,Sufficient,Viesgo,upgrade,13.428311262941557,16.5,False,none,SAN_CIBRAO,300,150000.0,CAND_01309
STAV2_0140,42.952498098133326,-7.617785553874913,N-540A,2,Sufficient,Viesgo,high_imd,10.874049156593818,16.5,False,none,SAN_CIBRAO,300,300000.0,CAND_02104
STAV2_0141,43.172718,-7.766572,N-6,3,Sufficient,Viesgo,upgrade,17.778445507190927,60.0,False,none,SETE_PONTES,450,350000.0,CAND_01043
STAV2_0142,42.86685,-4.154992,N-611,2,Congested,Viesgo,upgrade,1.2257240040810087,0.66,False,none,VALDEOLEA,300,50000.0,CAND_01193
STAV2_0143,42.95059732929247,-4.138150466428296,N-611A,2,Congested,Viesgo,high_imd,4.188632355051966,0.0,False,none,REINOSA,300,200000.0,CAND_02145
STAV2_0144,43.35523134018538,-4.526377657274634,N-621A,2,Moderate,Viesgo,high_imd,3.2606311721328245,1.37,False,none,HERRERIAS,300,200000.0,CAND_02162
STAV2_0145,43.35925,-3.924742,N-623,4,Congested,Viesgo,upgrade,2.5636940148429153,0.53,True,none,RENEDO,600,50000.0,CAND_00435
STAV2_0146,43.31157200417031,-3.429462588492145,N-629,2,Congested,Viesgo,grid_friendly,2.892782340218979,0.73,False,none,UDALLA,300,150000.0,CAND_01388
STAV2_0147,43.2832094808891,-3.434277871725404,N-629A,2,Congested,Viesgo,high_imd,3.6860173005788903,0.85,False,none,RAMALES,300,200000.0,CAND_02177
STAV2_0148,43.106342,-5.817404,N-630,2,Congested,Viesgo,upgrade,0.32327181240065056,0.19,False,none,CAMPOMANES,300,50000.0,CAND_00542
STAV2_0149,43.46398142925662,-5.10428551880691,N-632,2,Moderate,Viesgo,high_imd,13.49040342640015,3.0,False,none,CANGAS,300,300000.0,CAND_02202
STAV2_0150,43.54093169321153,-6.422234068627931,N-632,2,Sufficient,Viesgo,high_imd,8.1605609912507,30.0,False,none,ALMUÑA,300,300000.0,CAND_02200
STAV2_0151,43.55027330890117,-6.322672594057074,N-632A,4,Sufficient,Viesgo,high_imd,16.251866524945374,30.0,True,none,ALMUÑA,600,500000.0,CAND_02204
STAV2_0152,43.294167,-7.670673,N-634,4,Sufficient,Viesgo,upgrade,2.271227242219255,60.0,True,none,SETE_PONTES,600,50000.0,CAND_01142
STAV2_0153,43.38865,-5.18632,N-634,4,Moderate,Viesgo,upgrade,6.63978728677201,3.0,True,none,CANGAS,600,150000.0,CAND_01047
STAV2_0154,43.4214696699233,-3.5112059687930572,N-634,4,Congested,Viesgo,grid_friendly,1.7816335140238573,0.87,True,none,AMBROSERO,600,150000.0,CAND_01374
STAV2_0155,43.534878,-6.512775,N-634,4,Sufficient,Viesgo,upgrade,0.8884377043014599,30.0,True,none,ALMUÑA,600,50000.0,CAND_00305
STAV2_0156,43.561874,-6.923124,N-634,4,Sufficient,Viesgo,upgrade,1.2965738084762424,9.43,True,none,TAPIA,600,50000.0,CAND_00141
STAV2_0157,43.41504234602095,-6.294651524586527,N-634A,2,Sufficient,Viesgo,high_imd,8.62485097223408,35.0,False,none,PICO GALLO,300,300000.0,CAND_02218
STAV2_0158,43.42935,-3.838126,N-636,4,Moderate,Viesgo,upgrade,0.9610356407251356,1.22,True,comprehensive,N_MONTAÑA,600,50000.0,CAND_00461
STAV2_0159,43.025753,-7.567155,N-640,2,Sufficient,Viesgo,upgrade,4.165997830429907,16.5,False,none,SAN_CIBRAO,300,50000.0,CAND_01228
STAV2_0160,43.53962,-7.263064,N-642,4,Sufficient,Viesgo,upgrade,14.619536680144133,68.0,True,none,MONDONEDO,600,150000.0,CAND_00574
STAV2_0161,41.59416,-3.696811,A-1,4,Congested,i-DE,upgrade,5.010251973776728,0.0,True,none,4768,600,150000.0,CAND_00368
STAV2_0162,42.340267,-3.6953535,A-1,4,Congested,i-DE,upgrade,1.2087886833221857,0.0,True,none,4757,600,50000.0,CAND_00175
STAV2_0163,42.863613,-2.660541,A-1,4,Congested,i-DE,upgrade,0.734381571710944,0.0,True,none,4650,600,50000.0,CAND_00793
STAV2_0164,41.53517866822434,-5.774164255544914,A-11,4,Sufficient,i-DE,high_imd,2.002600227102844,19.0,True,none,5248,600,200000.0,CAND_01433
STAV2_0165,41.596442942233466,-3.3546181072164334,A-11,4,Congested,i-DE,high_imd,3.221624076494057,0.0,True,none,4788,600,200000.0,CAND_01438
STAV2_0166,41.64256693221283,-3.7796666466530233,A-11R,2,Congested,i-DE,high_imd,5.6465830733622,0.0,False,none,4199,300,300000.0,CAND_01439
STAV2_0167,42.42743156744022,-2.7450586933933154,A-12,2,Congested,i-DE,high_imd,1.9736789628826317,0.0,False,none,4623,300,200000.0,CAND_01440
STAV2_0168,43.259827,-1.966318,A-15,4,Congested,i-DE,upgrade,0.0939705471859628,0.0,True,comprehensive,3009,600,50000.0,CAND_00505
STAV2_0169,39.848877,-0.5021599,A-23,4,Sufficient,i-DE,upgrade,4.565878535082923,7.91,True,comprehensive,3585,600,50000.0,CAND_00844
STAV2_0170,39.46963,-0.7078082,A-3,4,Congested,i-DE,upgrade,2.4715153582374416,0.0,True,none,3568,600,50000.0,CAND_00831
STAV2_0171,39.946594,-2.8946514,A-3,7,Congested,i-DE,upgrade,6.967368284784568,0.0,True,none,4039,1050,150000.0,CAND_00319
STAV2_0172,37.885376,-1.136602,A-30,12,Congested,i-DE,upgrade,3.554355059911456,0.0,True,comprehensive,3742,1800,50000.0,CAND_01270
STAV2_0173,38.45594,-0.783408,A-31,4,Sufficient,i-DE,upgrade,1.9198454249131467,25.55,True,comprehensive,3573,600,50000.0,CAND_00428
STAV2_0174,38.93846045856489,-1.8916543648034796,A-32,4,Congested,i-DE,high_imd,0.16402466564532583,0.0,True,comprehensive,3383,600,200000.0,CAND_01486
STAV2_0175,38.60982111550539,-1.0430535791923565,A-33,3,Sufficient,i-DE,high_imd,3.680776507587972,19.85,False,none,4054,450,200000.0,CAND_01488
STAV2_0176,38.87854,-0.754148,A-35,5,Sufficient,i-DE,upgrade,1.1483343989388952,47.78,True,none,3696,750,50000.0,CAND_01277
STAV2_0177,39.28310316661452,-0.40327591696705783,A-38,7,Sufficient,i-DE,grid_friendly,1.5536199585448525,5.1,False,none,4024,1050,150000.0,CAND_01409
STAV2_0178,39.978848,-4.268037,A-40,2,Congested,i-DE,upgrade,2.282703901862964,0.0,False,none,3628,300,50000.0,CAND_00256
STAV2_0179,39.392600348852966,-2.41080667023409,A-43,4,Congested,i-DE,service_area,2.5973920989994808,0.0,True,comprehensive,3569,600,100000.0,CAND_00084
STAV2_0180,39.88855,-5.467399,A-5,4,Congested,i-DE,upgrade,3.735367840925441,0.0,True,none,4081,600,50000.0,CAND_01327
STAV2_0181,40.82720266782806,-4.935825912655078,A-50,4,Congested,i-DE,service_area,11.996099454371137,0.0,True,comprehensive,4802,600,200000.0,CAND_00063
STAV2_0182,39.44274165649014,-6.042353516397115,A-58,2,Congested,i-DE,high_imd,13.13134287347285,0.0,False,none,3026,300,300000.0,CAND_01539
STAV2_0183,41.18201,-4.807545,A-6,4,Congested,i-DE,upgrade,1.997748944038292,0.0,True,none,4952,600,50000.0,CAND_01156
STAV2_0184,41.318146,-4.916636,A-6,4,Congested,i-DE,upgrade,1.126673847648402,0.0,True,none,3087,600,50000.0,CAND_01282
STAV2_0185,41.8658,-5.4207,A-6,4,Congested,i-DE,upgrade,2.207351600456652,0.0,True,none,4707,600,50000.0,CAND_00879
STAV2_0186,41.71933325609793,-4.823248123193908,A-60,2,Congested,i-DE,high_imd,8.968179964121871,0.0,False,none,3095,300,300000.0,CAND_01550
STAV2_0187,42.514555666328576,-5.423747434420599,A-60,2,Congested,i-DE,high_imd,9.693060434932185,0.0,False,none,4690,300,300000.0,CAND_01549
STAV2_0188,40.60678,-6.824496,A-62,4,Congested,i-DE,upgrade,10.304026749379256,0.0,True,core,4817,600,150000.0,CAND_00815
STAV2_0189,41.6424,-4.7627907,A-62,4,Sufficient,i-DE,upgrade,1.7586637010696748,26.44,True,core,3231,600,50000.0,CAND_00887
STAV2_0190,41.1888534905475,-5.697153263002667,A-66,4,Congested,i-DE,high_imd,14.018831363480313,0.0,True,comprehensive,4832,600,300000.0,CAND_01569
STAV2_0191,41.79842261423094,-5.756283738862351,A-66,4,Congested,i-DE,service_area,6.1055399824127825,0.0,True,comprehensive,3229,600,200000.0,CAND_00039
STAV2_0192,42.41139494241778,-5.588548526345261,A-66,4,Congested,i-DE,high_imd,10.411543403673422,0.0,True,comprehensive,4694,600,300000.0,CAND_01570
STAV2_0193,42.50473254028296,-5.588289700067774,A-66R,2,Congested,i-DE,high_imd,3.6815368109373625,0.0,False,none,4687,300,200000.0,CAND_01573
STAV2_0194,37.658337,-1.705069,A-7,4,Sufficient,i-DE,upgrade,1.0441530290928758,17.81,True,none,3684,600,50000.0,CAND_00564
STAV2_0195,38.14595,-0.88898,A-7,11,Congested,i-DE,upgrade,3.8534011014381524,0.0,True,none,4003,1650,50000.0,CAND_00998
STAV2_0196,39.623318,-0.30439,A-7,11,Congested,i-DE,upgrade,1.39012375002216,0.0,True,none,4057,1650,50000.0,CAND_00496
STAV2_0197,38.30772,-0.60557,A-70,10,Congested,i-DE,upgrade,1.5827289540714158,0.0,True,core,3202,1500,50000.0,CAND_00469
STAV2_0198,42.383135549939695,-3.695014419479564,A-73R,2,Congested,i-DE,high_imd,1.0008403869633644,0.0,False,none,3327,300,200000.0,CAND_01588
STAV2_0199,42.91003,-2.663482,AP-1,4,Congested,i-DE,upgrade,4.462848685299868,0.0,True,core,4650,600,50000.0,CAND_00471
STAV2_0200,42.834183,-1.666381,AP-15,4,Congested,i-DE,upgrade,0.999369764412871,0.0,True,comprehensive,4664,600,50000.0,CAND_00738
STAV2_0201,39.41081084669706,-2.583030458314947,AP-36,2,Congested,i-DE,service_area,14.094234874248551,0.0,False,none,3559,300,200000.0,CAND_00027
STAV2_0202,40.06231755712379,-3.859392676034929,AP-41,2,Congested,i-DE,service_area,4.805511337766574,0.0,False,none,3249,300,100000.0,CAND_00064
STAV2_0203,40.72284294733156,-4.527654192230606,AP-51,4,Congested,i-DE,high_imd,9.236081187565798,0.0,True,comprehensive,4796,600,300000.0,CAND_01624
STAV2_0204,40.77142761296735,-4.398188014383041,AP-6,4,Congested,i-DE,service_area,9.440637213509026,0.0,True,none,4796,600,200000.0,CAND_00099
STAV2_0205,42.56834,-2.861139,AP-68,4,Congested,i-DE,upgrade,1.5250363099706312,0.0,True,core,4621,600,50000.0,CAND_00967
STAV2_0206,42.542329693450576,-5.716524443734891,AP-71,2,Congested,i-DE,service_area,2.8624953903081685,0.0,False,none,3797,300,100000.0,CAND_00079
STAV2_0207,38.559322,-0.134794,AP-7N,8,Congested,i-DE,upgrade,2.122127521077966,0.0,True,none,3203,1200,50000.0,CAND_01196
STAV2_0208,39.77346295439903,-0.19327550313743216,AP-7N,12,Congested,i-DE,high_imd,2.676809468603349,0.0,True,none,4304,1800,200000.0,CAND_01648
STAV2_0209,37.661213608385374,-0.8999686524756721,AP-7R,7,Congested,i-DE,high_imd,4.778205833654483,0.0,False,none,4012,1050,200000.0,CAND_01649
STAV2_0210,43.22526,-2.743108,AP-8,4,Congested,i-DE,upgrade,1.9293814324213456,0.0,True,core,3106,600,50000.0,CAND_00963
STAV2_0211,42.024418,-3.752409,N-1,2,Congested,i-DE,upgrade,0.9486817290724859,0.0,False,none,4778,300,50000.0,CAND_00950
STAV2_0212,42.6376,-3.110572,N-1,2,Congested,i-DE,upgrade,2.0158675007243056,0.0,False,none,4762,300,50000.0,CAND_00926
STAV2_0213,41.48559152809808,-3.3149305360046015,N-110,2,Congested,i-DE,high_imd,13.23136901854184,0.0,False,none,4787,300,300000.0,CAND_01669
STAV2_0214,40.81855019761335,-4.2823413088722235,N-110A,2,Congested,i-DE,high_imd,6.411146372680582,0.0,False,none,3007,300,300000.0,CAND_01670
STAV2_0215,41.1772989226192,-3.6358133621666218,N-110A,2,Congested,i-DE,high_imd,19.086545251366196,0.0,False,none,4096,300,500000.0,CAND_01672
STAV2_0216,41.75564460759367,-2.473891577477864,N-111,2,Congested,i-DE,high_imd,2.7837036695220863,0.0,False,none,3027,300,200000.0,CAND_01675
STAV2_0217,42.45322,-2.464703,N-111,2,Congested,i-DE,upgrade,1.763170106903321,0.0,False,none,4231,300,50000.0,CAND_00658
STAV2_0218,42.071514,-1.794573,N-113,4,Sufficient,i-DE,upgrade,4.40393233223233,23.0,True,comprehensive,4291,600,50000.0,CAND_00497
STAV2_0219,42.43778564698494,-2.5376771956172495,N-120,4,Congested,i-DE,high_imd,3.210710132459845,0.0,True,none,4187,600,200000.0,CAND_01692
STAV2_0220,42.52561,-7.527315,N-120,4,Congested,i-DE,upgrade,23.807739591759947,0.0,True,none,3170,600,350000.0,CAND_01288
STAV2_0221,42.572495,-5.583343,N-120,4,Congested,i-DE,upgrade,0.9038659295623422,0.0,True,none,4946,600,50000.0,CAND_01096
STAV2_0222,42.451144717222704,-2.982043817249766,N-120A,2,Congested,i-DE,high_imd,2.6846374644168014,0.0,False,none,4622,300,200000.0,CAND_01698
STAV2_0223,42.45431440630327,-6.008147243090975,N-120A,2,Congested,i-DE,high_imd,23.062289098204598,0.0,False,none,3797,300,500000.0,CAND_01697
STAV2_0224,41.527275,-5.699888,N-122,4,Congested,i-DE,upgrade,2.743871680169265,0.0,True,none,4834,600,50000.0,CAND_01240
STAV2_0225,41.63162189698914,-3.5239541251788977,N-122,4,Congested,i-DE,high_imd,2.2688965781483494,0.0,True,none,4767,600,200000.0,CAND_01708
STAV2_0226,41.697346,-6.342305,N-122,4,Congested,i-DE,upgrade,18.49918102451516,0.0,True,none,4841,600,350000.0,CAND_01333
STAV2_0227,41.62747645632776,-3.4754769253590454,N-122A,2,Congested,i-DE,high_imd,1.898520739334521,0.0,False,none,4767,300,200000.0,CAND_01714
STAV2_0228,42.63354867178429,-2.8470675487265806,N-124,2,Congested,i-DE,high_imd,5.833242362554484,0.0,False,none,4621,300,300000.0,CAND_01719
STAV2_0229,42.55923519081882,-2.887227332505544,N-126,2,Congested,i-DE,high_imd,1.036067709847607,0.0,False,none,3325,300,200000.0,CAND_01721
STAV2_0230,40.56683,-3.60891,N-1A,2,Congested,i-DE,upgrade,3.075851492505421,0.0,False,none,4125,300,50000.0,CAND_00527
STAV2_0231,41.18812,-3.583655,N-1A,2,Congested,i-DE,upgrade,20.675313159101997,0.0,False,none,4096,300,350000.0,CAND_00212
STAV2_0232,42.63596889961723,-3.1655451088521183,N-1A,2,Congested,i-DE,high_imd,5.588099324651145,0.0,False,none,4762,300,300000.0,CAND_01732
STAV2_0233,41.031166,-2.528108,N-2,4,Congested,i-DE,upgrade,10.228771578528516,0.0,True,none,4059,600,150000.0,CAND_00518
STAV2_0234,40.84893048271985,-2.74062312759584,N-204,2,Congested,i-DE,high_imd,17.950635570233228,0.0,False,none,4147,300,500000.0,CAND_01741
STAV2_0235,39.972355,0.01486,N-225,2,Congested,i-DE,upgrade,2.276366212097882,0.0,False,none,3685,300,50000.0,CAND_00933
STAV2_0236,42.33361645489174,-2.144675330192736,N-232A,2,Congested,i-DE,high_imd,8.96319522537823,0.0,False,none,4977,300,300000.0,CAND_01769
STAV2_0237,42.54988714590483,-2.9290444599397683,N-232A,2,Congested,i-DE,high_imd,1.9284542010014298,0.0,False,none,4976,300,200000.0,CAND_01768
STAV2_0238,39.68209,-0.3288817,N-234,2,Congested,i-DE,upgrade,5.409004636901377,0.0,False,none,3524,300,150000.0,CAND_01034
STAV2_0239,41.76204220896758,-2.4441866215104078,N-234,2,Congested,i-DE,high_imd,1.2307701177687866,0.0,False,none,4785,300,200000.0,CAND_01780
STAV2_0240,40.51746272799104,0.45231402029826273,N-238,2,Congested,i-DE,high_imd,4.65611465715022,0.0,False,none,4053,300,200000.0,CAND_01790
STAV2_0241,43.09959,-2.750419,N-240,4,Congested,i-DE,upgrade,2.5494147496121604,0.0,True,none,3082,600,50000.0,CAND_00534
STAV2_0242,37.72687562917347,-1.0515114998476889,N-301,2,Congested,i-DE,grid_friendly,0.6963105273484912,0.0,False,none,3898,300,150000.0,CAND_01408
STAV2_0243,38.19207,-1.334314,N-301,2,Congested,i-DE,upgrade,0.28495516864603276,0.0,False,none,3584,300,50000.0,CAND_00575
STAV2_0244,38.525597,-1.703138,N-301,2,Congested,i-DE,upgrade,0.4804368586747923,0.0,False,none,3602,300,50000.0,CAND_00974
STAV2_0245,40.618183,-3.279721,N-320,2,Congested,i-DE,upgrade,2.4185025155094917,0.0,False,none,3267,300,50000.0,CAND_00730
STAV2_0246,40.609886358077866,-3.118471209161242,N-320A,2,Congested,i-DE,high_imd,7.536452685238748,0.0,False,none,3518,300,300000.0,CAND_01845
STAV2_0247,38.9270222234194,-2.028839218679511,N-322,4,Congested,i-DE,high_imd,3.331972353665161,0.0,True,none,3640,600,200000.0,CAND_01853
STAV2_0248,39.28478,-1.47229,N-322A,2,Congested,i-DE,upgrade,1.1807903079324926,0.0,False,none,4118,300,50000.0,CAND_00853
STAV2_0249,39.5819023972269,-1.2148468799076153,N-330A,2,Congested,i-DE,high_imd,2.3872672192859534,0.0,False,none,3604,300,200000.0,CAND_01887
STAV2_0250,37.838898,-0.777624,N-332,3,Sufficient,i-DE,upgrade,3.9668721069409325,15.36,False,none,3647,450,50000.0,CAND_01106
STAV2_0251,38.432507,-0.397384,N-332,3,Congested,i-DE,upgrade,2.2096724544257658,0.0,False,none,3679,450,50000.0,CAND_00686
STAV2_0252,39.33020092806124,-0.40431125461844436,N-332A,2,Congested,i-DE,high_imd,2.5871763674672725,0.0,False,none,3891,300,200000.0,CAND_01904
STAV2_0253,38.371807,-0.4461212,N-334,5,Congested,i-DE,upgrade,2.3757440989272065,0.0,False,none,3603,750,50000.0,CAND_00854
STAV2_0254,38.29057480995289,-0.5586110814506424,N-338,4,Congested,i-DE,high_imd,5.449177203434853,0.0,True,none,4040,600,300000.0,CAND_01905
STAV2_0255,38.29253,-0.5917,N-340,4,Congested,i-DE,upgrade,2.614250685960405,0.0,True,none,3202,600,50000.0,CAND_00444
STAV2_0256,38.73875,-0.439747,N-340,4,Sufficient,i-DE,upgrade,1.5116392323897156,19.89,True,none,3854,600,50000.0,CAND_01208
STAV2_0257,40.02461883344227,-0.019357843501492267,N-340A,4,Congested,i-DE,high_imd,5.156587475096456,0.0,True,none,3507,600,300000.0,CAND_01929
STAV2_0258,37.61084100861398,-1.9047783998095105,N-342,2,Sufficient,i-DE,high_imd,15.271700203098293,22.41,False,none,3718,300,500000.0,CAND_01932
STAV2_0259,37.57046763503664,-0.9381515414697015,N-343,2,Congested,i-DE,high_imd,1.199898705059208,0.0,False,none,3658,300,200000.0,CAND_01933
STAV2_0260,38.051533,-1.2108834,N-344,2,Congested,i-DE,upgrade,3.061047696466446,0.0,False,none,3571,300,50000.0,CAND_00341
STAV2_0261,38.615204,-1.092887,N-344,2,Sufficient,i-DE,upgrade,0.7422745893275196,19.85,False,none,4054,300,50000.0,CAND_00945
STAV2_0262,37.59498167032636,-0.8741718056962824,N-345,2,Congested,i-DE,high_imd,3.0041825387261523,0.0,False,none,4012,300,200000.0,CAND_01938
STAV2_0263,39.939483339077064,-3.7630178439329125,N-400,2,Congested,i-DE,high_imd,8.105111644253743,0.0,False,none,3805,300,300000.0,CAND_01951
STAV2_0264,40.05730706798646,-2.8805500729483913,N-400,2,Congested,i-DE,high_imd,5.0084228135313165,0.0,False,none,3556,300,300000.0,CAND_01956
STAV2_0265,40.060696520384596,-2.799150673430631,N-400A,2,Congested,i-DE,high_imd,11.935547787605747,0.0,False,none,3556,300,300000.0,CAND_01958
STAV2_0266,39.70688107832415,-3.978349819715656,N-401A,2,Congested,i-DE,high_imd,2.499090224886047,0.0,False,none,4068,300,200000.0,CAND_01962
STAV2_0267,39.95075664768514,-4.152846218546554,N-403,2,Congested,i-DE,high_imd,7.141096011416351,0.0,False,none,3629,300,300000.0,CAND_01970
STAV2_0268,40.360783,-4.3965583,N-403A,2,Congested,i-DE,upgrade,3.500913711413698,0.0,False,none,4961,300,50000.0,CAND_00407
STAV2_0269,38.96264,-2.744697,N-430A,2,Congested,i-DE,upgrade,13.938547822298627,0.0,False,none,3273,300,150000.0,CAND_00759
STAV2_0270,39.169215552135974,-5.897635540678118,N-5,4,Congested,i-DE,high_imd,1.0390725376868084,0.0,True,none,4874,600,200000.0,CAND_02069
STAV2_0271,39.79144,-5.6963925,N-5,4,Congested,i-DE,upgrade,4.173669120663731,0.0,True,none,3515,600,50000.0,CAND_00179
STAV2_0272,40.901029727134045,-5.181053820967517,N-501A,2,Congested,i-DE,high_imd,2.543055359279504,0.0,False,none,4824,300,200000.0,CAND_02076
STAV2_0273,39.961124,-4.843849,N-502A,2,Congested,i-DE,upgrade,1.5851514419174622,0.0,False,none,4047,300,50000.0,CAND_00668
STAV2_0274,39.489193,-6.377167,N-521,2,Congested,i-DE,upgrade,1.731210698679398,0.0,False,none,4932,300,50000.0,CAND_00956
STAV2_0275,39.05098806590143,-6.799587809499009,N-523,2,Congested,i-DE,high_imd,11.057546314422744,0.0,False,none,4142,300,300000.0,CAND_02093
STAV2_0276,39.40701882800462,-5.890440907322755,N-5A,2,Congested,i-DE,high_imd,5.279756574073181,0.0,False,none,3026,300,300000.0,CAND_02119
STAV2_0277,39.968392683497356,-4.778772680459908,N-5A,2,Congested,i-DE,grid_friendly,0.8805769165809575,0.91,False,none,3284,300,150000.0,CAND_01396
STAV2_0278,40.67694,-4.081923,N-6,2,Congested,i-DE,upgrade,7.190850974301608,0.0,False,none,4089,300,150000.0,CAND_00313
STAV2_0279,41.62732,-5.173078,N-6,2,Congested,i-DE,upgrade,0.6800937786005882,0.0,False,none,4738,300,50000.0,CAND_01118
STAV2_0280,42.15851736927558,-5.765291766357841,N-6,2,Congested,i-DE,high_imd,12.846794682595043,0.0,False,none,4237,300,300000.0,CAND_02128
STAV2_0281,41.58686,-4.71882,N-601,2,Congested,i-DE,upgrade,2.358725115656556,0.0,False,none,4184,300,50000.0,CAND_00552
STAV2_0282,40.81855436908926,-4.190598680260675,N-603,2,Congested,i-DE,high_imd,2.345139156689829,0.0,False,none,3007,300,200000.0,CAND_02138
STAV2_0283,42.098553,-5.032123,N-610,2,Congested,i-DE,upgrade,0.7804727341220115,0.0,False,none,4732,300,50000.0,CAND_01028
STAV2_0284,40.69666,-6.41751,N-620,2,Congested,i-DE,upgrade,13.779684952234804,0.0,False,none,4816,300,150000.0,CAND_00250
STAV2_0285,41.95772259633738,-4.45245909764587,N-620,2,Congested,i-DE,high_imd,2.483078156013536,0.0,False,none,4268,300,200000.0,CAND_02153
STAV2_0286,42.275448,-3.896919,N-620A,2,Congested,i-DE,upgrade,8.119356047688647,0.0,False,none,4204,300,150000.0,CAND_00955
STAV2_0287,42.93125327703823,-5.112357106209384,N-621,2,Moderate,i-DE,grid_friendly,0.024025389851200434,2.4,False,none,4689,300,150000.0,CAND_01419
STAV2_0288,42.95543,-2.819914,N-622,4,Congested,i-DE,upgrade,4.510451412118804,0.0,True,none,4660,600,50000.0,CAND_00971
STAV2_0289,42.07726098051217,-4.079333309604731,N-622A,2,Congested,i-DE,high_imd,11.745750017943424,0.0,False,none,4742,300,300000.0,CAND_02165
STAV2_0290,42.42062726555179,-3.682433156130104,N-623,4,Congested,i-DE,high_imd,4.939047490766763,0.0,True,none,3327,600,200000.0,CAND_02169
STAV2_0291,42.89337183542718,-2.7236557657036102,N-624,4,Congested,i-DE,high_imd,4.35882232002884,0.0,True,comprehensive,3017,600,200000.0,CAND_02170
STAV2_0292,42.62890521701198,-3.8577296549759734,N-627,4,Congested,i-DE,high_imd,13.566465859977486,0.0,True,comprehensive,4783,600,300000.0,CAND_02174
STAV2_0293,39.84905943100576,-6.332275148046952,N-630,2,Congested,i-DE,high_imd,13.719783405783268,0.0,False,none,4854,300,300000.0,CAND_02181
STAV2_0294,40.69916,-5.623416,N-630,2,Congested,i-DE,upgrade,1.9470374256237462,0.0,False,none,7133,300,50000.0,CAND_00480
STAV2_0295,42.36074122824551,-5.567129560968874,N-630,2,Congested,i-DE,high_imd,4.85562811748714,0.0,False,none,4694,300,200000.0,CAND_02195
STAV2_0296,40.388157,-5.751917,N-630A,2,Congested,i-DE,upgrade,0.18837912312091135,0.0,False,none,4811,300,50000.0,CAND_00928
STAV2_0297,41.253593562670865,-5.709448994830301,N-630A,2,Congested,i-DE,high_imd,12.665264319012422,0.0,False,none,4842,300,300000.0,CAND_02198
STAV2_0298,43.378400962389996,-5.588623729621987,N-634R,2,Congested,i-DE,high_imd,11.895836536243822,0.0,False,none,3844,300,300000.0,CAND_02219
STAV2_0299,43.11345893523968,-2.5192623529783646,N-636,4,Congested,i-DE,high_imd,2.4353782710609626,0.0,True,comprehensive,4506,600,200000.0,CAND_02221
STAV2_FIX_001,38.775545,-2.446657,N-322,4,Congested,Endesa,afir_closer,,0.0,True,comprehensive,NO_SUBSTATION,600,1150000.0,CAND_AFIR_001
STAV2_FIX_002,37.900207,-6.644477,N-433,4,Congested,Endesa,afir_closer,,0.0,True,comprehensive,NO_SUBSTATION,600,1150000.0,CAND_AFIR_002
STAV2_FIX_003,41.512416,-0.068422,AP-2,4,Congested,Endesa,afir_closer,,0.0,True,core,NO_SUBSTATION,600,1150000.0,CAND_AFIR_003
STAV2_FIX_004,40.455491,-1.232499,A-23,4,Congested,Endesa,afir_closer,,0.0,True,core,NO_SUBSTATION,600,1150000.0,CAND_AFIR_004
STAV2_FIX_005,37.82396,-6.716242,N-435,2,Congested,Endesa,afir_closer,,0.0,False,none,NO_SUBSTATION,300,1150000.0,CAND_AFIR_005
STAV2_FIX_006,43.069502,-4.755363,N-621,2,Congested,Endesa,afir_closer,,0.0,False,none,NO_SUBSTATION,300,1150000.0,CAND_AFIR_006
STAV2_FIX_007,38.695176,-4.919327,N-502,2,Congested,Endesa,afir_closer,,0.0,False,none,NO_SUBSTATION,300,1150000.0,CAND_AFIR_007
STAV2_FIX_008,42.681726,-8.634557,AP-9,4,Congested,Endesa,afir_closer,,0.0,True,core,NO_SUBSTATION,600,1150000.0,CAND_AFIR_008
