agent_id,origin,destination,departure_time_min,arrival_time_min,status,num_charge_stops,total_wait_min,total_charge_min,total_energy_charged_kwh,total_distance_km,route_node_count,initial_soc_kwh,final_soc_kwh,generalized_cost_eur
TRIP_00170,ALI,VAL,294.7665692039448,404.1775726136328,completed,1,0.0,14.411003409687975,36.02750852421994,165.0,2,56.63330803856165,58.86668072867175,0.0
TRIP_00179,MUR,VAL,244.2208339134982,411.0228836818888,completed,1,0.0,21.80204976839058,54.50512442097646,250.0,3,69.88940509384706,75.84207197368532,0.0
TRIP_00056,ZAR,BCN,235.4420557896281,414.6285433157789,completed,1,0.0,19.1864875261508,47.966218815377,270.0,4,67.92584911435213,56.37129089344187,0.0
TRIP_00044,ZAR,MAD,260.06209725839,451.7374402732056,completed,2,0.0,26.67534301481561,66.68835753703902,300.0,3,71.46425480594152,71.44402349486228,0.0
TRIP_00031,MAD,ZAR,267.1274458323697,457.0052656526334,completed,2,0.0,24.877819820263685,55.97509459559329,300.0,3,58.5,47.27025070255391,0.0
TRIP_00155,VLD,MAD,356.53605059187043,485.4534085520815,completed,1,0.0,18.917357960211056,42.56405541047488,190.0,2,45.99215444721156,49.99530931485908,0.0
TRIP_00159,VLD,MAD,373.1683546585179,506.3787884409744,completed,1,0.0,23.21043378245652,30.94724504327536,190.0,2,39.2982926793268,34.997245043275356,0.0
TRIP_00161,VAL,ALI,413.5204136276612,508.5204136276612,completed,0,0.0,0.0,0.0,165.0,2,52.469493889991696,19.917299594754745,0.0
TRIP_00173,ALI,VAL,398.3227466639037,509.68544160311114,completed,1,0.0,16.362694939207497,40.90673734801874,165.0,2,41.69257251846562,53.11646612152447,0.0
TRIP_00061,BCN,ZAR,330.5255256509533,510.85945159001034,completed,2,0.0,20.33392593905704,45.751333362878334,270.0,4,58.5,47.068037040288665,0.0
TRIP_00193,BCN,ZAR,334.11081077353157,513.8143156743926,completed,2,0.0,19.703504900861045,44.33288602693735,270.0,4,58.5,50.10293584672207,0.0
TRIP_00163,VAL,ALI,368.5874197982431,515.3061227588345,completed,1,0.0,51.718702960591386,43.09891913382615,165.0,2,41.851895667514874,53.254042684262636,0.0
TRIP_00194,BCN,ZAR,335.2483053656256,518.1003281766541,completed,1,0.0,22.85202281102852,57.13005702757129,270.0,4,69.08523870073782,70.15949550368683,0.0
TRIP_00027,MAD,ZAR,344.4170505900272,523.1848356423945,completed,1,0.0,13.767785052367321,34.419462630918304,300.0,3,64.15280320900843,37.55720009912339,0.0
TRIP_00160,VAL,ALI,377.40689040569987,526.0624632375493,completed,1,0.0,53.65557283184938,44.712977359874486,165.0,2,42.1767565885435,52.1164953671564,0.0
TRIP_00064,BCN,ZAR,350.7409087428467,531.5431232876181,completed,2,0.0,20.802214544771296,52.005536361928236,270.0,4,54.70437562846059,56.81369078003079,0.0
TRIP_00032,MAD,ZAR,352.553991903894,545.4113867926018,completed,2,5.630843738500573,22.226551150207246,55.566377875518114,300.0,3,59.77586637797131,56.796346131147125,0.0
TRIP_00023,MAD,ZAR,352.41962715744154,546.4976035985266,completed,2,0.0,29.077976441084964,72.6949411027124,300.0,3,74.46353012973873,71.79121138132322,0.0
TRIP_00098,VAL,BCN,314.9328087050962,549.5165987477111,completed,2,0.0,44.58379004261487,48.274315307060384,320.0,4,39.97244647359045,33.14028946964768,0.0
TRIP_00043,ZAR,MAD,361.852336491168,551.8559891472908,completed,2,3.751321455087691,21.252331201035112,53.130828002587776,300.0,3,63.93603057552509,55.39729916673057,0.0
TRIP_00166,VAL,ALI,418.53043831105845,552.7405903375293,completed,1,1.7756844477760296,37.43446757869484,31.19538964891237,165.0,2,58.498197585767855,59.2223826554497,0.0
TRIP_00157,VLD,MAD,440.7521593227963,570.8090297775701,completed,1,0.0,20.056870454773897,50.142176136934744,190.0,2,65.87329905689693,72.69290161424219,0.0
TRIP_00192,BCN,ZAR,388.6306981742383,571.4219438074629,completed,1,0.0,22.791245633224555,56.978114083061385,270.0,4,72.72012415015546,76.20520168954116,0.0
TRIP_00030,MAD,ZAR,386.9878723300901,576.3480812382726,completed,2,0.0,24.360208908182507,54.81047004341064,300.0,3,58.5,44.69123570145916,0.0
TRIP_00176,MUR,VAL,401.138301803023,577.7185960721511,completed,2,0.0,31.580294269127982,50.99594671073204,250.0,3,59.80572880940182,55.334802125869615,0.0
TRIP_00134,SEV,MAL,439.64545741431243,579.143008432133,completed,1,0.0,9.49755101782054,21.369489790096214,200.0,3,42.15387824525551,25.65241871766307,0.0
TRIP_00138,MAL,SEV,450.7196002590213,597.5424885833628,completed,1,0.0,16.822888324341577,42.05722081085395,200.0,3,54.847448610022305,57.976238724992506,0.0
TRIP_00046,ZAR,MAD,423.09218972579544,609.300453779033,completed,2,0.0,21.208264053237503,53.020660133093756,300.0,3,66.11342452999763,54.78289389467443,0.0
TRIP_00034,ZAR,MAD,425.6746329890523,611.8983244831461,completed,2,0.0,21.223691494093725,53.05922873523431,300.0,3,68.95347160976104,56.80079958890667,0.0
TRIP_00025,MAD,ZAR,439.7214686438604,629.2332839620701,completed,2,0.0,24.5118153182097,55.15158446597182,300.0,3,58.5,48.716761997838624,0.0
TRIP_00060,BCN,ZAR,461.8777437834395,642.9594108923999,completed,2,0.0,21.08166710896047,47.433750995161056,270.0,4,57.7006304082598,47.1911539306578,0.0
TRIP_00139,MAL,SEV,490.66193022767214,645.189719055554,completed,2,0.0,24.52778882788178,32.70371843717571,200.0,3,40.5,32.169522600078814,0.0
TRIP_00188,COR,MAD,321.01728436507767,646.3996678226981,completed,3,0.0,40.38238345762052,88.97326600545261,470.0,4,58.5,46.99271630215964,0.0
TRIP_00040,ZAR,MAD,456.49266487752885,650.4556323514317,completed,2,5.488877453906753,23.474090019996197,52.81670254499144,300.0,3,58.12394747581692,50.359553300839046,0.0
TRIP_00053,ZAR,BCN,469.57205899804205,656.5532673507362,completed,2,0.0,26.981208352694097,60.70771879356171,270.0,4,56.58626507177391,49.65590356681365,0.0
TRIP_00096,BCN,VAL,432.3485849657375,668.8222496047388,completed,1,0.0,46.47366463900135,38.728053865834454,320.0,4,58.5,31.948187307684996,0.0
TRIP_00184,MAD,COR,345.04145730312155,669.5156669874914,completed,3,0.0,39.47420968436978,86.92987501563846,470.0,4,58.32788088722545,48.9793002935205,0.0
TRIP_00057,ZAR,BCN,498.2852803789127,670.3480844894193,completed,1,0.0,12.062804110506606,27.141309248639864,270.0,4,52.57792347064466,26.84234761123363,0.0
TRIP_00063,BCN,ZAR,505.43032720097096,686.1500954294927,completed,2,0.0,20.719768228521737,51.79942057130434,270.0,4,52.22736056746132,55.30024689319852,0.0
TRIP_00164,VAL,ALI,549.2203566748847,690.9045423489733,completed,1,0.0,46.684185674088646,38.90348806174054,165.0,2,70.85821370231896,75.31005201727305,0.0
TRIP_00069,BCN,ZAR,512.4323836253859,692.0814994478267,completed,2,0.0,19.649115822440734,49.12278955610183,270.0,4,58.177718527313615,54.144509512367854,0.0
TRIP_00180,MAD,COR,378.9906598866933,701.066063374482,completed,3,2.9600216260016623,34.115381861787185,83.05297078350024,470.0,4,69.3,56.53057382101342,0.0
TRIP_00146,MAD,BIL,342.566401400148,702.1311835342244,completed,3,0.0,69.56478213407641,85.20733895278924,480.0,5,58.5,47.454467054727665,0.0
TRIP_00052,ZAR,BCN,524.9230963653685,709.3626715405685,completed,1,0.0,24.439575175200083,32.58610023360011,270.0,4,40.5,32.58610023360011,0.0
TRIP_00145,MAD,BIL,404.85908653258105,726.942611542165,completed,2,0.0,32.083525009583994,80.20881252395999,480.0,5,90.0,75.6025179871061,0.0
TRIP_00185,MAD,COR,399.674389809372,727.3205690310709,completed,2,4.257069697558563,38.38910952414048,95.97277381035121,470.0,4,87.56323243260312,77.58622980526536,0.0
TRIP_00083,VAL,MAD,407.95512795859435,731.2218729037387,completed,2,0.0,33.266744945144296,83.16686236286074,480.0,5,66.40255490500273,55.75494890194942,0.0
TRIP_00086,VAL,MAD,393.1379500644357,742.904710651584,completed,2,0.0,59.76676058714822,66.05437487746933,480.0,5,58.5,27.94569676586348,0.0
TRIP_00089,VAL,MAD,430.151746086597,744.3856566291156,completed,1,0.0,24.233910542518604,32.311880723358136,480.0,5,40.5,32.311880723358136,0.0
TRIP_00095,BCN,VAL,521.3676020317572,751.5047820631836,completed,2,0.0,40.13718003142643,46.028765259898826,320.0,4,55.01782864340861,32.33232097277788,0.0
TRIP_00079,MAD,VAL,411.02687644334236,753.0307449790347,completed,3,0.0,52.003868535692305,95.96659941247432,480.0,5,53.67688197580155,58.02949510523343,0.0
TRIP_00099,VAL,BCN,526.8657306552686,762.5248329890935,completed,2,0.0,45.65910233382486,49.598179635939005,320.0,4,40.5,34.2810114773018,0.0
TRIP_00181,MAD,COR,444.2619648237779,764.0861282553635,completed,3,0.0,34.8241634315857,84.82492470799653,470.0,4,64.35761306769336,53.32932311357654,0.0
TRIP_00077,MAD,VAL,428.63338100144085,764.6241659571426,completed,3,0.0,45.99078495570182,82.22863909649696,480.0,5,58.5,50.89622076460237,0.0
TRIP_00118,SEV,MAD,359.65000346602824,771.460781112417,completed,2,0.0,46.81077764638874,61.10791858228176,610.0,5,40.5,31.87346421624403,0.0
TRIP_00001,MAD,BCN,398.7668387148626,774.3072783038792,completed,2,0.0,50.5404395890167,66.08080117245237,570.0,6,40.45249481072189,33.0807600726758,0.0
TRIP_00014,BCN,MAD,399.58590476666063,774.6088850450869,completed,4,0.0,50.02298027842618,108.77751207807181,570.0,6,58.34171231452268,49.204227074509696,0.0
TRIP_00104,MAD,SEV,385.4304618266417,775.4537855065539,completed,1,0.0,25.02332367991224,33.36443157321632,610.0,5,40.5,33.36443157321632,0.0
TRIP_00195,BCN,ZAR,606.1432161106985,785.9175095104187,completed,1,0.0,19.77429339972016,49.4357334993004,270.0,4,67.34154143505228,58.09412050406107,0.0
TRIP_00144,MAD,BIL,479.096506119552,793.2573741726046,completed,2,0.0,24.160868053052614,60.40217013263154,480.0,5,69.3,53.591378061328726,0.0
TRIP_00110,MAD,SEV,389.07037292047477,794.5676910762543,completed,3,0.0,40.49731815577947,101.24329538944866,610.0,5,67.05974999728483,59.13040721732167,0.0
TRIP_00003,MAD,BCN,448.6796336334845,808.8537160725684,completed,3,0.0,35.17408243908388,77.0619428995806,570.0,6,58.5,26.68831440397546,0.0
TRIP_00026,MAD,ZAR,621.0381921908796,809.1328974657719,completed,2,0.0,23.09470527489228,57.73676318723071,300.0,3,59.011258682815374,57.88713911478555,0.0
TRIP_00115,SEV,MAD,391.0804161471317,809.2038576920407,completed,4,0.0,53.12344154490897,115.75354992765809,610.0,5,56.24147744185866,46.41316841603444,0.0
TRIP_00019,BCN,MAD,430.3366711097137,812.7840377293597,completed,4,0.0,57.447366619646175,125.4823813458168,570.0,6,58.5,50.19407719156479,0.0
TRIP_00111,MAD,SEV,405.02696630352995,814.8007584809939,completed,4,0.0,44.77379217746398,109.61251251472677,610.0,5,67.6243392872387,58.6944374118329,0.0
TRIP_00004,MAD,BCN,457.18618154253176,820.6832861170112,completed,3,0.0,38.49710457447944,94.00530879449565,570.0,6,65.46146535388051,36.841686073900405,0.0
TRIP_00085,VAL,MAD,446.75175328302305,823.3761761100872,completed,2,0.0,86.62442282706407,104.92717078398488,480.0,5,51.092876821337256,75.80825480645798,0.0
TRIP_00009,BCN,MAD,476.65964723398844,841.7074700449533,completed,3,0.0,40.047822810964966,99.9297712163818,570.0,6,69.3,56.90680708008509,0.0
TRIP_00022,MAD,ZAR,653.6638111472067,861.5995506237227,completed,2,0.0,42.935739476516005,57.24765263535468,300.0,3,40.5,33.72541830762406,0.0
TRIP_00006,MAD,BCN,462.36789686258055,866.3123924550009,completed,3,10.639151420019402,68.30534417240096,88.46088900406151,570.0,6,40.5,32.80208998748932,0.0
TRIP_00128,MAL,MAD,338.79512800326717,904.9729590072849,completed,5,0.0,71.17783100401785,154.48882943645953,810.0,7,56.97943967665268,44.33432283276959,0.0
TRIP_00112,SEV,MAD,506.3556851919137,921.2197779134436,completed,4,0.0,49.86409272152993,120.18926406188935,610.0,5,69.3,52.49797021054094,0.0
TRIP_00072,MAD,VAL,578.9133492996177,925.4096911592637,completed,2,0.0,56.49634185964598,70.43817250832161,480.0,5,90.0,67.17233629290271,0.0
TRIP_00154,MAD,VLD,823.1647528958932,933.1647528958932,completed,0,0.0,0.0,0.0,190.0,2,40.5,0.838957161158703,0.0
TRIP_00152,MAD,VLD,778.3692442196849,936.0625506324434,completed,1,0.0,47.69330641275847,39.74442201063206,190.0,2,49.21946360292128,45.59442201063206,0.0
TRIP_00127,MAL,MAD,397.1641233404447,936.3624001122478,completed,2,0.0,44.19827677180303,107.59246612305596,810.0,7,87.50660459418008,42.09654927818485,0.0
TRIP_00108,MAD,SEV,538.0179120852107,947.5022765629268,completed,4,0.0,44.48436447771603,108.76792498704339,610.0,5,69.3,57.66311459672367,0.0
TRIP_00007,MAD,BCN,593.7811511617512,953.7986444819061,completed,3,0.0,35.017493320154976,76.90213163091056,570.0,6,58.5,31.17960149159459,0.0
TRIP_00114,SEV,MAD,566.7403470721367,961.0707646760663,completed,2,0.0,29.330417603929615,37.8373294618193,610.0,5,37.6197315209998,34.9570609828191,0.0
TRIP_00132,MAL,MAD,416.21252900737005,974.0801651780123,completed,4,0.0,62.86763617064224,154.265864620154,810.0,7,89.85229802050698,75.15242260424523,0.0
TRIP_00133,MAL,MAD,431.7073296653027,1003.5117567060291,completed,5,0.0,76.80442704072642,167.14867051905378,810.0,7,56.424799245777706,49.67644114188332,0.0
TRIP_00054,ZAR,BCN,825.2767520732423,1008.3476769997314,completed,1,0.0,23.070924926489177,57.67731231622294,270.0,4,66.34334090366207,74.87319846401189,0.0
TRIP_00049,ZAR,MAD,829.03062364604,1016.2187653005943,completed,2,0.0,22.18814165455438,49.923318722747354,300.0,3,52.57588989899809,47.91211089762464,0.0
TRIP_00011,BCN,MAD,654.0549998931795,1038.0548788415456,completed,4,5.10516322677654,53.89471572158955,130.2658215620384,570.0,6,69.3,58.2936821333706,0.0
TRIP_00174,VAL,MUR,852.1982638583306,1041.4247924923757,completed,1,0.0,44.22652863404507,36.85544052837089,250.0,3,54.535339255462034,41.858927048406215,0.0
TRIP_00075,MAD,VAL,709.1140522511681,1047.7556277802219,completed,3,0.0,48.64157552905376,98.22636626476194,480.0,5,69.3,56.998440830325784,0.0
TRIP_00021,MAD,ZAR,862.0043811153068,1051.807492718018,completed,2,0.0,24.803111602711212,55.80700110610023,300.0,3,58.5,47.75640226599088,0.0
TRIP_00175,MUR,VAL,859.193240630836,1053.8322730891803,completed,2,0.0,49.63903245834435,52.5306669499051,250.0,3,40.5,35.13538972314161,0.0
TRIP_00028,MAD,ZAR,861.6514650974299,1054.46524881824,completed,2,0.0,27.81378372081026,62.58101337182309,300.0,3,58.5,49.34493628985339,0.0
TRIP_00172,ALI,VAL,961.1722846318645,1073.5482205553874,completed,1,0.0,17.37593592352294,39.095855827926606,165.0,2,40.986796451432646,46.08610205789998,0.0
TRIP_00080,MAD,VAL,732.8405485194512,1074.6451059521492,completed,3,0.0,51.80455743269794,93.59778257000013,480.0,5,57.183746952883865,50.06969470642938,0.0
TRIP_00129,MAL,MAD,536.2345446968721,1094.5298697391465,completed,5,0.0,63.295325042274634,151.5318609927834,810.0,7,69.3,59.24935212020443,0.0
TRIP_00100,VAL,BCN,914.4126918994041,1120.0410302253592,completed,1,0.0,15.628338325955175,35.16376123339914,320.0,4,58.5,26.500649729251688,0.0
TRIP_00042,ZAR,MAD,937.4969474138223,1126.9198380148719,completed,2,0.0,24.42289060104948,61.0572265026237,300.0,3,69.3,58.24375824712291,0.0
TRIP_00097,VAL,BCN,893.0721223972793,1128.0405860664423,completed,2,0.0,44.96846366916296,48.24252798844822,320.0,4,40.5,32.20069300546393,0.0
TRIP_00024,MAD,ZAR,945.8575906540975,1130.8523670006305,completed,2,0.0,19.994776346532895,49.98694086633223,300.0,3,67.83491905333369,51.56633691829642,0.0
TRIP_00126,MAD,MAL,576.4839436867298,1134.9611383203985,completed,5,0.0,63.47719463366855,151.98653497126816,810.0,7,66.01447455819913,59.42522497511767,0.0
TRIP_00197,BIL,ZAR,921.6856484787305,1140.7412627410317,completed,1,0.0,19.055614262301244,47.63903565575311,325.0,4,66.77767229532017,58.900324661598084,0.0
TRIP_00199,BIL,ZAR,899.5059460132109,1146.774581857467,completed,2,0.0,47.268635844256146,64.80794402391179,325.0,4,82.62420918611006,73.64498026926928,0.0
TRIP_00045,ZAR,MAD,959.8805354864685,1149.6848201943624,completed,2,0.0,24.804284707893917,55.80964059276131,300.0,3,58.5,49.040662062360354,0.0
TRIP_00067,BCN,ZAR,970.7755658481346,1150.7096485588595,completed,1,0.0,19.934082710724837,49.83520677681209,270.0,4,60.90343034495925,57.680777345866844,0.0
TRIP_00102,VAL,BCN,937.9450679299157,1154.7031514510934,completed,2,0.0,26.758083521177777,60.20568792265,320.0,4,56.91679495249226,46.611321794597345,0.0
TRIP_00036,ZAR,MAD,967.6115129038474,1158.7843225874194,completed,2,0.0,26.172809683571998,65.43202420892999,300.0,3,69.01179041064444,73.69794150345876,0.0
TRIP_00055,ZAR,BCN,981.682270219943,1161.461836554511,completed,2,0.0,19.779566334567974,44.50402425277794,270.0,4,58.5,49.88745063570008,0.0
TRIP_00135,SEV,MAL,1013.9395660940194,1163.5768226484947,completed,1,0.0,19.63725655447528,49.0931413861882,200.0,3,67.28665910780944,75.62922226062112,0.0
TRIP_00093,BCN,VAL,934.9071977617003,1167.3294036008272,completed,1,0.0,42.422205839126704,35.35183819927226,320.0,4,58.5,37.52395381659829,0.0
TRIP_00169,ALI,VAL,1053.2414827090122,1169.9612798489748,completed,1,0.0,21.71979713996266,28.959729519950216,165.0,2,37.04761981402714,33.00972951995021,0.0
TRIP_00062,BCN,ZAR,989.3116183273853,1170.9354146394066,completed,2,0.0,21.623796312021142,54.059490780052855,270.0,4,60.63867465587163,58.14257175756691,0.0
TRIP_00047,ZAR,MAD,982.2477409574668,1172.5119769570151,completed,2,0.0,25.264235999548276,56.84453099898362,300.0,3,56.420001061165785,48.10790321122035,0.0
TRIP_00033,ZAR,MAD,985.0816802676184,1176.1121648206874,completed,2,0.0,26.03048455306903,58.56859024440532,300.0,3,58.5,50.67599949064147,0.0
TRIP_00153,MAD,VLD,1003.6156347449322,1180.1250995642297,completed,1,21.474811192886136,45.03465362641115,37.528878022009295,190.0,2,44.75848689781133,46.02600709508318,0.0
TRIP_00092,BCN,VAL,939.7879229448334,1180.6346734928338,completed,1,0.0,50.84675054800027,42.37229212333356,320.0,4,66.07233696300918,42.07891243018217,0.0
TRIP_00068,BCN,ZAR,1002.4463220707635,1182.8885106911875,completed,1,0.0,20.442188620424055,51.10547155106014,270.0,4,61.00851751501439,58.26205858016956,0.0
TRIP_00147,MAD,BIL,817.608674448883,1186.8602601459115,completed,3,0.0,79.25158569702876,70.46950387114974,480.0,5,40.128065356121155,23.37067572640443,0.0
TRIP_00158,VLD,MAD,1054.9630940635725,1190.7974940769238,completed,1,0.0,25.834400013351352,34.44586668446847,190.0,2,40.5,34.44586668446847,0.0
TRIP_00002,MAD,BCN,833.2706028470187,1196.020065524721,completed,3,0.0,37.74946267770227,92.09195970952032,570.0,6,68.3962597941296,35.80246936045634,0.0
TRIP_00000,MAD,BCN,841.9898175966637,1206.2561535810453,completed,3,0.0,39.26633598438159,95.65238447449693,570.0,6,69.3,36.648740828698664,0.0
TRIP_00198,BIL,ZAR,967.5731590507346,1206.9958195507631,completed,2,0.0,39.42266050002853,53.525604209387815,325.0,4,58.5,48.35533361045373,0.0
TRIP_00041,ZAR,MAD,1008.5063022539872,1213.1622612963852,completed,2,0.0,39.65595904239788,52.8746120565305,300.0,3,40.028837634007616,31.210352149470825,0.0
TRIP_00137,SEV,MAL,1050.4143668193487,1219.8288108838792,completed,2,0.0,39.41444406453051,52.552592086040676,200.0,3,30.60684529299434,33.4676526027687,0.0
TRIP_00156,VLD,MAD,1093.9430468609337,1220.6461464650201,completed,1,0.0,16.703099604086432,41.75774901021608,190.0,2,54.43195736871237,59.070633160632894,0.0
TRIP_00196,BCN,ZAR,1037.0575531932739,1221.0750992064116,completed,1,0.0,24.01754601313771,60.04386503284427,270.0,4,61.269255501746656,72.07830725256363,0.0
TRIP_00035,ZAR,MAD,1036.6182409062494,1224.946429355254,completed,2,0.0,23.32818844900465,58.32047112251162,300.0,3,62.63052955635514,57.16655881125387,0.0
TRIP_00065,BCN,ZAR,1047.707393894824,1227.029802910827,completed,2,0.0,19.322409016002837,48.30602254000709,270.0,4,63.82231927742772,53.89496396067398,0.0
TRIP_00037,ZAR,MAD,1036.7651732554807,1228.2475409850954,completed,2,0.0,26.48236772961453,66.20591932403633,300.0,3,69.82607813248426,73.55520756005969,0.0
TRIP_00088,VAL,MAD,890.7995676853881,1238.7338711134094,completed,2,0.0,57.93430342802125,64.0205918077959,480.0,5,58.5,29.18916159950334,0.0
TRIP_00094,BCN,VAL,1005.9113724313896,1240.9745204631147,completed,1,0.0,45.06314803172492,37.55262335977077,320.0,4,69.3,40.343183260868884,0.0
TRIP_00167,ALI,VAL,1135.7425691719434,1247.0298102441488,completed,1,0.0,16.28724107220552,40.71810268051381,165.0,2,51.629511806254015,55.84594245911863,0.0
TRIP_00082,VAL,MAD,929.9352751784761,1250.0248195935421,completed,2,0.0,30.089544415065852,75.22386103766462,480.0,5,69.3,55.715724901361895,0.0
TRIP_00136,SEV,MAL,1101.981276558946,1254.0045966267442,completed,1,0.0,22.023320067797986,55.05830016949496,200.0,3,44.33896579657655,52.63604315203104,0.0
TRIP_00059,ZAR,BCN,1084.057450698426,1258.2898040063917,completed,1,0.0,14.232353307965631,32.02279494292267,270.0,4,47.81184576258211,33.65948294558067,0.0
TRIP_00149,BIL,MAD,905.6926908101524,1260.5675928127127,completed,2,0.0,64.87490200256053,75.988376408234,480.0,5,58.5,47.19298725259643,0.0
TRIP_00177,MUR,VAL,1096.02743813986,1268.1536584552211,completed,2,0.0,27.12622031536104,46.26634313077959,250.0,3,57.71714824080475,47.66671427582918,0.0
TRIP_00073,MAD,VAL,911.149419335893,1270.6780349535086,completed,4,1.818629657014526,67.7099859606011,78.88399570033243,480.0,5,40.5,31.22895770790684,0.0
TRIP_00058,ZAR,BCN,1091.226329064827,1272.7923981123536,completed,1,0.0,21.56606904752651,53.91517261881628,270.0,4,53.16700655043584,53.707163066327084,0.0
TRIP_00016,BCN,MAD,912.3659461958656,1273.41246888516,completed,3,0.0,36.04652268929469,81.10467605091304,570.0,6,57.994059020986555,47.75755707217021,0.0
TRIP_00151,BIL,MAD,923.1178895457956,1279.268736420757,completed,2,8.44207908112412,57.708767793837154,70.32403392144259,480.0,5,69.3,56.051144122381096,0.0
TRIP_00178,MUR,VAL,1113.888366239565,1283.4351159407604,completed,1,0.0,24.54674970119551,61.36687425298877,250.0,3,63.293944781646275,72.87018746906183,0.0
TRIP_00008,MAD,BCN,922.103315307389,1284.1058215877451,completed,3,0.0,37.00250628035624,90.27078182992287,570.0,6,68.73784475738357,39.31118236356008,0.0
TRIP_00116,SEV,MAD,875.7929911146687,1288.2356363286287,completed,4,0.0,47.44264521396007,102.97175818302306,610.0,5,58.5,47.83886962099274,0.0
TRIP_00186,MAD,COR,978.583169154141,1292.0766268754724,completed,2,0.0,28.493457721331197,71.23364430332799,470.0,4,69.3,54.90393707940457,0.0
TRIP_00050,ZAR,BCN,1124.097208516647,1298.8098064514497,completed,1,0.0,14.712597934802808,36.781494837007024,270.0,4,54.14759465472085,41.066217118158015,0.0
TRIP_00119,SEV,MAD,873.6899300366695,1302.6182892728184,completed,4,5.01684206550317,58.911517170645766,128.77672008556587,610.0,5,58.5,48.69345830497906,0.0
TRIP_00171,ALI,VAL,1196.2163938400067,1306.8277212089004,completed,1,0.0,15.611327368893653,39.02831842223413,165.0,2,48.79651741018665,55.478334910084634,0.0
TRIP_00005,MAD,BCN,950.7879578200723,1312.6664775918096,completed,2,0.0,36.87851977173743,92.19629942934358,570.0,6,88.67283976937566,71.5635712504532,0.0
TRIP_00162,VAL,ALI,1171.2592719729234,1314.4113932351856,completed,1,0.0,48.15212126226229,40.12676771855191,165.0,2,41.039910546759764,45.97676771855191,0.0
TRIP_00051,ZAR,BCN,1145.4658810549338,1316.1864762762475,completed,1,0.0,10.72059522131375,24.121339247955937,270.0,4,53.922162331656736,25.932916359620716,0.0
TRIP_00140,MAD,BIL,936.1154524978873,1316.437569628951,completed,3,0.0,90.32211713106366,108.62460225457069,480.0,5,50.498890798716204,48.47826727397588,0.0
TRIP_00076,MAD,VAL,979.3481878918392,1319.7769108727475,completed,3,0.0,50.42872298090831,93.58746524084914,480.0,5,58.5,47.433536870524755,0.0
TRIP_00168,ALI,VAL,1203.6463328313587,1320.5725762873237,completed,1,0.0,21.92624345596494,29.234991274619922,165.0,2,39.4074147114069,33.28499127461992,0.0
TRIP_00070,BCN,ZAR,1146.9647005000331,1326.9958109391844,completed,2,0.0,20.031110439151256,50.07777609787814,270.0,4,60.171734818677216,55.65210338548154,0.0
TRIP_00066,BCN,ZAR,1127.0291799334752,1327.8604167732071,completed,2,0.0,40.83123683973194,53.13519750673936,270.0,4,38.43112398654963,32.49295575645303,0.0
TRIP_00189,COR,MAD,1007.2783404710034,1329.592948621945,completed,3,0.0,37.31460815094169,82.07077156542525,470.0,4,58.5,49.655945646610114,0.0
TRIP_00039,ZAR,MAD,1124.189447942973,1329.9682289968055,completed,2,0.0,40.77878105383259,54.371708071776794,300.0,3,40.5,33.57719257430254,0.0
TRIP_00107,MAD,SEV,926.3606018709188,1330.0535449432175,completed,3,0.0,38.69294307229863,96.73235768074659,610.0,5,69.3,58.99595622678104,0.0
TRIP_00048,ZAR,MAD,1143.373360896499,1330.1030041429128,completed,2,0.0,21.72964324641382,54.324108116034544,300.0,3,64.4619595221507,51.810699926229326,0.0
TRIP_00090,VAL,MAD,971.2517163569393,1336.6507297003827,completed,4,0.0,75.3990133434435,95.09505024942588,480.0,5,56.798000306573044,50.20438209006836,0.0
TRIP_00015,BCN,MAD,979.4645231583941,1338.1780672314849,completed,3,0.0,33.71354407309104,75.85547416445485,570.0,6,58.434627561771016,50.199416039066385,0.0
TRIP_00191,COR,MAD,1019.7910634803978,1345.556399146484,completed,3,0.0,40.76533566608613,89.83490847450024,470.0,4,58.08154420402957,48.31443656404427,0.0
TRIP_00038,ZAR,MAD,1160.641187098518,1347.0580923054858,completed,1,0.0,21.416905206967837,53.542263017419586,300.0,3,69.88409798923027,73.34969673034082,0.0
TRIP_00106,MAD,SEV,935.9907833807878,1350.2313397017665,completed,4,0.0,49.24055632097855,119.28147489248934,610.0,5,64.34493488655164,54.700919124428,0.0
TRIP_00141,MAD,BIL,1040.253467254486,1361.4141348792436,completed,2,0.0,31.16066762475777,77.90166906189444,480.0,5,69.11974092694922,53.37185306630758,0.0
TRIP_00117,SEV,MAD,968.0063346186811,1361.4143633893111,completed,2,0.0,28.408028770630086,36.543228060598835,610.0,5,36.54153899898495,32.58476705958378,0.0
TRIP_00122,SEV,MAD,949.8428034273725,1364.2892878767884,completed,4,0.0,49.44648444941586,119.14524338160416,610.0,5,69.23013844833118,53.290487906456725,0.0
TRIP_00103,MAD,SEV,973.3642554211385,1369.5685760498234,completed,2,0.0,31.204320628684876,68.32262464034743,610.0,5,35.99191551121413,45.81454015156156,0.0
TRIP_00017,BCN,MAD,984.4660346569799,1370.645679738751,completed,4,0.0,61.1796450817713,149.44418581729977,570.0,6,26.65620400113129,57.067516436040975,0.0
TRIP_00091,VAL,MAD,1011.9062506605677,1381.5572915385624,completed,4,0.0,79.6510408779947,81.88564324025371,480.0,5,40.5,32.13815573252735,0.0
TRIP_00013,BCN,MAD,1024.1482520875254,1384.5544499139778,completed,3,0.0,35.4061978264523,79.66394510951767,570.0,6,58.298564699501625,46.90276551351694,0.0
TRIP_00081,MAD,VAL,1028.4222425974594,1392.6979210700126,completed,2,0.0,74.27567847255305,85.69391203577993,480.0,5,68.56258430714684,59.23215739403153,0.0
TRIP_00121,SEV,MAD,991.6712831294199,1399.7560363020382,completed,3,0.0,43.08475317261836,95.05359786419776,610.0,5,57.88177486366315,48.68975580571143,0.0
TRIP_00165,VAL,ALI,1273.1569651839466,1413.8079606270865,completed,1,0.0,45.650995443139976,38.04249620261665,165.0,2,36.38526154520448,43.89249620261665,0.0
TRIP_00142,MAD,BIL,1026.0403337960743,1414.703347968144,completed,3,19.88836616873573,78.77464800333411,98.20310733206716,480.0,5,58.5,48.968234453371196,0.0
TRIP_00101,VAL,BCN,1212.7224670105184,1417.4132921887754,completed,1,0.0,14.690825178256986,33.054356651078216,320.0,4,58.5,26.315488656229153,0.0
TRIP_00190,COR,MAD,1086.0857768413982,1418.4462975270824,completed,3,9.371207761862706,37.989312923821316,83.58885730440441,470.0,4,55.58689676810845,44.64265251072091,0.0
TRIP_00012,BCN,MAD,1053.8760760340529,1423.8326459498858,completed,4,0.0,44.95656991583297,97.3780887622371,570.0,6,55.6765442252312,44.100923864162525,0.0
TRIP_00150,BIL,MAD,1088.8186668499568,1431.1635975954007,completed,3,0.0,52.3449307454438,91.41361428114135,480.0,5,58.5,44.86631929450167,0.0
TRIP_00113,SEV,MAD,1009.126292295854,1433.4151671765046,completed,4,7.7417362349569885,51.54713864569377,124.39687887229897,610.0,5,67.46382796682849,60.378236387604865,0.0
TRIP_00084,VAL,MAD,1112.6151265708586,1433.7625485048638,completed,2,0.0,31.147421934005255,77.86855483501313,480.0,5,64.36820549715596,56.43232693298788,0.0
