agent_id,station_id,node_id,sim_time_min,wait_time_min,charge_time_min,energy_kwh,soc_before_kwh,soc_after_kwh,price_per_kwh
TRIP_00031,STA_A2_CTR,WPT_A2_CTR,359.2703073630188,0.0,10.142861530649096,22.821438443960467,24.448812258593442,47.27025070255391,0.39
TRIP_00044,STA_A2_CTR,WPT_A2_CTR,366.8386288000123,0.0,23.776531541622305,59.44132885405576,12.002694640806517,71.44402349486228,0.39
TRIP_00098,STA_CAS_S,CAS,379.02831741378384,0.0,19.095508708687653,14.606472311003152,25.893527688996848,40.5,0.4
TRIP_00193,STA_TAR_N,TAR,394.548207674846,0.0,5.43739690131446,12.234143027957536,37.86879281876453,50.10293584672207,0.38
TRIP_00061,STA_TAR_N,TAR,401.7535737412677,0.0,16.228048090314413,36.51310820320742,10.554928837081242,47.068037040288665,0.38
TRIP_00170,STA_VAL_N,VAL,403.87092807641477,0.0,14.104358872469936,35.26089718117484,23.605783547496912,58.86668072867175,0.4
TRIP_00194,STA_TAR_N,TAR,406.1885288239681,0.0,15.940223458342523,39.85055864585631,30.308936857830517,70.15949550368683,0.38
TRIP_00179,STA_VAL_N,VAL,411.0228836818888,0.0,21.80204976839058,54.50512442097646,21.336947552708864,75.84207197368532,0.4
TRIP_00064,STA_TAR_N,TAR,413.0249123018118,0.0,7.2840035589650824,18.210008897412706,38.60368188261808,56.81369078003079,0.38
TRIP_00056,STA_BCN_S,BCN,414.6285433157789,0.0,19.1864875261508,47.966218815377,8.405072078064876,56.37129089344187,0.24599999999999997
TRIP_00128,STA_SEV_MAL,WPT_SEV_MAL,426.17033416939415,0.0,22.375206166127004,48.45711709959221,10.04288290040779,58.5,0.38
TRIP_00188,STA_WP_MS,WPT_MAD_SEV,426.2901145677868,0.0,15.27283020270914,32.476771181902016,26.023228818097984,58.5,0.37
TRIP_00023,STA_A2_CTR,WPT_A2_CTR,447.99660914509406,0.0,13.576981987652537,33.94245496913134,37.84875641219188,71.79121138132322,0.39
TRIP_00032,STA_A2_CTR,WPT_A2_CTR,454.50053035635284,0.0,19.94653845245885,49.866346131147125,6.93,56.796346131147125,0.39
TRIP_00031,STA_ZAR_E,ZAR,457.0052656526334,0.0,14.734958289614589,33.15365615163282,14.116594550921086,47.27025070255391,0.22799999999999998
TRIP_00192,STA_TAR_N,TAR,457.165297822184,0.0,13.53459964794572,33.8364991198643,42.368702569676856,76.20520168954116,0.38
TRIP_00184,STA_A4_CTR,WPT_A4_CTR,457.50158816020513,0.0,15.460130857083604,32.89819765424456,25.601802345755438,58.5,0.38
TRIP_00044,STA_MAD_N,MAD,462.1678528875907,0.0,13.3292240875784,33.323060218946,38.12096327591628,71.44402349486228,0.23399999999999999
TRIP_00118,STA_COR_E,COR,462.555682950234,0.0,22.905679484205717,29.23445436603773,11.265545633962269,40.5,0.37
TRIP_00014,STA_TAR_N,TAR,464.1090105879676,0.0,9.523105821306942,19.53989132374707,38.96010867625293,58.5,0.38
TRIP_00043,STA_A2_CTR,WPT_A2_CTR,467.3835288117863,3.144272653926066,19.386919666692226,48.46729916673057,6.93,55.39729916673057,0.39
TRIP_00176,STA_ALI_N,ALI,468.51383048027753,0.0,17.375528677254508,14.47960723104542,40.855194894824194,55.334802125869615,0.42
TRIP_00030,STA_A2_CTR,WPT_A2_CTR,480.156202485306,0.0,11.168330155215882,25.128742849235735,19.56249285222343,44.69123570145916,0.39
TRIP_00155,STA_MAD_N,MAD,485.0919702482303,0.0,18.555919656359908,41.75081922680979,8.24449008804929,49.99530931485908,0.23399999999999999
TRIP_00180,STA_A4_CTR,WPT_A4_CTR,490.052317627267,0.0,14.061657740573644,32.91866048046637,36.381339519533626,69.3,0.38
TRIP_00115,STA_COR_E,COR,491.4158865898774,0.0,20.335470442745724,43.86771172198432,14.632288278015679,58.5,0.37
TRIP_00019,STA_TAR_N,TAR,496.27435029520217,0.0,10.937679185488465,22.722681393155497,35.7773186068445,58.5,0.38
TRIP_00128,STA_SEV_N,SEV,500.880152010344,0.0,9.709817840949814,19.959993367943532,38.54000663205647,58.5,0.38
TRIP_00146,STA_VLD_S,VLD,501.5732183940462,0.0,49.00681699389822,38.9519173873883,19.5480826126117,58.5,0.4
TRIP_00159,STA_MAD_N,MAD,506.3787884409744,0.0,23.21043378245652,30.94724504327536,4.049999999999997,34.997245043275356,0.23399999999999999
TRIP_00001,STA_A2_CTR,WPT_A2_CTR,506.4610793574139,0.0,25.69424064255126,32.952535910498455,7.5474640895015455,40.5,0.39
TRIP_00173,STA_VAL_N,VAL,509.7241136484988,0.0,16.401366984595153,41.003417461487885,12.113048660036586,53.11646612152447,0.4
TRIP_00163,STA_ALI_N,ALI,514.1107649724163,0.0,50.523345174173194,42.10278764514433,11.151255039118304,53.254042684262636,0.42
TRIP_00185,STA_A4_CTR,WPT_A4_CTR,514.1350001198946,0.0,17.460610310522625,43.65152577630656,35.46768846982871,79.11921424613527,0.38
TRIP_00193,STA_ZAR_E,ZAR,514.628330881383,0.0,15.08012320653702,33.9302772147083,16.17265863201377,50.10293584672207,0.22799999999999998
TRIP_00134,STA_SEV_MAL,WPT_SEV_MAL,516.4903081832549,0.0,11.84485076894244,26.650914230120488,18.13697914638691,44.7878933765074,0.38
TRIP_00060,STA_TAR_N,TAR,521.022245190446,0.0,4.144501407006633,9.325128165764923,37.866025764892875,47.1911539306578,0.38
TRIP_00061,STA_ZAR_E,ZAR,523.1165538612458,0.0,16.362980119978204,36.81670526995096,10.251331770337707,47.068037040288665,0.22799999999999998
TRIP_00046,STA_A2_CTR,WPT_A2_CTR,525.2333472836652,0.0,19.14115755786977,47.85289389467443,6.93,54.78289389467443,0.39
TRIP_00194,STA_ZAR_E,ZAR,525.6228971287718,0.0,14.434368304803652,36.08592076200913,34.073574741677696,70.15949550368683,0.22799999999999998
TRIP_00160,STA_ALI_N,ALI,526.6306848462875,0.0,54.22379444058768,45.186495367156404,6.93,52.1164953671564,0.42
TRIP_00034,STA_A2_CTR,WPT_A2_CTR,528.622952824615,0.0,19.948319835562668,49.87079958890667,6.93,56.80079958890667,0.39
TRIP_00064,STA_ZAR_E,ZAR,530.8623527140285,0.0,12.837440412216626,32.09360103054156,24.720089749489226,56.81369078003079,0.22799999999999998
TRIP_00027,STA_ZAR_E,ZAR,532.8597895172176,0.0,23.44273892719037,58.60684731797592,9.00911985666228,67.6159671746382,0.22799999999999998
TRIP_00188,STA_A4_CTR,WPT_A4_CTR,534.2877170401669,0.0,9.997602472380054,22.49460556285512,24.498110739304522,46.99271630215964,0.38
TRIP_00025,STA_A2_CTR,WPT_A2_CTR,535.8537191072991,3.511878639804877,10.62037182363386,23.895836603176186,24.82092539466244,48.716761997838624,0.39
TRIP_00009,STA_TAR_N,TAR,544.1564059313295,0.0,12.496758697341043,29.00641287238487,40.293587127615126,69.3,0.38
TRIP_00023,STA_ZAR_E,ZAR,545.8905547973649,0.0,14.893945652270835,37.23486413067709,34.556347250646134,71.79121138132322,0.22799999999999998
TRIP_00098,STA_BCN_S,BCN,548.8835345160196,0.0,24.855217102235763,33.14028946964768,0.0,33.14028946964768,0.24599999999999997
TRIP_00032,STA_ZAR_E,ZAR,549.0302036628665,0.0,11.529673306513715,28.824183266284287,27.972162864862838,56.796346131147125,0.22799999999999998
TRIP_00079,STA_A3_VAL,WPT_MAD_VAL,551.6093421968302,0.0,20.58246575348778,51.456164383719454,8.48399428138864,59.94015866510809,0.39
TRIP_00166,STA_ALI_N,ALI,552.0308846740023,0.5803266613578444,37.92011970158602,31.600099751321682,27.622282904128017,59.2223826554497,0.42
TRIP_00004,STA_A2_CTR,WPT_A2_CTR,553.6447762703311,0.0,14.458594727799372,33.911002948530694,35.3889970514693,69.3,0.39
TRIP_00127,STA_SEV_N,SEV,554.7010501716227,0.0,27.53692683117805,65.93909127149351,24.060908728506483,90.0,0.38
TRIP_00003,STA_A2_CTR,WPT_A2_CTR,554.9183433109039,0.0,24.238709677419358,52.65,5.850000000000001,58.5,0.39
TRIP_00043,STA_MAD_N,MAD,561.7049470120174,0.0,12.321418200231205,30.803545500578014,24.593753666152555,55.39729916673057,0.23399999999999999
TRIP_00040,STA_A2_CTR,WPT_A2_CTR,563.5031477663031,14.15211139280234,9.858371495971928,22.181335865936838,28.17821743490221,50.359553300839046,0.39
TRIP_00086,STA_ALB_W,ALB,563.582466193468,0.0,65.44451612903225,52.65,5.850000000000001,58.5,0.41
TRIP_00139,STA_SEV_MAL,WPT_SEV_MAL,565.1598121944784,0.0,9.497881966806164,12.663842622408218,19.505679977670596,32.169522600078814,0.38
TRIP_00184,STA_WP_MS,WPT_MAD_SEV,565.8915872481007,0.0,10.389999087895584,23.377497947765065,25.601802345755438,48.9793002935205,0.37
TRIP_00077,STA_A3_VAL,WPT_MAD_VAL,566.2458590165019,0.0,17.61247801506104,38.15924280758215,19.661667886023025,57.82091069360518,0.39
TRIP_00181,STA_A4_CTR,WPT_A4_CTR,567.0471440643759,0.0,25.785179240598033,62.22746423052735,7.072535769472644,69.3,0.38
TRIP_00114,STA_SEV_N,SEV,569.852968938952,0.0,3.1126218668152883,2.8802684790002004,37.6197315209998,40.5,0.38
TRIP_00157,STA_MAD_N,MAD,571.0051214044593,0.0,20.252962081663025,50.63240520415756,22.06049641008463,72.69290161424219,0.23399999999999999
TRIP_00192,STA_ZAR_E,ZAR,575.935245913409,0.0,13.769948091224904,34.42487022806226,41.780331461478895,76.20520168954116,0.22799999999999998
TRIP_00030,STA_ZAR_E,ZAR,578.2054697635677,0.0,15.049267278261722,33.860851376088874,10.83038432537029,44.69123570145916,0.22799999999999998
TRIP_00176,STA_VAL_N,VAL,578.3212513721528,0.0,14.807420891875234,37.01855222968808,18.31624989618153,55.334802125869615,0.4
TRIP_00006,STA_A2_CTR,WPT_A2_CTR,579.2786689535309,10.550446448323328,24.360325642627032,31.173982577266152,9.326017422733848,40.5,0.39
TRIP_00133,STA_SEV_N,SEV,581.3061386689099,0.0,19.598809003607155,42.21022348392255,16.289776516077453,58.5,0.38
TRIP_00146,STA_BUR_S,BUR,582.3070550970198,0.0,5.733836702973605,12.90113258169061,34.553334473037054,47.454467054727665,0.39
TRIP_00095,STA_TAR_N,TAR,583.8263651818096,0.0,7.4587631500523734,16.604272930529575,37.57579113283994,54.180064063369514,0.38
TRIP_00014,STA_ZAR_E,ZAR,585.6338701979685,0.0,16.524859610000895,35.293837348308465,23.206162651691535,58.5,0.22799999999999998
TRIP_00099,STA_CAS_S,CAS,592.0911988802064,0.0,20.225468224937803,15.548105241211609,24.95189475878839,40.5,0.4
TRIP_00053,STA_TAR_N,TAR,594.0413494721814,0.0,19.4692904741394,43.80590356681365,5.850000000000001,49.65590356681365,0.38
TRIP_00083,STA_A3_VAL,WPT_MAD_VAL,594.7317215666588,0.0,16.776593608064477,41.94148402016119,13.813464881788228,55.75494890194942,0.39
TRIP_00128,STA_COR_E,COR,595.401524227817,0.0,14.52137221747311,30.785990715120946,27.714009284879054,58.5,0.37
TRIP_00115,STA_WP_MS,WPT_MAD_SEV,595.9433240217757,0.0,14.527437431898294,30.799637447577616,27.700362552422384,58.5,0.37
TRIP_00138,STA_SEV_N,SEV,600.0414491221212,0.0,19.32184886309993,48.304622157749826,9.67161656724268,57.976238724992506,0.38
TRIP_00112,STA_COR_E,COR,600.4398335856705,0.0,14.084148393756784,32.974887113424224,36.32511288657577,69.3,0.37
TRIP_00110,STA_WP_MS,WPT_MAD_SEV,602.9071156200013,0.0,18.83674269952656,47.0918567488164,12.03855046850527,59.13040721732167,0.37
TRIP_00180,STA_WP_MS,WPT_MAD_SEV,603.9327310089026,7.891006394508622,7.989406987126977,19.973517467817445,36.557056353195975,56.53057382101342,0.37
TRIP_00145,STA_BUR_S,BUR,610.9770357558314,0.0,21.11794922325027,52.794873058125674,22.807644928980423,75.6025179871061,0.39
TRIP_00085,STA_ALB_W,ALB,612.8725460599635,0.0,61.12079277694044,50.9339939807837,24.874260825674288,75.80825480645798,0.41
TRIP_00057,STA_TAR_N,TAR,612.8923003947241,0.0,9.607020015811381,21.61579503557561,24.077924867625683,45.69371990320129,0.38
TRIP_00019,STA_ZAR_E,ZAR,619.9651582064344,0.0,18.69080791123229,40.167221026079105,18.332778973920895,58.5,0.22799999999999998
TRIP_00046,STA_MAD_N,MAD,620.0910917553034,0.0,12.857744471638137,32.14436117909534,22.63853271557909,54.78289389467443,0.23399999999999999
TRIP_00034,STA_MAD_N,MAD,623.6528392937876,0.0,13.029886469172482,32.574716172931204,24.226083415975467,56.80079958890667,0.23399999999999999
TRIP_00111,STA_WP_MS,WPT_MAD_SEV,625.4034749992405,2.8801493164713747,22.496359379239212,56.154414390132594,7.123258024848475,63.27767241498107,0.37
TRIP_00096,STA_CAS_S,CAS,625.696633303741,0.0,48.348048338003494,40.290040281669576,6.783229386945337,47.07326966861491,0.4
TRIP_00185,STA_WP_MS,WPT_MAD_SEV,625.9980312201681,0.0,13.863031100273512,34.65757775068378,42.92865205458158,77.58622980526536,0.37
TRIP_00129,STA_SEV_MAL,WPT_SEV_MAL,627.0767382452592,0.0,25.84219354838709,62.37,6.93,69.3,0.38
TRIP_00025,STA_ZAR_E,ZAR,633.084228191379,0.0,14.230509084079884,32.018645439179735,16.69811655865889,48.716761997838624,0.22799999999999998
TRIP_00079,STA_ALB_W,ALB,637.0351853528841,0.0,20.425843156053872,17.021535963378227,41.0079591418552,58.02949510523343,0.41
TRIP_00060,STA_ZAR_E,ZAR,642.6041355182931,0.0,16.58189032784708,37.30925323765593,9.881900693001867,47.1911539306578,0.22799999999999998
TRIP_00077,STA_ALB_W,ALB,645.209478541815,0.0,13.963619525313138,11.636349604427615,39.259871160174754,50.89622076460237,0.41
TRIP_00139,STA_SEV_N,SEV,645.6376356333897,0.0,15.477823438911335,20.637097918548445,11.532424681530369,32.169522600078814,0.38
TRIP_00188,STA_MAD_N,MAD,646.3996678226981,0.0,15.111950782531324,34.00188926069548,12.990827041464165,46.99271630215964,0.23399999999999999
TRIP_00004,STA_ZAR_E,ZAR,646.874386640192,0.0,10.229610369860918,25.572057153917093,36.28652864124303,61.858585795160124,0.22799999999999998
TRIP_00108,STA_A4_CTR,WPT_A4_CTR,648.6895188776648,0.0,13.67160679245412,31.943533110167564,37.35646688983243,69.3,0.38
TRIP_00003,STA_ZAR_E,ZAR,649.1859204404797,0.0,11.267577129575749,25.159402727380844,29.105333793577408,54.26473652095825,0.22799999999999998
TRIP_00132,STA_COR_E,COR,655.8677707434723,0.0,29.655241736102298,71.23487853380414,18.765121466195865,90.0,0.37
TRIP_00040,STA_MAD_N,MAD,658.9517318351349,0.0,13.448584068831787,30.25931415487152,20.100239145967524,50.359553300839046,0.23399999999999999
TRIP_00053,STA_BCN_S,BCN,659.7280722078622,0.0,10.686722735680695,24.04512615528156,25.610777411532087,49.65590356681365,0.24599999999999997
TRIP_00009,STA_ZAR_E,ZAR,660.5652666678146,0.0,11.408860736485188,28.33236603018235,35.72301494434577,64.05538097452812,0.22799999999999998
TRIP_00184,STA_COR_E,COR,669.4391696040359,0.0,13.547582355935235,30.48206030085428,18.497239992666223,48.9793002935205,0.37
TRIP_00181,STA_WP_MS,WPT_MAD_SEV,671.7602472212432,0.0,6.713103156867331,16.782757892168327,36.546565221408216,53.32932311357654,0.37
TRIP_00133,STA_COR_E,COR,676.3470343585172,0.0,15.040895689607417,31.954918527423143,26.545081472576857,58.5,0.37
TRIP_00195,STA_TAR_N,TAR,676.9549969695686,0.0,15.811780858870119,39.52945214717529,18.564668356885775,58.09412050406107,0.38
TRIP_00144,STA_BUR_S,BUR,677.7970645085788,0.0,13.700558389026838,34.251395972567096,19.33998208876163,53.591378061328726,0.39
TRIP_00014,STA_A2_CTR,WPT_A2_CTR,678.534357132474,0.0,9.900486934505537,22.276095602637458,26.928131471872238,49.204227074509696,0.39
TRIP_00063,STA_ZAR_E,ZAR,682.7858374592475,0.0,17.35551025827657,43.38877564569143,11.911471247507087,55.30024689319852,0.22799999999999998
TRIP_00006,STA_ZAR_E,ZAR,683.7939829482577,0.0,21.515313994726846,27.380633713399234,13.119366286600766,40.5,0.22799999999999998
TRIP_00007,STA_A2_CTR,WPT_A2_CTR,689.5390717478555,0.0,13.757920586104367,29.068224544541277,29.431775455458723,58.5,0.39
TRIP_00069,STA_ZAR_E,ZAR,690.7542355785083,0.0,18.321851953122398,45.80462988280599,8.339879629561864,54.144509512367854,0.22799999999999998
TRIP_00126,STA_A4_CTR,WPT_A4_CTR,692.937132866159,0.0,19.453189179429195,46.39748907760525,22.902510922394747,69.3,0.38
TRIP_00164,STA_ALI_N,ALI,694.6316079176282,0.0,50.411251242743575,42.009376035619646,33.300675981653406,75.31005201727305,0.42
TRIP_00128,STA_WP_MS,WPT_MAD_SEV,700.1335628171987,0.0,14.73203858938171,31.2599900519153,27.2400099480847,58.5,0.37
TRIP_00129,STA_SEV_N,SEV,700.6807840836502,0.0,8.604045838390991,19.274630725009743,50.025369274990254,69.3,0.38
TRIP_00086,STA_A3_MID,WPT_A3_MID,701.3842340727899,0.0,12.801767879321902,28.80397772847428,18.767812691592802,47.57179042006708,0.39
TRIP_00146,STA_BIL_W,BIL,702.1311835342244,0.0,14.824128437204593,33.35428898371033,14.100178071017332,47.454467054727665,0.43
TRIP_00115,STA_A4_CTR,WPT_A4_CTR,702.8882640336797,0.0,8.944940011903952,20.126115026783893,26.287053389250545,46.41316841603444,0.38
TRIP_00110,STA_COR_E,COR,703.4996374071566,0.0,10.592521787155263,26.481304467888158,32.64910274943351,59.13040721732167,0.37
TRIP_00112,STA_WP_MS,WPT_MAD_SEV,704.7761216112394,0.0,14.336288025568905,33.60523619295453,35.69476380704547,69.3,0.37
TRIP_00095,STA_CAS_S,CAS,704.957150349143,0.0,31.130785167333446,25.94232097277787,22.320021354456507,48.26234232723438,0.4
TRIP_00180,STA_COR_E,COR,706.0673348764541,0.0,12.134603867551508,30.336509668878772,26.194064152134647,56.53057382101342,0.37
TRIP_00052,STA_BCN_S,BCN,709.3626715405685,0.0,24.439575175200083,32.58610023360011,0.0,32.58610023360011,0.24599999999999997
TRIP_00026,STA_A2_CTR,WPT_A2_CTR,714.4784061318268,0.0,11.440213940947203,28.60053485236801,29.286604262417537,57.88713911478555,0.39
TRIP_00019,STA_A2_CTR,WPT_A2_CTR,715.1621056416388,0.0,12.19694743520455,27.443131729210236,22.75094546235455,50.19407719156479,0.39
TRIP_00011,STA_TAR_N,TAR,719.3222927784376,0.0,10.267292885258126,23.432748342177575,45.86725165782242,69.3,0.38
TRIP_00111,STA_COR_E,COR,725.0843201183221,0.0,9.680845119081644,24.20211279770411,34.49232461412879,58.6944374118329,0.37
TRIP_00145,STA_BIL_W,BIL,729.0854862231444,0.0,13.108450467313043,32.771126168282606,42.83139181882349,75.6025179871061,0.43
TRIP_00185,STA_COR_E,COR,729.4254920420007,0.0,13.427460821832632,33.568652054581584,44.01757775068378,77.58622980526536,0.37
TRIP_00083,STA_MAD_N,MAD,730.0628948657397,0.0,15.331173299080916,38.32793324770229,17.42701565424713,55.75494890194942,0.23399999999999999
TRIP_00127,STA_WP_MS,WPT_MAD_SEV,740.2993413137968,0.0,15.598291142174203,38.995727855435504,33.01341825021625,72.00914610565175,0.37
TRIP_00089,STA_MAD_N,MAD,744.3856566291156,0.0,24.233910542518604,32.311880723358136,0.0,32.311880723358136,0.23399999999999999
TRIP_00132,STA_WP_MS,WPT_MAD_SEV,752.5684242323123,0.0,6.700653488839999,16.751633722099996,58.400788882145235,75.15242260424523,0.37
TRIP_00009,STA_A2_CTR,WPT_A2_CTR,752.7459494495214,0.0,9.180682781706725,22.95170695426681,33.95510012581828,56.90680708008509,0.39
TRIP_00022,STA_A2_CTR,WPT_A2_CTR,754.9277870969889,0.0,19.263975949782175,25.685301266376236,8.040117041247825,33.72541830762406,0.39
TRIP_00079,STA_VAL_N,VAL,755.8021404381976,0.0,13.766955085313509,34.41738771328377,23.612107391949657,58.02949510523343,0.4
TRIP_00108,STA_WP_MS,WPT_MAD_SEV,757.3484966486642,0.0,10.658977770999364,26.439942091219464,37.72313170089974,64.1630737921192,0.37
TRIP_00099,STA_BCN_S,BCN,762.8019574881828,0.0,25.710758607976352,34.2810114773018,0.0,34.2810114773018,0.24599999999999997
TRIP_00003,STA_TAR_N,TAR,763.7905170520368,0.0,9.604596611557085,21.610342376003437,22.630968547972486,44.241310923975924,0.38
TRIP_00004,STA_TAR_N,TAR,764.1478722585634,0.0,12.273485618371353,30.683714045928383,26.002878477784257,56.68659252371264,0.38
TRIP_00077,STA_VAL_N,VAL,765.2091673114164,0.0,14.99968876960148,33.74929973160333,17.14692103299904,50.89622076460237,0.4
TRIP_00118,STA_MAD_N,MAD,771.460781112417,0.0,23.905098162183023,31.87346421624403,0.0,31.87346421624403,0.23399999999999999
TRIP_00181,STA_COR_E,COR,773.8987852632151,0.0,12.138538041971916,30.346345104929792,22.98297800864675,53.32932311357654,0.37
TRIP_00001,STA_BCN_S,BCN,774.2716494119206,0.0,24.81057005450685,33.0807600726758,0.0,33.0807600726758,0.24599999999999997
TRIP_00014,STA_MAD_N,MAD,774.5385349626525,0.0,14.00417783017844,31.509400117901492,17.694826956608203,49.204227074509696,0.23399999999999999
TRIP_00104,STA_SEV_N,SEV,775.4537855065539,0.0,25.02332367991224,33.36443157321632,0.0,33.36443157321632,0.38
TRIP_00133,STA_WP_MS,WPT_MAD_SEV,781.6357052394715,0.0,15.288670880954184,32.51241270795337,25.987587292046634,58.5,0.37
TRIP_00007,STA_ZAR_E,ZAR,782.1979202758516,0.0,9.658848527996135,21.732277622746732,30.32930704523245,52.06158466797918,0.22799999999999998
TRIP_00144,STA_BIL_W,BIL,793.2853187932722,0.0,10.488254284693305,26.220635711733266,27.37074234959546,53.591378061328726,0.43
TRIP_00129,STA_COR_E,COR,793.5055708380428,0.0,12.824786754392555,29.82648301501365,39.47351698498635,69.3,0.37
TRIP_00110,STA_SEV_N,SEV,793.6715910751682,0.0,10.171953668011579,25.42988417002895,33.70052304729272,59.13040721732167,0.38
TRIP_00195,STA_ZAR_E,ZAR,797.0705311795458,0.0,15.11553420997718,37.788835524942954,20.305284979118113,58.09412050406107,0.22799999999999998
TRIP_00126,STA_WP_MS,WPT_MAD_SEV,804.2013242064947,0.0,13.264191340335707,30.92499447987153,38.37500552012847,69.3,0.37
TRIP_00128,STA_A4_CTR,WPT_A4_CTR,806.3728126934117,0.0,8.239249876212995,18.538312221479238,25.79601061129035,44.33432283276959,0.38
TRIP_00072,STA_ALB_W,ALB,806.3949585840937,0.0,42.481609284476,35.40134107039667,31.770995222506045,67.17233629290271,0.41
TRIP_00026,STA_ZAR_E,ZAR,809.0710763649241,0.0,11.59267023309736,28.981675582743403,28.905463532042145,57.88713911478555,0.22799999999999998
TRIP_00112,STA_A4_CTR,WPT_A4_CTR,810.1375438044497,0.0,7.361422193210307,18.40355548302577,34.09441472751517,52.49797021054094,0.38
TRIP_00019,STA_MAD_N,MAD,813.0228105871585,0.0,15.860704945519636,35.68658612741918,14.507491064145604,50.19407719156479,0.23399999999999999
TRIP_00115,STA_MAD_N,MAD,814.2051291940128,0.0,14.31686516033309,32.212946610749455,14.200221805284983,46.41316841603444,0.23399999999999999
TRIP_00111,STA_SEV_N,SEV,816.1164499639737,0.0,11.032129845651516,27.58032461412879,31.11411279770411,58.6944374118329,0.38
TRIP_00085,STA_MAD_N,MAD,817.5166371168224,0.0,19.644091056858894,49.11022764214724,26.698027164310744,75.80825480645798,0.23399999999999999
TRIP_00147,STA_MAD_N,MAD,818.9393980510052,0.0,1.3307236021222206,1.0708657281681013,39.4291342718319,40.5,0.23399999999999999
TRIP_00011,STA_ZAR_E,ZAR,842.2024422270969,0.0,17.880149448659264,42.46488975068043,26.83511024931957,69.3,0.22799999999999998
TRIP_00009,STA_MAD_N,MAD,846.7610744249148,0.0,12.01512497539343,30.037812438483574,26.868994641601514,56.90680708008509,0.23399999999999999
TRIP_00075,STA_A3_VAL,WPT_MAD_VAL,848.4663286100565,0.0,19.352276358888357,46.14520702625316,23.154792973746837,69.3,0.39
TRIP_00108,STA_COR_E,COR,856.4458385826686,0.0,9.097341934004382,22.743354835010955,34.91975976171272,57.66311459672367,0.37
TRIP_00022,STA_ZAR_E,ZAR,861.5995506237227,0.0,23.671763526733834,31.562351368978444,2.163066938645617,33.72541830762406,0.22799999999999998
TRIP_00132,STA_A4_CTR,WPT_A4_CTR,863.7947543092637,0.0,13.226330076951367,33.06582519237842,42.08659741186681,75.15242260424523,0.38
TRIP_00006,STA_BCN_S,BCN,868.3955504388747,0.0,24.601567490616986,32.80208998748932,0.0,32.80208998748932,0.24599999999999997
TRIP_00080,STA_A3_VAL,WPT_MAD_VAL,872.3704445385421,0.0,19.52989601909085,42.05516926876086,16.444830731239144,58.5,0.39
TRIP_00133,STA_A4_CTR,WPT_A4_CTR,890.8429710307456,0.0,11.207265791274185,25.216348030366916,24.460093111516407,49.67644114188332,0.38
TRIP_00129,STA_WP_MS,WPT_MAD_SEV,896.4925428214357,0.0,12.986971983392941,30.231946087514622,39.068053912485375,69.3,0.37
TRIP_00007,STA_TAR_N,TAR,898.7986444819061,0.0,11.60072420605447,26.101629463622558,21.855785488590968,47.957414952213526,0.38
TRIP_00126,STA_COR_E,COR,906.5483906848336,0.0,12.347066478338917,28.632182324879558,40.66781767512044,69.3,0.37
TRIP_00128,STA_MAD_N,MAD,917.9079190883938,0.0,14.535106394982067,32.70398938870965,11.630333444059936,44.33432283276959,0.23399999999999999
TRIP_00049,STA_A2_CTR,WPT_A2_CTR,920.2239580105008,0.0,8.193334364460846,18.435002320036904,29.47710857758774,47.91211089762464,0.39
TRIP_00112,STA_MAD_N,MAD,921.2197779134436,0.0,14.08223410899393,35.205585272484825,17.292384938056117,52.49797021054094,0.23399999999999999
TRIP_00072,STA_VAL_N,VAL,925.4096911592637,0.0,14.014732575169978,35.036831437924945,32.13550485497777,67.17233629290271,0.4
TRIP_00075,STA_ALB_W,ALB,926.1515818221993,0.0,12.685253212142836,10.571044343452364,46.42739648687342,56.998440830325784,0.41
TRIP_00175,STA_ALI_N,ALI,933.889756727471,0.0,24.69651609663496,19.273978467625906,21.226021532374094,40.5,0.42
TRIP_00152,STA_VLD_S,VLD,936.0625506324434,0.0,47.69330641275847,39.74442201063206,5.850000000000001,45.59442201063206,0.4
TRIP_00000,STA_A2_CTR,WPT_A2_CTR,939.1182586454015,0.0,15.128441048737837,35.58561875087686,33.714381249123136,69.3,0.39
TRIP_00002,STA_A2_CTR,WPT_A2_CTR,941.1127963954058,0.0,25.84219354838709,62.37,6.93,69.3,0.39
TRIP_00108,STA_SEV_N,SEV,947.6489424873537,0.0,11.203103904685088,28.00775976171272,29.655354835010954,57.66311459672367,0.38
TRIP_00011,STA_A2_CTR,WPT_A2_CTR,949.803125447957,13.915816418304644,10.684866802555453,26.712167006388633,31.58151512698197,58.2936821333706,0.39
TRIP_00080,STA_ALB_W,ALB,952.2471797475139,0.0,14.876735208971771,12.39727934080981,37.67241536561957,50.06969470642938,0.41
TRIP_00028,STA_A2_CTR,WPT_A2_CTR,956.9189844250894,0.0,13.267519327659604,29.85191848723411,19.493017802619285,49.34493628985339,0.39
TRIP_00127,STA_MAD_N,MAD,959.2294187757703,0.0,23.930077461973518,59.8251936549338,12.183952450717953,72.00914610565175,0.23399999999999999
TRIP_00021,STA_A2_CTR,WPT_A2_CTR,960.419937646058,5.798744332650131,10.61681219810103,23.887827445727318,23.86857482026356,47.75640226599088,0.39
TRIP_00114,STA_MAD_N,MAD,961.0707646760663,0.0,26.217795737114326,34.9570609828191,0.0,34.9570609828191,0.23399999999999999
TRIP_00154,STA_VLD_S,VLD,968.9996808643025,0.0,35.83492796840929,29.86243997367441,0.838957161158703,30.701397134833112,0.4
TRIP_00119,STA_COR_E,COR,969.3465316261342,0.0,15.656601589464639,33.34025680210189,25.15974319789811,58.5,0.37
TRIP_00116,STA_COR_E,COR,969.3835498667177,0.0,13.590558752048977,28.69166041791665,29.80833958208335,58.5,0.37
TRIP_00117,STA_SEV_N,SEV,971.9757880946233,0.0,3.96945347594225,3.9584610010150527,36.54153899898495,40.5,0.38
TRIP_00097,STA_CAS_S,CAS,973.6617881848937,0.0,35.58966578761443,28.3516032101088,12.148396789891201,40.5,0.4
TRIP_00132,STA_MAD_N,MAD,974.0210843862151,0.0,13.226330076951367,33.06582519237842,42.08659741186681,75.15242260424523,0.23399999999999999
TRIP_00103,STA_MAD_N,MAD,984.2065582046849,0.0,10.842302783546408,22.50808448878587,35.99191551121413,58.5,0.23399999999999999
TRIP_00073,STA_A3_MID,WPT_A3_MID,986.490637520665,0.0,15.341218184772073,19.14850596679287,21.35149403320713,40.5,0.39
TRIP_00016,STA_TAR_N,TAR,986.9340001447265,0.0,19.56805394886092,42.14102461074352,16.35897538925648,58.5,0.38
TRIP_00174,STA_ALI_N,ALI,990.8771393609737,0.0,43.678875502643095,36.39906291886925,22.24931827010837,58.648381188977616,0.42
TRIP_00149,STA_VIT_E,VIT,992.694193916567,0.0,47.00150310641456,37.28082248115192,21.219177518848078,58.5,0.43
TRIP_00133,STA_MAD_N,MAD,1002.9718185367383,0.0,15.128847505992708,34.03990688848359,15.63653425339973,49.67644114188332,0.23399999999999999
TRIP_00129,STA_A4_CTR,WPT_A4_CTR,1003.1152473335237,0.0,8.62270451208801,21.556761280220023,37.692590839984405,59.24935212020443,0.38
TRIP_00054,STA_BCN_S,BCN,1005.6661095337341,0.0,20.389357460491855,50.97339365122964,23.89980481278225,74.87319846401189,0.24599999999999997
TRIP_00049,STA_MAD_N,MAD,1014.3405423024774,0.0,12.116584291976563,27.262314656947268,20.649796240677375,47.91211089762464,0.23399999999999999
TRIP_00008,STA_A2_CTR,WPT_A2_CTR,1018.833825571275,0.0,14.730510263885979,34.59079178874721,34.709208211252786,69.3,0.39
TRIP_00042,STA_A2_CTR,WPT_A2_CTR,1031.129165857661,0.0,10.63221844383882,26.58054610959705,31.66321213752586,58.24375824712291,0.39
TRIP_00000,STA_ZAR_E,ZAR,1034.1319496899748,0.0,12.013691044573408,29.756255995944194,34.79217191194764,64.54842790789183,0.22799999999999998
TRIP_00024,STA_A2_CTR,WPT_A2_CTR,1034.1947363396448,0.0,6.337145685547216,15.84286421386804,35.72347270442838,51.56633691829642,0.39
TRIP_00002,STA_ZAR_E,ZAR,1034.9674575332597,0.0,10.85466113785387,27.090439730867075,35.74424914947518,62.834688880342256,0.22799999999999998
TRIP_00122,STA_COR_E,COR,1044.1142911985787,0.0,14.271487771206232,33.44323555704784,35.856764442952155,69.3,0.37
TRIP_00088,STA_ALB_W,ALB,1044.6779457664459,0.0,48.8783780810579,38.84488496002137,19.655115039978632,58.5,0.41
TRIP_00067,STA_TAR_N,TAR,1044.7242521636983,0.0,18.948686315563716,47.371715788909285,10.309061556957555,57.680777345866844,0.38
TRIP_00011,STA_MAD_N,MAD,1046.8655320330736,0.0,15.062406585116701,37.656016462791754,20.637665670578848,58.2936821333706,0.23399999999999999
TRIP_00075,STA_VAL_N,VAL,1047.7556277802219,0.0,16.604045958022567,41.51011489505642,15.488325935269366,56.998440830325784,0.4
TRIP_00062,STA_TAR_N,TAR,1050.9017901110692,0.0,6.5901717836839655,16.475429459209913,41.667142298357,58.14257175756691,0.38
TRIP_00175,STA_VAL_N,VAL,1053.8322730891803,0.0,24.942516361709394,33.256688482279195,1.8787012408624122,35.13538972314161,0.4
TRIP_00045,STA_A2_CTR,WPT_A2_CTR,1054.3818000467506,0.0,11.501264560282191,25.877845260634928,23.162816801725427,49.040662062360354,0.39
TRIP_00028,STA_ZAR_E,ZAR,1055.6608834233552,0.0,15.741898998265768,35.41927274609798,13.925663543755412,49.34493628985339,0.22799999999999998
TRIP_00005,STA_A2_CTR,WPT_A2_CTR,1055.8711028431721,0.0,23.083145023099913,57.16942182641892,27.460661715161017,84.63008354157994,0.39
TRIP_00017,STA_TAR_N,TAR,1056.3392493520562,0.0,16.87321469507635,39.94755286672314,29.352447133276858,69.3,0.38
TRIP_00021,STA_ZAR_E,ZAR,1058.0095081461325,0.0,14.589570500074583,32.82653362516781,14.929868640823067,47.75640226599088,0.22799999999999998
TRIP_00106,STA_A4_CTR,WPT_A4_CTR,1058.832976929175,0.0,25.84219354838709,62.37,6.93,69.3,0.38
TRIP_00073,STA_A3_VAL,WPT_MAD_VAL,1061.1291652023733,0.0,14.638527681708204,18.211585296041047,22.288414703958953,40.5,0.39
TRIP_00100,STA_TAR_N,TAR,1065.0410302253592,0.0,15.628338325955175,35.16376123339914,11.373096314555411,46.536857547954554,0.38
TRIP_00126,STA_SEV_MAL,WPT_SEV_MAL,1066.6246773628036,0.0,15.076286677969987,37.690716694924966,21.734508280192706,59.42522497511767,0.38
TRIP_00149,STA_BUR_S,BUR,1067.4568442273596,0.0,9.762650310792697,20.07886642509002,38.42113357490998,58.5,0.39
TRIP_00036,STA_A2_CTR,WPT_A2_CTR,1069.4735282026836,3.770287142903271,15.091728155932959,37.729320389832395,35.96862111362637,73.69794150345876,0.39
TRIP_00068,STA_TAR_N,TAR,1069.5806730624067,0.0,12.134350991643238,30.335877479108092,27.926181101061466,58.26205858016956,0.38
TRIP_00116,STA_WP_MS,WPT_MAD_SEV,1072.6050888951786,0.0,13.221539028460919,27.86136603984352,30.63863396015648,58.5,0.37
TRIP_00172,STA_VAL_N,VAL,1074.0549966575977,0.0,17.882712025733323,40.23610205789998,5.850000000000001,46.08610205789998,0.4
TRIP_00080,STA_VAL_N,VAL,1074.0601045978754,0.0,16.812924850361483,37.82908091331334,12.24061379311604,50.06969470642938,0.4
TRIP_00119,STA_WP_MS,WPT_MAD_SEV,1075.2948873997923,0.0,15.948355773658351,33.996703716537745,24.503296283462255,58.5,0.37
TRIP_00047,STA_A2_CTR,WPT_A2_CTR,1076.1464348180173,0.0,10.898693860550623,24.5220611862389,23.585842024981453,48.10790321122035,0.39
TRIP_00094,STA_TAR_N,TAR,1077.2823051531188,0.0,16.370932721729126,40.92733180432282,14.829115116089831,55.75644692041265,0.38
TRIP_00033,STA_A2_CTR,WPT_A2_CTR,1081.1075816997613,1.3918479350652433,11.634053497077671,26.176620368424757,24.499379122216716,50.67599949064147,0.39
TRIP_00102,STA_TAR_N,TAR,1090.1457939110162,0.0,17.200725981100458,38.70163345747603,7.909688337121317,46.611321794597345,0.38
TRIP_00198,STA_PMP_W,PMP,1092.4028404029768,0.0,24.82968135224214,20.69140112686845,27.663932483585278,48.35533361045373,0.41
TRIP_00186,STA_A4_CTR,WPT_A4_CTR,1093.3310530582896,0.0,17.747883904148498,44.239529321774185,19.407086081239132,63.64661540301332,0.38
TRIP_00013,STA_TAR_N,TAR,1094.0331071327341,0.0,14.884855045208644,31.6038270775259,26.8961729224741,58.5,0.38
TRIP_00055,STA_TAR_N,TAR,1099.1640663986366,0.0,12.481796178693735,28.084041402060905,21.803409233639172,49.88745063570008,0.38
TRIP_00016,STA_ZAR_E,ZAR,1101.0751309223751,0.0,9.141130777648705,20.567544249709584,31.364791389783107,51.93233563949269,0.22799999999999998
TRIP_00113,STA_COR_E,COR,1102.7881201800367,0.0,13.66182788418265,31.919085839488886,37.38091416051111,69.3,0.37
TRIP_00125,STA_A4_CTR,WPT_A4_CTR,1106.0010060801915,0.0,20.249580620048732,48.38846767915409,20.911532320845904,69.3,0.38
TRIP_00130,STA_SEV_N,SEV,1108.1308465332959,0.0,17.863048709722186,38.30476282268137,20.19523717731863,58.5,0.38
TRIP_00041,STA_A2_CTR,WPT_A2_CTR,1109.3649292467724,0.0,17.858626992785187,23.811502657046915,9.578689957154083,33.390192614201,0.39
TRIP_00189,STA_WP_MS,WPT_MAD_SEV,1111.1943304205952,0.0,13.915989949591715,29.42388061238781,29.07611938761219,58.5,0.37
TRIP_00008,STA_ZAR_E,ZAR,1111.199763929469,0.0,9.365938358193961,23.414845895484902,37.05696123354024,60.471807129025144,0.22799999999999998
TRIP_00140,STA_VLD_S,VLD,1111.5599686269197,0.0,65.44451612903225,52.65,5.850000000000001,58.5,0.4
TRIP_00129,STA_MAD_N,MAD,1112.7582109975299,0.0,12.642963664006238,31.607409160015596,27.641942960188832,59.24935212020443,0.23399999999999999
TRIP_00065,STA_TAR_N,TAR,1114.2612649222385,0.0,11.553871027414603,28.88467756853651,25.010286392137466,53.89496396067398,0.38
TRIP_00082,STA_A3_VAL,WPT_MAD_VAL,1115.5280349993964,0.0,15.592759820920158,38.98189955230039,16.733825349061505,55.715724901361895,0.39
TRIP_00196,STA_TAR_N,TAR,1117.2888760942992,0.0,25.231322901025454,63.07830725256363,9.0,72.07830725256363,0.38
TRIP_00076,STA_A3_VAL,WPT_MAD_VAL,1119.6081012357208,0.0,20.259913343881543,43.69770824953992,14.802291750460078,58.5,0.39
TRIP_00093,STA_CAS_S,CAS,1123.0761649753385,0.0,43.16896721363807,35.97413934469839,14.576776010452747,50.55091535515114,0.4
TRIP_00199,STA_ZAR_E,ZAR,1124.727090794484,0.0,25.221144781272987,63.05286195318247,10.592118316086811,73.64498026926928,0.22799999999999998
TRIP_00191,STA_WP_MS,WPT_MAD_SEV,1124.9392789896592,0.0,15.148215509261274,32.19638812164432,26.30361187835568,58.5,0.37
TRIP_00090,STA_ALB_W,ALB,1126.29478014953,0.0,50.04306379259093,39.81545638629889,18.68454361370111,58.5,0.41
TRIP_00042,STA_MAD_N,MAD,1127.539365826716,0.0,14.410199969054903,36.02549992263726,22.218258324485653,58.24375824712291,0.23399999999999999
TRIP_00024,STA_ZAR_E,ZAR,1130.266334621964,0.0,13.071598282319156,32.67899570579789,18.887341212498534,51.56633691829642,0.22799999999999998
TRIP_00147,STA_BIL_W,BIL,1134.3132189436828,0.0,25.373820892677383,33.83176119023651,0.0,33.83176119023651,0.43
TRIP_00037,STA_A2_CTR,WPT_A2_CTR,1134.441327506333,0.0,14.676154250852173,36.69038562713043,36.86482193292925,73.55520756005969,0.39
TRIP_00137,STA_SEV_MAL,WPT_SEV_MAL,1137.4776062714252,0.0,22.063239452076527,29.4176526027687,4.050000000000001,33.4676526027687,0.38
TRIP_00035,STA_A2_CTR,WPT_A2_CTR,1139.2266799344043,0.0,19.608439028154788,49.021097570386964,8.145461240866908,57.16655881125387,0.39
TRIP_00126,STA_MAL_E,MAL,1139.8359259827714,0.0,8.211248619967881,20.528121549919703,38.89710342519797,59.42522497511767,0.4
TRIP_00107,STA_WP_MS,WPT_MAD_SEV,1141.0653625890134,0.0,19.704760718094676,49.26190179523669,9.734054431544351,58.99595622678104,0.37
TRIP_00197,STA_ZAR_E,ZAR,1142.3655547388205,0.0,20.67990626009012,51.6997656502253,7.200559011372782,58.900324661598084,0.22799999999999998
TRIP_00097,STA_BCN_S,BCN,1142.8123079389918,0.0,24.15051975409795,32.20069300546393,0.0,32.20069300546393,0.24599999999999997
TRIP_00092,STA_CAS_S,CAS,1143.4445824342024,0.0,58.6566594893688,48.880549574473996,8.577941333359448,57.45849090783344,0.4
TRIP_00073,STA_ALB_W,ALB,1143.7889210372132,0.16561494715665503,17.494140887683127,14.542438828914928,22.288414703958953,36.83085353287388,0.41
TRIP_00122,STA_WP_MS,WPT_MAD_SEV,1148.263064477144,0.0,14.148773278565319,33.13644932544556,36.163550674554436,69.3,0.37
TRIP_00124,STA_A4_CTR,WPT_A4_CTR,1148.67515654347,0.0,13.495473597276966,31.503200122224683,37.796799877775314,69.3,0.38
TRIP_00151,STA_VLD_S,VLD,1149.6469677058706,0.0,46.529078160074974,38.77423180006247,17.276912322318623,56.051144122381096,0.4
TRIP_00045,STA_MAD_N,MAD,1150.8721356290116,0.0,14.490335582261041,32.60325506008734,16.437407002273012,49.040662062360354,0.23399999999999999
TRIP_00000,STA_TAR_N,TAR,1151.3282572102655,0.0,12.196307520290654,30.490768800726634,26.949304406338015,57.44007320706465,0.38
TRIP_00002,STA_TAR_N,TAR,1151.8252564662534,0.0,11.857798932993727,29.64449733248432,26.3463221559039,55.99081948838822,0.38
TRIP_00102,STA_BCN_S,BCN,1154.4925317051031,0.0,9.346737794087051,21.030160036695865,25.58116175790148,46.611321794597345,0.24599999999999997
TRIP_00177,STA_ALI_N,ALI,1155.5122413785546,0.0,9.4848032386947,7.904002698912251,39.76271157691693,47.66671427582918,0.42
TRIP_00015,STA_ZAR_E,ZAR,1156.5197146111784,0.0,17.055191452784385,38.374180768764866,11.825235270301519,50.199416039066385,0.22799999999999998
TRIP_00091,STA_ALB_W,ALB,1160.478615124051,0.0,43.5723644634831,35.00385210666602,5.496147893333983,40.5,0.41
TRIP_00153,STA_VLD_S,VLD,1161.826843259032,0.0,48.21120851409981,40.17600709508318,5.850000000000001,46.02600709508318,0.4
TRIP_00135,STA_MAL_E,MAL,1162.2724350507115,0.0,18.332868956691943,45.83217239172986,29.797049868891257,75.62922226062112,0.4
TRIP_00055,STA_BCN_S,BCN,1162.5799362376306,0.0,8.415869838993961,18.93570713773641,30.951743497963665,49.88745063570008,0.24599999999999997
TRIP_00067,STA_ZAR_E,ZAR,1163.381376648464,0.0,13.657124484765708,34.14281121191427,23.537966133952573,57.680777345866844,0.22799999999999998
TRIP_00036,STA_MAD_N,MAD,1163.6102091438615,0.0,12.136680941177879,30.341702352944694,43.35623915051407,73.69794150345876,0.23399999999999999
TRIP_00120,STA_COR_E,COR,1166.2177882754652,0.0,14.08437303270997,32.97544871080719,36.324551289192804,69.3,0.37
TRIP_00020,STA_TAR_N,TAR,1169.2852133922663,0.0,17.31308565034412,41.04723025489257,28.25276974510743,69.3,0.38
TRIP_00169,STA_VAL_N,VAL,1169.9612798489748,0.0,21.71979713996266,28.959729519950216,4.049999999999997,33.00972951995021,0.4
TRIP_00062,STA_ZAR_E,ZAR,1170.465734496471,0.0,14.563944385401692,36.40986096350423,21.732710794062683,58.14257175756691,0.22799999999999998
TRIP_00106,STA_WP_MS,WPT_MAD_SEV,1170.55702567564,0.0,13.724048746465122,32.72568982717351,35.48819917256053,68.21388899973404,0.37
TRIP_00047,STA_MAD_N,MAD,1172.6118038043958,0.0,14.465368986378397,32.54708021935139,15.56082299186896,48.10790321122035,0.23399999999999999
TRIP_00149,STA_VLD_S,VLD,1173.865581771776,19.369999031672478,12.038738512744052,10.032282093953377,37.160705158643054,47.19298725259643,0.4
TRIP_00017,STA_ZAR_E,ZAR,1175.4166093859578,0.0,14.077360033901703,33.923957068593495,33.662955088089035,67.58691215668253,0.22799999999999998
TRIP_00033,STA_MAD_N,MAD,1177.8476088872142,0.0,14.740027187452796,33.16506117176879,17.510938318872682,50.67599949064147,0.23399999999999999
TRIP_00116,STA_A4_CTR,WPT_A4_CTR,1178.790715590064,0.0,8.185626694885554,18.417660063492495,29.421209557500244,47.83886962099274,0.38
TRIP_00088,STA_A3_MID,WPT_A3_MID,1182.122018043132,0.0,12.444072276685924,27.99916262254333,20.133332651306674,48.132495273850004,0.39
TRIP_00121,STA_WP_MS,WPT_MAD_SEV,1185.182217876,0.0,23.51093474658027,51.01250640561205,7.487493594387949,58.5,0.37
TRIP_00068,STA_ZAR_E,ZAR,1188.4436677312467,0.0,13.862994668839905,34.657486672099765,23.604571908069794,58.26205858016956,0.22799999999999998
TRIP_00119,STA_A4_CTR,WPT_A4_CTR,1190.2647640060432,5.495828190271823,11.474048415978956,25.81660893595265,22.87684936902641,48.69345830497906,0.38
TRIP_00190,STA_WP_MS,WPT_MAD_SEV,1190.5149973786463,0.0,14.429220537248002,30.57864943461446,27.92135056538554,58.5,0.37
TRIP_00158,STA_MAD_N,MAD,1190.7974940769238,0.0,25.834400013351352,34.44586668446847,0.0,34.44586668446847,0.23399999999999999
TRIP_00109,STA_A4_CTR,WPT_A4_CTR,1192.5657159081463,0.0,20.6155910186683,44.49798301781013,14.002016982189875,58.5,0.38
TRIP_00016,STA_A2_CTR,WPT_A2_CTR,1193.143566306317,0.0,9.068435383942065,20.403979613869645,27.353577458300563,47.75755707217021,0.39
TRIP_00140,STA_BUR_S,BUR,1194.347978080809,0.0,7.788009453889418,17.52302127125119,30.955246002724692,48.47826727397588,0.39
TRIP_00090,STA_A3_VAL,WPT_MAD_VAL,1196.9075832909032,0.0,5.612803141373158,12.628807068089607,37.57557502197875,50.20438209006836,0.39
TRIP_00076,STA_ALB_W,ALB,1197.3069704300744,0.0,12.698869194353659,10.582390995294716,36.85114587523004,47.433536870524755,0.41
TRIP_00186,STA_WP_MS,WPT_MAD_SEV,1199.54321845721,0.0,8.212165398920542,20.530413497301353,34.37352358210322,54.90393707940457,0.37
TRIP_00178,STA_ALI_N,ALI,1199.9588956661114,0.0,36.07052942654656,30.058774522122135,42.8114129469397,72.87018746906183,0.42
TRIP_00130,STA_COR_E,COR,1202.224371311105,0.0,14.093524777809115,29.82333397587696,28.67666602412304,58.5,0.37
TRIP_00059,STA_TAR_N,TAR,1203.164717819138,0.0,14.107267120712054,31.74135102160212,18.411489037901603,50.152840059503724,0.38
TRIP_00142,STA_VLD_S,VLD,1204.1077351655701,13.606633909796301,54.460767459699554,43.49687610888942,15.003123891110583,58.5,0.4
TRIP_00113,STA_WP_MS,WPT_MAD_SEV,1206.5825567236554,0.0,13.794436543618826,32.250607488079325,37.04939251192067,69.3,0.37
TRIP_00198,STA_ZAR_E,ZAR,1206.9958195507631,0.0,14.592979147786385,32.834203082519366,15.52113052793436,48.35533361045373,0.22799999999999998
TRIP_00013,STA_ZAR_E,ZAR,1208.0700032051136,0.0,9.036896072379434,20.333016162853728,31.451196474414214,51.78421263726794,0.22799999999999998
TRIP_00066,STA_TAR_N,TAR,1210.3465186431526,0.0,28.31733870967742,36.45,4.050000000000001,40.5,0.38
TRIP_00150,STA_BUR_S,BUR,1211.34294085099,0.0,17.52427400103337,37.54251972813153,20.95748027186847,58.5,0.39
TRIP_00041,STA_MAD_N,MAD,1212.8415348222902,0.0,21.476605575517755,28.635474100690338,2.574878048780487,31.210352149470825,0.23399999999999999
TRIP_00105,STA_A4_CTR,WPT_A4_CTR,1212.9989068592542,0.0,14.876005945510391,31.583916603204834,26.916083396795166,58.5,0.38
TRIP_00058,STA_TAR_N,TAR,1215.1007814002048,0.0,18.874452335377807,47.18613083844452,25.5476728328615,72.73380367130602,0.38
TRIP_00074,STA_A3_MID,WPT_A3_MID,1216.8472036823057,0.0,18.84375522451151,23.818555353112124,16.681444646887876,40.5,0.39
TRIP_00125,STA_WP_MS,WPT_MAD_SEV,1216.8983482331666,0.0,12.897342152975185,30.007871511470228,39.29212848852977,69.3,0.37
TRIP_00189,STA_A4_CTR,WPT_A4_CTR,1218.9282941094057,0.0,9.733963688810567,21.901418299823774,27.75452734678634,49.655945646610114,0.38
TRIP_00070,STA_TAR_N,TAR,1219.105401646476,0.0,17.14070114644273,42.85175286610682,12.800350519374721,55.65210338548154,0.38
TRIP_00156,STA_MAD_N,MAD,1219.6595332843904,0.0,15.716486423456772,39.29121605864193,19.779417101990965,59.070633160632894,0.23399999999999999
TRIP_00137,STA_MAL_E,MAL,1221.262025562525,0.0,18.784419291099866,25.045892388133154,8.421760214635547,33.4676526027687,0.4
TRIP_00039,STA_A2_CTR,WPT_A2_CTR,1225.0062113390875,0.0,17.816763396114602,23.755684528152802,9.821508046149741,33.57719257430254,0.39
TRIP_00037,STA_MAD_N,MAD,1228.92419180358,0.0,12.482864297246927,31.207160743117313,42.34804681694237,73.55520756005969,0.23399999999999999
TRIP_00008,STA_TAR_N,TAR,1229.4610480637043,0.0,13.261284134235224,33.15321033558806,25.514937835996022,58.66814817158408,0.38
TRIP_00094,STA_VAL_N,VAL,1230.7782215445714,0.0,18.495916391452518,46.23979097863129,9.516655941781359,55.75644692041265,0.4
TRIP_00048,STA_A2_CTR,WPT_A2_CTR,1232.7852080914272,0.0,6.411847194928171,16.029617987320428,35.7810819389089,51.810699926229326,0.39
TRIP_00191,STA_A4_CTR,WPT_A4_CTR,1233.3913903498658,0.0,10.452111360206613,23.51725056046488,24.79718600357939,48.31443656404427,0.38
TRIP_00035,STA_MAD_N,MAD,1233.9710746258816,0.0,12.744394691477325,31.860986728693312,25.30557208256056,57.16655881125387,0.23399999999999999
TRIP_00065,STA_ZAR_E,ZAR,1234.26019039093,0.0,14.998925468691425,37.49731367172856,16.397650288945414,53.89496396067398,0.22799999999999998
TRIP_00196,STA_ZAR_E,ZAR,1234.9548403769486,0.0,12.665964282649398,31.664910706623495,40.41339654594014,72.07830725256363,0.22799999999999998
TRIP_00012,STA_ZAR_E,ZAR,1237.6562270072843,0.0,23.78015097323152,51.618242915577376,6.881757084422624,58.5,0.22799999999999998
TRIP_00141,STA_VLD_S,VLD,1240.0393041126401,23.612114517290138,66.17372234086415,55.13827222578046,6.93,62.06827222578046,0.4
TRIP_00091,STA_A3_VAL,WPT_MAD_VAL,1240.3640880425248,0.0,14.88547291847395,18.540845611728706,21.959154388271294,40.5,0.39
TRIP_00107,STA_COR_E,COR,1241.4477627320264,0.0,10.382400143013005,25.95600035753251,33.03995586924853,58.99595622678104,0.37
TRIP_00050,STA_TAR_N,TAR,1244.5033126625503,0.0,15.406104145903377,38.51526036475844,20.34184308323502,58.85710344799346,0.38
TRIP_00148,STA_VLD_S,VLD,1244.724803978288,0.0,38.75298894041489,31.735527881952777,24.012092183090665,55.74762006504344,0.4
TRIP_00167,STA_VAL_N,VAL,1248.2689006518747,0.0,17.526331479931258,43.815828699828145,12.030113759290487,55.84594245911863,0.4
TRIP_00015,STA_A2_CTR,WPT_A2_CTR,1249.5955963393608,0.0,10.075881728182479,22.670733888410574,27.52868215065581,50.199416039066385,0.39
TRIP_00082,STA_MAD_N,MAD,1250.0248195935421,0.0,14.496784594145693,36.24196148536423,19.473763415997666,55.715724901361895,0.23399999999999999
TRIP_00122,STA_A4_CTR,WPT_A4_CTR,1253.7414780185836,0.0,7.4784135414394655,18.696033853598664,34.59445405285806,53.290487906456725,0.38
TRIP_00183,STA_A4_CTR,WPT_A4_CTR,1255.243502559576,0.0,16.10887718806121,34.35787689894417,24.14212310105583,58.5,0.38
TRIP_00136,STA_MAL_E,MAL,1258.0899368028502,0.0,26.10866024390403,65.27165060976007,10.945003949291205,76.21665455905128,0.4
TRIP_00124,STA_WP_MS,WPT_MAD_SEV,1260.1706301407469,0.0,13.495473597276966,31.503200122224683,37.796799877775314,69.3,0.37
TRIP_00005,STA_TAR_N,TAR,1263.154384105232,0.0,19.283281262059866,48.20820315514967,23.355368095303525,71.5635712504532,0.38
TRIP_00090,STA_A3_MID,WPT_A3_MID,1266.2073277255793,0.0,9.29974443467611,20.92442497802125,29.279957112047107,50.20438209006836,0.39
TRIP_00017,STA_A2_CTR,WPT_A2_CTR,1266.955269673616,0.0,8.538660287658196,21.346650719145494,35.72086571689548,57.067516436040975,0.39
TRIP_00177,STA_VAL_N,VAL,1267.2142363441867,0.0,16.701994965632036,37.579488672672085,10.087225603157094,47.66671427582918,0.4
TRIP_00051,STA_TAR_N,TAR,1267.650176440223,0.0,17.18429538528932,38.66466461690097,5.850000000000001,44.51466461690097,0.38
TRIP_00106,STA_COR_E,COR,1267.6872630358075,0.0,7.130237360167385,17.825593400418462,36.875325724009535,54.700919124428,0.37
TRIP_00018,STA_ZAR_E,ZAR,1268.877848994941,0.0,23.82950179952274,51.72928227473261,6.770717725267389,58.5,0.22799999999999998
TRIP_00073,STA_VAL_N,VAL,1269.4277107467146,0.0,20.63878970950156,27.518386279335413,3.710571428571427,31.22895770790684,0.4
TRIP_00120,STA_WP_MS,WPT_MAD_SEV,1270.3625341748175,0.0,14.144745899352255,33.126380877412906,36.17361912258709,69.3,0.37
TRIP_00151,STA_MAD_N,MAD,1272.9870041618176,0.0,13.340036455946976,33.35009113986744,22.70105298251366,56.051144122381096,0.23399999999999999
TRIP_00081,STA_ALB_W,ALB,1274.2852824309437,0.0,60.863039833484194,50.71919986123683,8.512957532794701,59.23215739403153,0.41
TRIP_00016,STA_MAD_N,MAD,1286.039695093413,0.0,10.896128787095936,24.51628977096586,23.24126730120435,47.75755707217021,0.23399999999999999
TRIP_00142,STA_BUR_S,BUR,1286.790135265789,0.0,7.682400100218995,17.28540022549274,31.682834227878455,48.968234453371196,0.39
TRIP_00116,STA_MAD_N,MAD,1288.7146224533974,0.0,12.923906863333224,29.078790442499756,18.760079178492983,47.83886962099274,0.23399999999999999
TRIP_00121,STA_A4_CTR,WPT_A4_CTR,1290.6516894599913,0.0,7.469471583991175,16.806311063980143,31.883444741731285,48.68975580571143,0.38
TRIP_00020,STA_ZAR_E,ZAR,1291.2718942920849,0.0,16.986680899818534,40.2312183785786,29.068781621421394,69.3,0.22799999999999998
TRIP_00074,STA_A3_VAL,WPT_MAD_VAL,1293.4780571271583,0.0,16.630853444852583,20.868019646900215,19.631980353099785,40.5,0.39
TRIP_00143,STA_VLD_S,VLD,1293.556271248748,0.0,50.79820285081008,40.44473893481485,18.05526106518515,58.5,0.4
TRIP_00190,STA_A4_CTR,WPT_A4_CTR,1296.5682767450062,0.0,8.053279366359847,18.11987857430966,26.522773936411248,44.64265251072091,0.38
TRIP_00084,STA_A3_VAL,WPT_MAD_VAL,1297.793663232434,0.0,15.17853666157553,37.94634165393882,18.485985279049054,56.43232693298788,0.39
TRIP_00149,STA_MAD_N,MAD,1299.3427286466704,0.0,15.47714687489428,34.823580468512134,12.369406784084298,47.19298725259643,0.23399999999999999
TRIP_00013,STA_A2_CTR,WPT_A2_CTR,1299.791447452371,0.0,8.721444247257223,19.62324955632875,27.27951595718819,46.90276551351694,0.39
TRIP_00186,STA_COR_E,COR,1300.3766278900514,0.0,10.833409432841286,27.08352358210322,27.820413497301352,54.90393707940457,0.37
TRIP_00109,STA_WP_MS,WPT_MAD_SEV,1302.0702047411655,0.0,11.504488833019247,25.228777060983912,30.80976815609461,56.03854521707852,0.37
TRIP_00119,STA_MAD_N,MAD,1303.097275397587,0.0,15.832511391543816,35.62315063097359,13.07030767400547,48.69345830497906,0.23399999999999999
TRIP_00150,STA_VLD_S,VLD,1303.6196818782232,0.0,17.27674102723316,14.397284189360967,32.72272870089253,47.1200128902535,0.4
TRIP_00130,STA_WP_MS,WPT_MAD_SEV,1306.498001929418,0.0,14.273630618313144,30.228572117011026,28.271427882988974,58.5,0.37
TRIP_00171,STA_VAL_N,VAL,1307.8373373938516,0.0,16.620943553844853,41.55235888461214,13.925976025472494,55.478334910084634,0.4
TRIP_00091,STA_A3_MID,WPT_A3_MID,1307.9983390507168,0.0,7.634251008192043,10.179001344256058,21.959154388271294,32.13815573252735,0.39
TRIP_00178,STA_VAL_N,VAL,1308.7957887152122,0.0,13.836893049100803,34.59223262275201,38.277954846309825,72.87018746906183,0.4
TRIP_00162,STA_ALI_N,ALI,1310.3997987654627,0.0,44.14052679253917,36.783772327115976,9.192995391435936,45.97676771855191,0.42
TRIP_00182,STA_MAD_N,MAD,1314.2703069008285,0.0,6.715286448871851,7.647263652259241,32.85273634774076,40.5,0.23399999999999999
TRIP_00113,STA_A4_CTR,WPT_A4_CTR,1314.5181104736112,0.0,9.935553749955792,24.83888437488948,35.53935201271538,60.378236387604865,0.38
TRIP_00140,STA_BIL_W,BIL,1316.437569628951,0.0,17.089591548142,38.4515809833195,10.026686290656379,48.47826727397588,0.43
TRIP_00125,STA_COR_E,COR,1318.901493598355,0.0,12.00314536518843,27.772379542003343,41.527620457996655,69.3,0.37
TRIP_00076,STA_VAL_N,VAL,1319.7769108727475,0.0,17.469940442673114,39.307365996014504,8.126170874510251,47.433536870524755,0.4
TRIP_00168,STA_VAL_N,VAL,1320.5725762873237,0.0,21.92624345596494,29.234991274619922,4.049999999999997,33.28499127461992,0.4
TRIP_00187,STA_WP_MS,WPT_MAD_SEV,1325.0163638164884,0.0,14.743072956719763,31.28481737842592,27.21518262157408,58.5,0.37
TRIP_00105,STA_WP_MS,WPT_MAD_SEV,1325.8749128047646,0.0,14.876005945510391,31.583916603204834,26.916083396795166,58.5,0.37
TRIP_00012,STA_A2_CTR,WPT_A2_CTR,1327.2404752992052,0.0,6.584248291920943,14.814558656822122,29.286365207340403,44.100923864162525,0.39
TRIP_00048,STA_MAD_N,MAD,1328.167787951773,0.0,13.382579860345931,33.456449650864826,18.3542502753645,51.810699926229326,0.23399999999999999
TRIP_00189,STA_MAD_N,MAD,1329.592948621945,0.0,13.664654512539405,30.74547265321366,18.910472993396453,49.655945646610114,0.23399999999999999
TRIP_00039,STA_MAD_N,MAD,1329.9682289968055,0.0,22.96201765771799,30.61602354362399,2.9611690306785547,33.57719257430254,0.23399999999999999
TRIP_00107,STA_SEV_N,SEV,1331.4236028655052,0.0,9.975840133478803,24.93960033369701,34.05635589308403,58.99595622678104,0.38
TRIP_00090,STA_MAD_N,MAD,1335.4004054935888,0.0,9.193077768009445,20.68442497802125,29.519957112047106,50.20438209006836,0.23399999999999999
TRIP_00066,STA_ZAR_E,ZAR,1337.872548155992,0.0,22.526029512839383,30.034706017119177,2.4582497393338514,32.49295575645303,0.22799999999999998
TRIP_00070,STA_ZAR_E,ZAR,1338.1616681418411,0.0,14.056266495365161,35.140666238412905,20.511437147068634,55.65210338548154,0.22799999999999998
TRIP_00078,STA_ALB_W,ALB,1340.3606000887098,0.0,57.07319504413928,47.560995870116066,12.349553149782608,59.910549019898674,0.41
TRIP_00015,STA_MAD_N,MAD,1341.6437143296648,0.0,10.048117990304135,22.608265478184304,27.59115056088208,50.199416039066385,0.23399999999999999
TRIP_00071,STA_TAR_N,TAR,1344.912105397751,0.0,6.054328119684252,15.135820299210629,39.140411529844364,54.27623182905499,0.38
TRIP_00191,STA_MAD_N,MAD,1345.3704187927194,0.0,14.979028442853604,33.70281399642061,14.611622567623662,48.31443656404427,0.23399999999999999
TRIP_00038,STA_MAD_N,MAD,1348.225064604515,0.0,22.583877505996856,56.45969376499214,16.890002965348685,73.34969673034082,0.23399999999999999
TRIP_00106,STA_SEV_N,SEV,1359.6725933254113,0.0,11.985330289603814,29.963325724009536,24.73759340041846,54.700919124428,0.38
TRIP_00117,STA_MAD_N,MAD,1361.4143633893111,0.0,24.438575294687837,32.58476705958378,0.0,32.58476705958378,0.23399999999999999
TRIP_00018,STA_A2_CTR,WPT_A2_CTR,1361.5091523945875,0.0,9.631303399646614,21.67043264920488,28.652823914829423,50.3232565640343,0.39
TRIP_00017,STA_MAD_N,MAD,1361.6767008854401,0.0,12.72143121182431,31.803578029560775,25.2639384064802,57.067516436040975,0.23399999999999999
TRIP_00101,STA_TAR_N,TAR,1362.4132921887754,0.0,14.690825178256986,33.054356651078216,12.726080032030843,45.78043668310906,0.38
TRIP_00124,STA_COR_E,COR,1362.7345237349682,0.0,12.563893594221351,29.17425011458564,40.12574988541436,69.3,0.37
TRIP_00183,STA_WP_MS,WPT_MAD_SEV,1363.90431750265,0.0,10.660814943073978,23.986833621916453,24.14212310105583,48.12895672297228,0.37
TRIP_00122,STA_MAD_N,MAD,1364.6236963974404,0.0,13.882218378856773,34.705545947141935,18.58494195931479,53.290487906456725,0.23399999999999999
TRIP_00103,STA_SEV_N,SEV,1369.5685760498234,0.0,20.362017845138467,45.81454015156156,0.0,45.81454015156156,0.38
TRIP_00029,STA_A2_CTR,WPT_A2_CTR,1371.4140093271058,0.0,11.291404570506964,28.22851142626741,30.925727072203593,59.154238498471,0.39
TRIP_00143,STA_BUR_S,BUR,1376.232116489834,0.0,7.6758452410858835,17.27065179244324,33.610499811504496,50.881151603947735,0.39
TRIP_00120,STA_A4_CTR,WPT_A4_CTR,1377.9103207306966,0.0,9.547786555879153,23.869466389697884,34.60519373075957,58.47466012045745,0.38
TRIP_00020,STA_A2_CTR,WPT_A2_CTR,1381.5162517336278,0.0,7.244357441542979,18.11089360385745,33.496090588783545,51.606984192640994,0.39
TRIP_00091,STA_MAD_N,MAD,1381.7239732595133,0.0,13.72563420879653,18.300845611728707,13.837310120798644,32.13815573252735,0.23399999999999999
TRIP_00074,STA_ALB_W,ALB,1385.0874226389224,0.0,26.60936551176413,20.868019646900215,19.631980353099785,40.5,0.41
TRIP_00013,STA_MAD_N,MAD,1392.6546600167503,0.0,10.863212564379326,24.442228269853484,22.460537243663456,46.90276551351694,0.23399999999999999
TRIP_00081,STA_VAL_N,VAL,1393.5637904161351,0.0,14.278507985191428,35.69626996297857,23.535887431052963,59.23215739403153,0.4
TRIP_00121,STA_MAD_N,MAD,1399.4812695747773,0.0,11.829580114786097,26.616555258268715,22.073200547442713,48.68975580571143,0.23399999999999999
TRIP_00109,STA_COR_E,COR,1400.9392586142587,0.0,8.869053873093282,19.955371214459884,30.438952863417217,50.3943240778771,0.37
TRIP_00190,STA_MAD_N,MAD,1407.7803772177124,0.0,14.212100472706112,31.977226063588752,12.665426447132155,44.64265251072091,0.23399999999999999
TRIP_00142,STA_BIL_W,BIL,1408.4216157092046,0.0,16.63148044341556,37.42083099768501,11.547403455686187,48.968234453371196,0.43
TRIP_00010,STA_A2_CTR,WPT_A2_CTR,1408.630523481713,0.0,23.551620187272942,58.879050468182356,14.891565943893525,73.77061641207588,0.39
TRIP_00165,STA_ALI_N,ALI,1412.5446814604857,0.0,44.387716276539024,36.98976356378252,6.902732638834131,43.89249620261665,0.42
TRIP_00130,STA_A4_CTR,WPT_A4_CTR,1413.7960388767096,0.0,9.298036947291507,20.920583131405888,26.896189741854908,47.816772873260796,0.38
TRIP_00012,STA_MAD_N,MAD,1422.1965492469533,0.0,12.956073947748145,29.151166382433328,14.949757481729197,44.100923864162525,0.23399999999999999
TRIP_00141,STA_VIT_E,VIT,1422.9606411069758,0.0,42.92133699433555,35.767780828612956,17.604072237694623,53.37185306630758,0.43
TRIP_00113,STA_MAD_N,MAD,1425.022369668525,0.0,13.504259194913844,33.760647987284614,26.61758840032025,60.378236387604865,0.23399999999999999
TRIP_00105,STA_COR_E,COR,1425.1759089185725,0.0,9.30099611380801,20.927241256068022,29.250078184495464,50.17731944056349,0.37
TRIP_00148,STA_VIT_E,VIT,1425.9110967586425,0.0,41.186292780354506,34.32191065029542,15.439799376852484,49.761710027147906,0.43
TRIP_00123,STA_A4_CTR,WPT_A4_CTR,1428.2712976014259,0.0,15.921079928157939,33.93533306416182,24.564666935838183,58.5,0.38
TRIP_00187,STA_A4_CTR,WPT_A4_CTR,1430.835912079745,0.0,7.819548263256583,17.593983592327312,27.62487915245854,45.21886274478585,0.38
TRIP_00150,STA_MAD_N,MAD,1431.2182076252745,0.0,17.598525747051248,39.596682930865306,5.269636363636366,44.86631929450167,0.23399999999999999
TRIP_00084,STA_MAD_N,MAD,1431.7898307037262,0.0,13.996167471292107,34.99041867823027,21.441908254757607,56.43232693298788,0.23399999999999999
