location_id,latitude,longitude,route_segment,n_chargers_proposed,grid_status
STAV2_0001,41.47038,-2.530493,A-15,4,Congested
STAV2_0002,41.87396572423545,-1.9148054037095896,A-15,4,Congested
STAV2_0003,41.309645775648825,-2.0942052309419807,A-2,4,Congested
STAV2_0004,41.67683,-0.890236,A-2,7,Congested
STAV2_0005,42.61181811349445,-0.9889508689206175,A-21,4,Congested
STAV2_0006,41.82803,0.31121,A-22,4,Congested
STAV2_0007,42.0249,0.053188,A-22,4,Congested
STAV2_0008,40.874518180944435,-1.3070793418597122,A-23,4,Congested
STAV2_0009,42.495129154495956,-0.36463438110180535,A-23,4,Congested
STAV2_0010,42.19335,2.504356,A-26,2,Sufficient
STAV2_0011,37.05176,-4.658064,A-384,4,Congested
STAV2_0012,36.611473,-6.19633,A-4,4,Congested
STAV2_0013,37.41245,-5.9514,A-4,4,Congested
STAV2_0014,36.99913,-3.577,A-44,4,Congested
STAV2_0015,37.973404,-3.802544,A-44,4,Congested
STAV2_0016,36.898254,-4.429885,A-45,4,Sufficient
STAV2_0017,37.30626,-6.87324,A-49,4,Congested
STAV2_0018,38.839523,-6.646957,A-5,4,Congested
STAV2_0019,38.85955,-6.36511,A-66,4,Congested
STAV2_0020,41.761143,-1.149449,A-68,5,Congested
STAV2_0021,36.21056,-5.39799,A-7S,12,Congested
STAV2_0022,36.54043,-4.634351,A-7S,9,Congested
STAV2_0023,36.71674543643848,-3.457990465241936,A-7S,9,Congested
STAV2_0024,36.75928,-2.80678,A-7S,7,Congested
STAV2_0025,41.52443570939843,-0.393013484562197,AP-2,4,Congested
STAV2_0026,39.723812169407566,-3.133609309291407,AP-36,2,Moderate
STAV2_0027,36.540028,-6.173239,AP-4,7,Congested
STAV2_0028,41.834261479935485,-1.323325085083378,AP-68,4,Sufficient
STAV2_0029,41.134686,1.16877,AP-7N,4,Sufficient
STAV2_0030,41.32109,1.722205,AP-7N,9,Sufficient
STAV2_0031,36.494915,-4.991673,AP-7S,4,Congested
STAV2_0032,41.85387,-1.92631,N-122,4,Congested
STAV2_0033,41.66367987635938,-0.9667138716394909,N-125,4,Congested
STAV2_0034,41.261421850666,-2.1823905085574546,N-2,4,Congested
STAV2_0035,42.230286,2.963316,N-2,4,Congested
STAV2_0036,40.82963388255695,-1.1793512410277849,N-211A,2,Congested
STAV2_0037,40.33816,-1.10103,N-223,2,Congested
STAV2_0038,40.515218633253646,0.25477454809516487,N-232,2,Congested
STAV2_0039,40.51278154360412,0.11949525638417963,N-232A,2,Congested
STAV2_0040,41.51486,-0.636486,N-232A,2,Congested
STAV2_0041,40.36329,-1.145989,N-234,2,Congested
STAV2_0042,41.266937,1.248363,N-240,4,Congested
STAV2_0043,42.03354,0.104773,N-240,4,Congested
STAV2_0044,42.141106164761325,-0.37414846926385814,N-240A,2,Congested
STAV2_0045,42.611598157982804,-0.9099316615188695,N-240R,2,Congested
STAV2_0046,42.21382,2.208035,N-260,4,Sufficient
STAV2_0047,42.22225877077022,2.8059372173120174,N-260A,2,Congested
STAV2_0048,42.36297889991612,1.8048127877752609,N-260R,4,Congested
STAV2_0049,41.510451117753426,0.2847233941544442,N-2A,2,Congested
STAV2_0050,41.32614333624359,-1.7917243633057707,N-2R,2,Congested
STAV2_0051,38.01387,-3.383437,N-322,4,Congested
STAV2_0052,38.154325597334164,-3.0167042152196246,N-322A,2,Congested
STAV2_0053,36.837849928175594,-3.5184620855889177,N-323,4,Congested
STAV2_0054,36.8933527729625,-3.509273037092431,N-323A,2,Congested
STAV2_0055,37.285664,-3.675543,N-323A,2,Congested
STAV2_0056,41.33516,-1.22134,N-330,4,Congested
STAV2_0057,42.22500668648688,-0.4413760665639473,N-330,4,Congested
STAV2_0058,40.0965071207502,-1.2732937578811732,N-330A,2,Congested
STAV2_0059,42.327736846714345,-0.4089967092480236,N-330A,2,Congested
STAV2_0060,37.03285,-4.530882,N-331,2,Congested
STAV2_0061,37.57366,-4.650703,N-331,2,Congested
STAV2_0062,37.462911129518645,-4.568680866101379,N-331R,2,Congested
STAV2_0063,36.2564658780221,-5.33780952331509,N-340,4,Congested
STAV2_0064,36.771137,-2.8267684,N-340A,4,Congested
STAV2_0065,37.36955644396135,-1.9631231831505374,N-340A,4,Congested
STAV2_0066,36.966331380344336,-1.987998390136652,N-341,4,Congested
STAV2_0067,36.7515099152563,-6.070390358053221,N-346,4,Congested
STAV2_0068,36.867458635136494,-2.377355276558308,N-347AL,4,Congested
STAV2_0069,36.165764,-5.360959,N-351,2,Congested
STAV2_0070,37.28337,-5.932176,N-4,2,Congested
STAV2_0071,37.93162036196326,-4.651899209489412,N-4,2,Congested
STAV2_0072,40.02904075951177,-2.1661595797326982,N-420,2,Sufficient
STAV2_0073,40.121244642586156,-1.3913231641084405,N-420A,2,Congested
STAV2_0074,41.111794902239495,0.7013965954031061,N-420A,2,Congested
STAV2_0075,39.13896794765962,-5.186272382574811,N-430A,2,Congested
STAV2_0076,37.24739,-7.19851,N-431,2,Sufficient
STAV2_0077,37.55201731957217,-4.045061451648945,N-432A,2,Congested
STAV2_0078,38.13942934931493,-4.935629099158727,N-432A,2,Congested
STAV2_0079,38.292553376367,-5.231312480479327,N-432A,2,Congested
STAV2_0080,38.612698065738925,-6.623417549527818,N-432A,2,Congested
STAV2_0081,37.900207,-6.644477,N-433,4,Congested
STAV2_0082,38.320087,-6.77897,N-435,2,Congested
STAV2_0083,37.93400888269142,-6.734962609213896,N-435A,2,Congested
STAV2_0084,38.61262270273299,-6.822359675410567,N-435A,2,Congested
STAV2_0085,37.18274210623369,-6.913655713344836,N-442,2,Sufficient
STAV2_0086,37.25325252889134,-7.305714535534287,N-446,2,Sufficient
STAV2_0087,38.88283154367612,-6.829830557431908,N-5,4,Congested
STAV2_0088,39.17104,-5.047223,N-502,2,Congested
STAV2_0089,38.201427372857864,-5.009139192926052,N-502A,2,Congested
STAV2_0090,38.97965133649686,-4.860406548520457,N-502A,2,Sufficient
STAV2_0091,37.45534,-6.05513,N-630,2,Congested
STAV2_0092,42.9617,-7.564019,A-54,4,Sufficient
STAV2_0093,43.405964,-5.789971,A-66,4,Congested
STAV2_0094,43.31885,-4.068469,A-67,4,Congested
STAV2_0095,43.33336044771351,-4.327272285875591,A-8,7,Congested
STAV2_0096,43.379726,-7.426508,A-8,4,Sufficient
STAV2_0097,43.522278,-5.715472,A-8,4,Congested
STAV2_0098,42.681726,-8.634557,AP-9,4,Congested
STAV2_0099,42.93182,-7.634305,N-540,2,Sufficient
STAV2_0100,43.172718,-7.766572,N-6,3,Sufficient
STAV2_0101,42.86685,-4.154992,N-611,2,Congested
STAV2_0102,42.95059732929247,-4.138150466428296,N-611A,2,Congested
STAV2_0103,43.35523134018538,-4.526377657274634,N-621A,2,Moderate
STAV2_0104,43.35925,-3.924742,N-623,4,Congested
STAV2_0105,43.26092229412246,-3.4662534902575746,N-629,2,Congested
STAV2_0106,43.2832094808891,-3.434277871725404,N-629A,2,Congested
STAV2_0107,43.106342,-5.817404,N-630,2,Congested
STAV2_0108,43.55027330890117,-6.322672594057074,N-632A,4,Sufficient
STAV2_0109,43.294167,-7.670673,N-634,4,Sufficient
STAV2_0110,43.33842,-5.98234,N-634,4,Moderate
STAV2_0111,43.410353309875866,-3.608658254794529,N-634,4,Congested
STAV2_0112,43.561874,-6.923124,N-634,4,Sufficient
STAV2_0113,43.42935,-3.838126,N-636,4,Moderate
STAV2_0114,43.025753,-7.567155,N-640,2,Sufficient
STAV2_0115,42.340267,-3.6953535,A-1,4,Congested
STAV2_0116,42.863613,-2.660541,A-1,4,Congested
STAV2_0117,41.53517866822434,-5.774164255544914,A-11,4,Sufficient
STAV2_0118,41.596442942233466,-3.3546181072164334,A-11,4,Congested
STAV2_0119,42.42743156744022,-2.7450586933933154,A-12,2,Congested
STAV2_0120,43.259827,-1.966318,A-15,4,Congested
STAV2_0121,39.848877,-0.5021599,A-23,4,Sufficient
STAV2_0122,39.46963,-0.7078082,A-3,4,Congested
STAV2_0123,39.946594,-2.8946514,A-3,7,Congested
STAV2_0124,37.885376,-1.136602,A-30,12,Congested
STAV2_0125,38.93846045856489,-1.8916543648034796,A-32,4,Congested
STAV2_0126,38.60982111550539,-1.0430535791923565,A-33,3,Sufficient
STAV2_0127,38.87854,-0.754148,A-35,5,Sufficient
STAV2_0128,39.28310316661452,-0.40327591696705783,A-38,7,Sufficient
STAV2_0129,39.978848,-4.268037,A-40,2,Congested
STAV2_0130,39.392600348852966,-2.41080667023409,A-43,4,Congested
STAV2_0131,39.88855,-5.467399,A-5,4,Congested
STAV2_0132,40.82720266782806,-4.935825912655078,A-50,4,Congested
STAV2_0133,41.18201,-4.807545,A-6,4,Congested
STAV2_0134,41.27575,-4.887979,A-6,4,Congested
STAV2_0135,41.8658,-5.4207,A-6,4,Congested
STAV2_0136,40.60678,-6.824496,A-62,4,Congested
STAV2_0137,41.6424,-4.7627907,A-62,4,Sufficient
STAV2_0138,41.1888534905475,-5.697153263002667,A-66,4,Congested
STAV2_0139,41.79842261423094,-5.756283738862351,A-66,4,Congested
STAV2_0140,42.41139494241778,-5.588548526345261,A-66,4,Congested
STAV2_0141,42.50473254028296,-5.588289700067774,A-66R,2,Congested
STAV2_0142,37.658337,-1.705069,A-7,4,Sufficient
STAV2_0143,38.14595,-0.88898,A-7,11,Congested
STAV2_0144,39.623318,-0.30439,A-7,11,Congested
STAV2_0145,38.30772,-0.60557,A-70,10,Congested
STAV2_0146,42.91003,-2.663482,AP-1,4,Congested
STAV2_0147,42.834183,-1.666381,AP-15,4,Congested
STAV2_0148,40.06231755712379,-3.859392676034929,AP-41,2,Congested
STAV2_0149,40.72284294733156,-4.527654192230606,AP-51,4,Congested
STAV2_0150,40.77142761296735,-4.398188014383041,AP-6,4,Congested
STAV2_0151,42.56834,-2.861139,AP-68,4,Congested
STAV2_0152,42.542329693450576,-5.716524443734891,AP-71,2,Congested
STAV2_0153,38.559322,-0.134794,AP-7N,8,Congested
STAV2_0154,39.77346295439903,-0.19327550313743216,AP-7N,12,Congested
STAV2_0155,37.661213608385374,-0.8999686524756721,AP-7R,7,Congested
STAV2_0156,43.22526,-2.743108,AP-8,4,Congested
STAV2_0157,42.024418,-3.752409,N-1,2,Congested
STAV2_0158,42.6376,-3.110572,N-1,2,Congested
STAV2_0159,41.48559152809808,-3.3149305360046015,N-110,2,Congested
STAV2_0160,40.87398735889022,-4.230126544399446,N-110A,2,Congested
STAV2_0161,41.1772989226192,-3.6358133621666218,N-110A,2,Congested
STAV2_0162,41.75564460759367,-2.473891577477864,N-111,2,Congested
STAV2_0163,42.45322,-2.464703,N-111,2,Congested
STAV2_0164,42.071514,-1.794573,N-113,4,Sufficient
STAV2_0165,42.43218309178522,-2.777637465996418,N-120,4,Congested
STAV2_0166,42.52561,-7.527315,N-120,4,Congested
STAV2_0167,42.572495,-5.583343,N-120,4,Congested
STAV2_0168,41.527275,-5.699888,N-122,4,Congested
STAV2_0169,41.63162189698914,-3.5239541251788977,N-122,4,Congested
STAV2_0170,40.56683,-3.60891,N-1A,2,Congested
STAV2_0171,41.18812,-3.583655,N-1A,2,Congested
STAV2_0172,42.63596889961723,-3.1655451088521183,N-1A,2,Congested
STAV2_0173,39.98238,-0.05845,N-225,2,Congested
STAV2_0174,42.33361645489174,-2.144675330192736,N-232A,2,Congested
STAV2_0175,39.68209,-0.3288817,N-234,2,Congested
STAV2_0176,37.72687562917347,-1.0515114998476889,N-301,2,Congested
STAV2_0177,38.19207,-1.334314,N-301,2,Congested
STAV2_0178,38.525597,-1.703138,N-301,2,Congested
STAV2_0179,40.618183,-3.279721,N-320,2,Congested
STAV2_0180,40.609886358077866,-3.118471209161242,N-320A,2,Congested
STAV2_0181,38.9270222234194,-2.028839218679511,N-322,4,Congested
STAV2_0182,39.28478,-1.47229,N-322A,2,Congested
STAV2_0183,39.5819023972269,-1.2148468799076153,N-330A,2,Congested
STAV2_0184,37.838898,-0.777624,N-332,3,Sufficient
STAV2_0185,38.432507,-0.397384,N-332,3,Congested
STAV2_0186,38.371807,-0.4461212,N-334,5,Congested
STAV2_0187,38.29057480995289,-0.5586110814506424,N-338,4,Congested
STAV2_0188,38.29253,-0.5917,N-340,4,Congested
STAV2_0189,38.73875,-0.439747,N-340,4,Sufficient
STAV2_0190,40.02461883344227,-0.019357843501492267,N-340A,4,Congested
STAV2_0191,38.051533,-1.2108834,N-344,2,Congested
STAV2_0192,38.615204,-1.092887,N-344,2,Sufficient
STAV2_0193,39.939483339077064,-3.7630178439329125,N-400,2,Congested
STAV2_0194,39.70688107832415,-3.978349819715656,N-401A,2,Congested
STAV2_0195,40.360783,-4.3965583,N-403A,2,Congested
STAV2_0196,38.96264,-2.744697,N-430A,2,Congested
STAV2_0197,39.169215552135974,-5.897635540678118,N-5,4,Congested
STAV2_0198,39.961124,-4.843849,N-502A,2,Congested
STAV2_0199,39.489193,-6.377167,N-521,2,Congested
STAV2_0200,39.968392683497356,-4.778772680459908,N-5A,2,Congested
STAV2_0201,41.62732,-5.173078,N-6,2,Congested
STAV2_0202,42.15851736927558,-5.765291766357841,N-6,2,Congested
STAV2_0203,41.58686,-4.71882,N-601,2,Congested
STAV2_0204,42.098553,-5.032123,N-610,2,Congested
STAV2_0205,40.69666,-6.41751,N-620,2,Congested
STAV2_0206,41.95772259633738,-4.45245909764587,N-620,2,Congested
STAV2_0207,42.275448,-3.896919,N-620A,2,Congested
STAV2_0208,42.93125327703823,-5.112357106209384,N-621,2,Moderate
STAV2_0209,42.95543,-2.819914,N-622,4,Congested
STAV2_0210,42.42062726555179,-3.682433156130104,N-623,4,Congested
STAV2_0211,42.89337183542718,-2.7236557657036102,N-624,4,Congested
STAV2_0212,42.62890521701198,-3.8577296549759734,N-627,4,Congested
STAV2_0213,39.84905943100576,-6.332275148046952,N-630,2,Congested
STAV2_0214,40.69916,-5.623416,N-630,2,Congested
STAV2_0215,42.36074122824551,-5.567129560968874,N-630,2,Congested
STAV2_0216,40.388157,-5.751917,N-630A,2,Congested
STAV2_0217,43.11345893523968,-2.5192623529783646,N-636,4,Congested
STAV2_FIX_001,38.775545,-2.446657,N-322,4,Congested
STAV2_FIX_002,37.900207,-6.644477,N-433,4,Congested
STAV2_FIX_003,41.512416,-0.068422,AP-2,4,Congested
STAV2_FIX_004,40.455491,-1.232499,A-23,4,Congested
STAV2_FIX_005,37.82396,-6.716242,N-435,2,Congested
STAV2_FIX_006,43.069502,-4.755363,N-621,2,Congested
STAV2_FIX_007,38.695176,-4.919327,N-502,2,Congested
STAV2_FIX_008,42.681726,-8.634557,AP-9,4,Congested
