station_id,node_id,name,max_power_kw,num_connectors,price_per_kwh,total_sessions,total_energy_kwh,total_wait_min,total_charge_min,peak_queue,utilization_rate
EC_AP-2_000,AP-2_EC000,AP-2 existing cluster 0,15.0,3,0.4,2,86.95974692044166,0.0,347.83898768176664,0,0.040259142092797066
EC_AP-2_001,AP-2_EC001,AP-2 existing cluster 1,22.0,2,0.4,25,741.1737017987527,1154.2719689558762,2101.5651368655617,13,0.36485505848360444
EC_AP-2_002,AP-2_EC002,AP-2 existing cluster 2,60.0,2,0.4,3,111.58893586994131,0.0,111.59149833971546,0,0.01937352401731171
EC_AP-2_003,AP-2_EC003,AP-2 existing cluster 3,60.0,2,0.4,9,375.1901974320619,7.10437857036186,397.04087848784445,1,0.06893070807080633
EC_AP-2_004,AP-2_EC004,AP-2 existing cluster 4,22.0,2,0.4,0,0.0,0.0,0.0,0,0.0
EC_AP-2_005,AP-2_EC005,AP-2 existing cluster 5,22.0,2,0.4,9,396.87329167565315,213.85580916275364,1143.1311127012168,2,0.19846026262173902
EC_AP-2_006,AP-2_EC006,AP-2 existing cluster 6,22.0,2,0.4,0,0.0,0.0,0.0,0,0.0
EC_AP-2_007,AP-2_EC007,AP-2 existing cluster 7,22.0,2,0.4,36,1679.4667755532132,35281.7400823339,4833.381997779011,193,0.8391288190588561
EC_AP-2_008,AP-2_EC008,AP-2 existing cluster 8,50.0,3,0.4,30,1303.22274465307,326.6974390522803,1643.753363854676,3,0.19024923192762455
EC_AP-2_009,AP-2_EC009,AP-2 existing cluster 9,50.0,3,0.4,84,2706.1293633855835,4748.592202961766,3292.993613890034,31,0.3811335201261613
STA_0003,STA_0003,Proposed AP-2 (STA_0003),150.0,4,0.4,446,21472.001253244758,402717.6271138511,9677.78328612457,781,0.8400853546983134
EC_A-2_000,A-2_EC000,A-2 existing cluster 0,350.0,37,0.4,0,0.0,0.0,0.0,0,0.0
EC_A-2_001,A-2_EC001,A-2 existing cluster 1,150.0,46,0.4,54,725.2062534678596,0.0,371.69444267347933,0,0.002805664573320345
EC_A-2_002,A-2_EC002,A-2 existing cluster 2,50.0,27,0.4,0,0.0,0.0,0.0,0,0.0
EC_A-2_003,A-2_EC003,A-2 existing cluster 3,150.0,34,0.4,1,49.84346782636504,0.0,21.022769190346683,0,0.00021469331280991302
EC_A-2_004,A-2_EC004,A-2 existing cluster 4,50.0,67,0.4,0,0.0,0.0,0.0,0,0.0
EC_A-2_005,A-2_EC005,A-2 existing cluster 5,150.0,22,0.4,0,0.0,0.0,0.0,0,0.0
EC_A-2_006,A-2_EC006,A-2 existing cluster 6,150.0,24,0.4,0,0.0,0.0,0.0,0,0.0
EC_A-2_007,A-2_EC007,A-2 existing cluster 7,50.0,22,0.4,1,43.811054885553965,0.0,54.837781991697014,0,0.0008654952965861272
EC_A-2_008,A-2_EC008,A-2 existing cluster 8,150.0,35,0.4,0,0.0,0.0,0.0,0,0.0
EC_A-2_009,A-2_EC009,A-2 existing cluster 9,150.0,64,0.4,0,0.0,0.0,0.0,0,0.0
EC_A-2_010,A-2_EC010,A-2 existing cluster 10,172.0,37,0.4,0,0.0,0.0,0.0,0,0.0
EC_A-2_011,A-2_EC011,A-2 existing cluster 11,150.0,17,0.4,60,1869.041743518652,0.0,881.3793376300246,0,0.018002028954861613
EC_A-2_012,A-2_EC012,A-2 existing cluster 12,150.0,17,0.4,107,3305.81501364697,0.0,1599.3429736772468,0,0.03266631890680651
EC_A-2_013,A-2_EC013,A-2 existing cluster 13,300.0,21,0.4,0,0.0,0.0,0.0,0,0.0
EC_A-2_014,A-2_EC014,A-2 existing cluster 14,150.0,40,0.4,0,0.0,0.0,0.0,0,0.0
EC_A-2_015,A-2_EC015,A-2 existing cluster 15,200.0,32,0.4,0,0.0,0.0,0.0,0,0.0
EC_A-2_016,A-2_EC016,A-2 existing cluster 16,320.0,49,0.4,0,0.0,0.0,0.0,0,0.0
EC_A-2_017,A-2_EC017,A-2 existing cluster 17,120.0,34,0.4,0,0.0,0.0,0.0,0,0.0
EC_A-2_018,A-2_EC018,A-2 existing cluster 18,360.0,34,0.4,0,0.0,0.0,0.0,0,0.0
EC_A-2_019,A-2_EC019,A-2 existing cluster 19,50.0,31,0.4,0,0.0,0.0,0.0,0,0.0
EC_A-2_020,A-2_EC020,A-2 existing cluster 20,150.0,45,0.4,1,52.55172747956409,0.0,22.13501657322099,0,0.00017079488096621135
EC_A-2_021,A-2_EC021,A-2 existing cluster 21,300.0,36,0.4,384,7617.843963040237,0.0,3799.6285280844336,0,0.03664765169834523
EC_A-2_022,A-2_EC022,A-2 existing cluster 22,350.0,71,0.4,1226,39600.19406332038,0.0,17317.606662591148,0,0.08469095590077831
EC_A-2_023,A-2_EC023,A-2 existing cluster 23,300.0,34,0.4,304,12511.182913476212,0.0,4761.670242163352,0,0.04862816832274665
EC_A-2_024,A-2_EC024,A-2 existing cluster 24,300.0,22,0.4,51,2119.5466123172596,0.0,673.7720197615405,0,0.010634028089670778
EC_A-2_025,A-2_EC025,A-2 existing cluster 25,300.0,43,0.4,15,314.6315303211029,0.0,115.16192154736207,0,0.000929925077094332
EC_A-2_026,A-2_EC026,A-2 existing cluster 26,150.0,37,0.4,834,16739.626963600458,0.0,8258.804896944674,0,0.07750379970856489
EC_A-2_027,A-2_EC027,A-2 existing cluster 27,250.0,37,0.4,1049,20192.181567741853,0.0,7759.278190837817,0,0.07281604908819272
EC_A-2_028,A-2_EC028,A-2 existing cluster 28,350.0,28,0.4,75,2385.561453599623,0.0,1157.9117908747062,0,0.014359025184458162
EC_A-2_029,A-2_EC029,A-2 existing cluster 29,300.0,25,0.4,263,3560.508146373627,0.0,1622.989826538012,0,0.0225415253685835
EC_A-2_030,A-2_EC030,A-2 existing cluster 30,150.0,40,0.4,1,32.906919302005726,0.0,13.16276772080229,0,0.00011426013646529765
EC_A-2_031,A-2_EC031,A-2 existing cluster 31,350.0,32,0.4,17,506.8332564170753,0.0,238.2710467901104,0,0.002585406323677413
EC_A-2_032,A-2_EC032,A-2 existing cluster 32,240.0,33,0.4,257,8148.8028648823065,0.0,3137.204193845161,0,0.03300930338641794
EC_A-2_033,A-2_EC033,A-2 existing cluster 33,150.0,27,0.4,33,1020.7445311633879,0.0,492.83107396260374,0,0.006337848173387394
EC_A-2_034,A-2_EC034,A-2 existing cluster 34,60.0,31,0.4,15,540.6233706264305,0.0,540.6233706264305,0,0.00605536929465088
EC_A-2_035,A-2_EC035,A-2 existing cluster 35,350.0,31,0.4,2,67.76559845467158,0.0,30.11804375763181,0,0.00033734368008100143
EC_A-2_036,A-2_EC036,A-2 existing cluster 36,60.0,31,0.4,20,652.1340719553757,0.0,652.1340719553757,0,0.0073043690855216815
EC_A-2_037,A-2_EC037,A-2 existing cluster 37,80.0,32,0.4,15,481.77099679593266,0.0,361.32824759694944,0,0.003920662408821066
EC_A-2_038,A-2_EC038,A-2 existing cluster 38,50.0,51,0.4,191,6122.195664342415,0.0,7346.634797210894,0,0.05001793843417003
EC_A-2_039,A-2_EC039,A-2 existing cluster 39,320.0,29,0.4,14,434.3451165943336,0.0,184.2764221393656,0,0.002206374786151408
EC_A-2_040,A-2_EC040,A-2 existing cluster 40,300.0,49,0.4,0,0.0,0.0,0.0,0,0.0
EC_AP-7_000,AP-7_EC000,AP-7 existing cluster 0,150.0,27,0.4,0,0.0,0.0,0.0,0,0.0
EC_AP-7_001,AP-7_EC001,AP-7 existing cluster 1,250.0,43,0.4,0,0.0,0.0,0.0,0,0.0
EC_AP-7_002,AP-7_EC002,AP-7 existing cluster 2,60.0,32,0.4,0,0.0,0.0,0.0,0,0.0
EC_AP-7_003,AP-7_EC003,AP-7 existing cluster 3,250.0,28,0.4,0,0.0,0.0,0.0,0,0.0
EC_AP-7_004,AP-7_EC004,AP-7 existing cluster 4,320.0,28,0.4,214,5488.051935817648,0.0,1930.1978258028555,0,0.023935984942991758
EC_AP-7_005,AP-7_EC005,AP-7 existing cluster 5,100.0,35,0.4,1,29.304822349335875,0.0,17.582893409601525,0,0.00017443346636509448
EC_AP-7_006,AP-7_EC006,AP-7 existing cluster 6,150.0,25,0.4,6,192.67217425807155,0.0,96.33608712903577,0,0.0013380012101254968
EC_AP-7_007,AP-7_EC007,AP-7 existing cluster 7,320.0,23,0.4,4,128.38439564850484,0.0,64.19219782425242,0,0.0009690851120811053
EC_AP-7_008,AP-7_EC008,AP-7 existing cluster 8,100.0,35,0.4,5,160.54455821538718,0.0,96.3267349292323,0,0.0009556223703296856
EC_AP-7_009,AP-7_EC009,AP-7 existing cluster 9,180.0,38,0.4,3,96.34642958915046,0.0,48.17321479457523,0,0.00044017922875160117
EC_AP-7_010,AP-7_EC010,AP-7 existing cluster 10,50.0,28,0.4,6,186.68082730940964,0.0,224.0169927712916,0,0.00277798850162812
EC_AP-7_011,AP-7_EC011,AP-7 existing cluster 11,250.0,37,0.4,2,61.39399416473917,0.0,29.067871810147516,0,0.0002727840823024354
EC_AP-7_012,AP-7_EC012,AP-7 existing cluster 12,150.0,47,0.4,8,264.68026253974404,0.0,124.7765957450369,0,0.0009218129118279913
EC_AP-7_013,AP-7_EC013,AP-7 existing cluster 13,50.0,33,0.4,4,137.34445154646778,0.0,164.81334185576134,0,0.0017341471154857042
EC_AP-7_014,AP-7_EC014,AP-7 existing cluster 14,60.0,56,0.4,6,201.25418946312007,0.0,201.25418946312007,0,0.0012478558374449408
EC_AP-7_015,AP-7_EC015,AP-7 existing cluster 15,200.0,40,0.4,7,226.1951944360267,0.0,93.81390171645084,0,0.0008143567857330802
EC_AP-7_016,AP-7_EC016,AP-7 existing cluster 16,200.0,35,0.4,4,153.46408887970435,0.0,57.22896633931534,0,0.0005677476819376522
EC_AP-7_017,AP-7_EC017,AP-7 existing cluster 17,150.0,57,0.4,8,247.50543571286434,0.0,118.91626822876748,0,0.000724392472153798
EC_AP-7_018,AP-7_EC018,AP-7 existing cluster 18,240.0,51,0.4,26,848.1048785090115,0.0,337.7522015583751,0,0.0022995111761871944
EC_AP-7_019,AP-7_EC019,AP-7 existing cluster 19,150.0,20,0.4,13,448.6024714496858,0.0,200.24160224921394,0,0.00347641670571552
EC_AP-7_020,AP-7_EC020,AP-7 existing cluster 20,150.0,85,0.4,2,75.87777354934789,0.0,32.05880988402309,0,0.00013095919070270872
EC_AP-7_021,AP-7_EC021,AP-7 existing cluster 21,50.0,26,0.4,121,3835.1508998611325,0.0,4602.184154797087,0,0.06146079266555939
EC_AP-7_022,AP-7_EC022,AP-7 existing cluster 22,55.0,32,0.4,242,7564.640575340806,0.0,8252.335173099063,0,0.08954356741643948
EC_AP-7_023,AP-7_EC023,AP-7 existing cluster 23,150.0,30,0.4,365,11666.286970640176,0.0,4922.140716692617,0,0.05696922125801641
EC_AP-7_024,AP-7_EC024,AP-7 existing cluster 24,150.0,47,0.4,447,10799.116127366402,0.0,4981.450763555671,0,0.03680149795771034
EC_AP-7_025,AP-7_EC025,AP-7 existing cluster 25,250.0,42,0.4,702,11953.502702260637,0.0,4616.936532078257,0,0.038169118155408875
EC_AP-7_026,AP-7_EC026,AP-7 existing cluster 26,150.0,32,0.4,512,10930.761370564398,0.0,5123.613705238038,0,0.05559476676690579
EC_AP-7_027,AP-7_EC027,AP-7 existing cluster 27,250.0,37,0.4,79,2776.0468808461546,0.0,1250.997172673552,0,0.011739838332146698
EC_AP-7_028,AP-7_EC028,AP-7 existing cluster 28,350.0,23,0.4,497,19313.13014362223,0.0,7860.848938138618,0,0.11867223638494291
EC_AP-7_029,AP-7_EC029,AP-7 existing cluster 29,60.0,24,0.4,61,1444.1664100951593,0.0,1448.7669620188544,0,0.020960170168096853
EC_AP-7_030,AP-7_EC030,AP-7 existing cluster 30,50.0,27,0.4,7,279.6257804689967,0.0,350.24979327697463,0,0.004504241168685373
EC_AP-7_031,AP-7_EC031,AP-7 existing cluster 31,350.0,30,0.4,15,497.9704828449981,0.0,267.5443838825341,0,0.0030965785171589593
EC_AP-7_032,AP-7_EC032,AP-7 existing cluster 32,100.0,32,0.4,220,5735.392494765509,0.0,3441.2354968593067,0,0.0373397948877963
EC_AP-7_033,AP-7_EC033,AP-7 existing cluster 33,350.0,30,0.4,1,31.862738733015863,0.0,15.93136936650793,0,0.00018439084914939732
EC_AP-7_034,AP-7_EC034,AP-7 existing cluster 34,250.0,42,0.4,1,32.0526396533585,0.0,16.02631982667925,0,0.00013249272343484827
EC_AP-7_035,AP-7_EC035,AP-7 existing cluster 35,150.0,26,0.4,21,824.1134522504173,0.0,374.8791616988432,0,0.0050063990611490805
EC_AP-7_036,AP-7_EC036,AP-7 existing cluster 36,60.0,30,0.4,0,0.0,0.0,0.0,0,0.0
EC_A-7_000,A-7_EC000,A-7 existing cluster 0,30.0,27,0.4,0,0.0,0.0,0.0,0,0.0
EC_A-7_001,A-7_EC001,A-7 existing cluster 1,250.0,29,0.4,0,0.0,0.0,0.0,0,0.0
EC_A-7_002,A-7_EC002,A-7 existing cluster 2,175.0,28,0.4,0,0.0,0.0,0.0,0,0.0
EC_A-7_003,A-7_EC003,A-7 existing cluster 3,250.0,30,0.4,0,0.0,0.0,0.0,0,0.0
EC_A-7_004,A-7_EC004,A-7 existing cluster 4,320.0,29,0.4,0,0.0,0.0,0.0,0,0.0
EC_A-7_005,A-7_EC005,A-7 existing cluster 5,150.0,32,0.4,0,0.0,0.0,0.0,0,0.0
EC_A-7_006,A-7_EC006,A-7 existing cluster 6,350.0,38,0.4,0,0.0,0.0,0.0,0,0.0
EC_A-7_007,A-7_EC007,A-7 existing cluster 7,50.0,37,0.4,613,14247.240842608031,123.44642482449854,17334.39269509324,10,0.16267260412061973
EC_A-7_008,A-7_EC008,A-7 existing cluster 8,120.0,22,0.4,303,8738.399258249035,0.0,4370.056556790896,0,0.06897185222207854
EC_A-7_009,A-7_EC009,A-7 existing cluster 9,250.0,49,0.4,89,2917.2905040649134,0.0,1047.640527165569,0,0.007423756570050801
EC_A-7_010,A-7_EC010,A-7 existing cluster 10,120.0,31,0.4,8,376.6467116152585,0.0,195.05837957025818,0,0.0021847936779822827
EC_A-7_011,A-7_EC011,A-7 existing cluster 11,150.0,35,0.4,204,5768.289536941364,0.0,2573.011088880813,0,0.025525903659531876
EC_A-7_012,A-7_EC012,A-7 existing cluster 12,150.0,36,0.4,93,3623.514209397041,0.0,1791.6428280011642,0,0.017280505671307525
EC_A-7_013,A-7_EC013,A-7 existing cluster 13,150.0,29,0.4,58,1449.552466743996,0.0,705.975177967078,0,0.008452767935429574
EC_A-7_014,A-7_EC014,A-7 existing cluster 14,150.0,25,0.4,82,1499.801487150743,0.0,690.0944319950432,0,0.009584644888820045
EC_A-7_015,A-7_EC015,A-7 existing cluster 15,120.0,29,0.4,656,17473.97825218947,0.0,8740.666068707922,0,0.10465356883031515
EC_A-7_016,A-7_EC016,A-7 existing cluster 16,150.0,36,0.4,198,6594.436364628581,0.0,2958.2150523642945,0,0.02853216678592105
EC_A-7_017,A-7_EC017,A-7 existing cluster 17,150.0,33,0.4,296,8451.338296508207,0.0,3719.476233186352,0,0.039135903126960775
EC_A-7_018,A-7_EC018,A-7 existing cluster 18,360.0,57,0.4,1052,29094.10830009302,0.0,10858.624891283169,0,0.06614659412331365
EC_A-7_019,A-7_EC019,A-7 existing cluster 19,50.0,44,0.4,0,0.0,0.0,0.0,0,0.0
EC_A-7_020,A-7_EC020,A-7 existing cluster 20,1000.0,30,0.4,0,0.0,0.0,0.0,0,0.0
EC_A-7_021,A-7_EC021,A-7 existing cluster 21,250.0,33,0.4,0,0.0,0.0,0.0,0,0.0
EC_A-7_022,A-7_EC022,A-7 existing cluster 22,350.0,21,0.4,0,0.0,0.0,0.0,0,0.0
EC_A-7_023,A-7_EC023,A-7 existing cluster 23,350.0,56,0.4,33,1201.4384602673356,0.0,392.93746253434165,0,0.002436368195277416
EC_A-7_024,A-7_EC024,A-7 existing cluster 24,120.0,68,0.4,178,6570.557029985466,0.0,3289.007877333318,0,0.016794362118736306
EC_A-7_025,A-7_EC025,A-7 existing cluster 25,250.0,40,0.4,796,18690.15475139378,0.0,7942.450668880869,0,0.06894488427847976
EC_A-7_026,A-7_EC026,A-7 existing cluster 26,230.0,36,0.4,0,0.0,0.0,0.0,0,0.0
EC_A-7_027,A-7_EC027,A-7 existing cluster 27,150.0,23,0.4,0,0.0,0.0,0.0,0,0.0
EC_A-7_028,A-7_EC028,A-7 existing cluster 28,60.0,32,0.4,0,0.0,0.0,0.0,0,0.0
EC_A-7_029,A-7_EC029,A-7 existing cluster 29,150.0,26,0.4,0,0.0,0.0,0.0,0,0.0
EC_A-7_030,A-7_EC030,A-7 existing cluster 30,60.0,23,0.4,0,0.0,0.0,0.0,0,0.0
EC_A-7_031,A-7_EC031,A-7 existing cluster 31,250.0,34,0.4,0,0.0,0.0,0.0,0,0.0
EC_A-7_032,A-7_EC032,A-7 existing cluster 32,150.0,32,0.4,0,0.0,0.0,0.0,0,0.0
EC_A-7_033,A-7_EC033,A-7 existing cluster 33,60.0,27,0.4,0,0.0,0.0,0.0,0,0.0
EC_A-7_034,A-7_EC034,A-7 existing cluster 34,250.0,37,0.4,0,0.0,0.0,0.0,0,0.0
EC_A-7_035,A-7_EC035,A-7 existing cluster 35,98.0,27,0.4,0,0.0,0.0,0.0,0,0.0
EC_A-7_036,A-7_EC036,A-7 existing cluster 36,150.0,25,0.4,0,0.0,0.0,0.0,0,0.0
EC_A-7_037,A-7_EC037,A-7 existing cluster 37,100.0,39,0.4,0,0.0,0.0,0.0,0,0.0
EC_A-7_038,A-7_EC038,A-7 existing cluster 38,100.0,28,0.4,0,0.0,0.0,0.0,0,0.0
EC_A-7_039,A-7_EC039,A-7 existing cluster 39,100.0,29,0.4,0,0.0,0.0,0.0,0,0.0
EC_A-7_040,A-7_EC040,A-7 existing cluster 40,100.0,32,0.4,0,0.0,0.0,0.0,0,0.0
EC_A-7S_000,A-7S_EC000,A-7S existing cluster 0,30.0,27,0.4,189,4548.861783467426,0.0,9097.723566934852,0,0.11699747385461487
EC_A-7S_001,A-7S_EC001,A-7S existing cluster 1,250.0,29,0.4,0,0.0,0.0,0.0,0,0.0
EC_A-7S_002,A-7S_EC002,A-7S existing cluster 2,175.0,28,0.4,1,55.2,0.0,26.70600632244468,0,0.00033117567364142705
EC_A-7S_003,A-7S_EC003,A-7S existing cluster 3,250.0,30,0.4,0,0.0,0.0,0.0,0,0.0
EC_A-7S_004,A-7S_EC004,A-7S existing cluster 4,320.0,29,0.4,1,55.2,0.0,26.70600632244468,0,0.00031975582282620546
EC_A-7S_005,A-7S_EC005,A-7S existing cluster 5,150.0,32,0.4,2,108.56,0.0,51.56567146704133,0,0.0005595233449114727
EC_A-7S_006,A-7S_EC006,A-7S existing cluster 6,350.0,38,0.4,0,0.0,0.0,0.0,0,0.0
EC_A-7S_007,A-7S_EC007,A-7S existing cluster 7,50.0,37,0.4,0,0.0,0.0,0.0,0,0.0
EC_A-7S_008,A-7S_EC008,A-7S existing cluster 8,120.0,22,0.4,0,0.0,0.0,0.0,0,0.0
EC_A-7S_009,A-7S_EC009,A-7S existing cluster 9,250.0,49,0.4,0,0.0,0.0,0.0,0,0.0
EC_A-7S_010,A-7S_EC010,A-7S existing cluster 10,120.0,31,0.4,0,0.0,0.0,0.0,0,0.0
EC_A-7S_011,A-7S_EC011,A-7S existing cluster 11,150.0,35,0.4,0,0.0,0.0,0.0,0,0.0
EC_A-7S_012,A-7S_EC012,A-7S existing cluster 12,150.0,36,0.4,0,0.0,0.0,0.0,0,0.0
EC_A-7S_013,A-7S_EC013,A-7S existing cluster 13,150.0,29,0.4,0,0.0,0.0,0.0,0,0.0
EC_A-7S_014,A-7S_EC014,A-7S existing cluster 14,150.0,25,0.4,0,0.0,0.0,0.0,0,0.0
EC_A-7S_015,A-7S_EC015,A-7S existing cluster 15,120.0,29,0.4,0,0.0,0.0,0.0,0,0.0
EC_A-7S_016,A-7S_EC016,A-7S existing cluster 16,150.0,36,0.4,356,8329.047930481525,0.0,3738.529553301448,0,0.03605834831502168
EC_A-7S_017,A-7S_EC017,A-7S existing cluster 17,150.0,33,0.4,56,1512.9825334308568,0.0,707.086769802926,0,0.007439886045906208
EC_A-7S_018,A-7S_EC018,A-7S existing cluster 18,360.0,57,0.4,97,1855.8636634096138,0.0,916.7788403963237,0,0.0055846664254162025
EC_A-7S_019,A-7S_EC019,A-7S existing cluster 19,50.0,44,0.4,530,18354.167093827302,0.0,22025.000512592786,0,0.17380840050972843
EC_A-7S_020,A-7S_EC020,A-7S existing cluster 20,1000.0,30,0.4,52,1879.0258592145574,0.0,697.399941018952,0,0.00807175857660824
EC_A-7S_021,A-7S_EC021,A-7S existing cluster 21,250.0,33,0.4,43,1488.3778713581778,0.0,580.8401040370493,0,0.006111533081197909
EC_A-7S_022,A-7S_EC022,A-7S existing cluster 22,350.0,21,0.4,8,256.82732028398556,0.0,118.98818245157607,0,0.0019673971966199747
EC_A-7S_023,A-7S_EC023,A-7S existing cluster 23,350.0,56,0.4,0,0.0,0.0,0.0,0,0.0
EC_A-7S_024,A-7S_EC024,A-7S existing cluster 24,120.0,68,0.4,0,0.0,0.0,0.0,0,0.0
EC_A-7S_025,A-7S_EC025,A-7S existing cluster 25,250.0,40,0.4,0,0.0,0.0,0.0,0,0.0
EC_A-7S_026,A-7S_EC026,A-7S existing cluster 26,230.0,36,0.4,446,12103.291603637284,0.0,5071.290935464407,0,0.04891291411520454
EC_A-7S_027,A-7S_EC027,A-7S existing cluster 27,150.0,23,0.4,162,3954.3510255472456,0.0,1950.4404051134925,0,0.029445054425022533
EC_A-7S_028,A-7S_EC028,A-7S existing cluster 28,60.0,32,0.4,19,430.70346599208983,0.0,430.70346599208983,0,0.004673431705643336
EC_A-7S_029,A-7S_EC029,A-7S existing cluster 29,150.0,26,0.4,19,705.0813695361555,0.0,313.14239191382273,0,0.004181922968934599
EC_A-7S_030,A-7S_EC030,A-7S existing cluster 30,60.0,23,0.4,53,1779.0180028587638,0.0,1788.3436805508275,0,0.02699794203730114
EC_A-7S_031,A-7S_EC031,A-7S existing cluster 31,250.0,34,0.4,191,6179.484223834565,0.0,2257.422074014953,0,0.0230537385009697
EC_A-7S_032,A-7S_EC032,A-7S existing cluster 32,150.0,32,0.4,32,1346.203921015256,0.0,681.3628663797996,0,0.007393260268878034
EC_A-7S_033,A-7S_EC033,A-7S existing cluster 33,60.0,27,0.4,3,67.40653092437661,0.0,67.40653092437661,0,0.0008668535355501108
EC_A-7S_034,A-7S_EC034,A-7S existing cluster 34,250.0,37,0.4,180,9722.087784885938,0.0,3631.234674621797,0,0.0340769019765559
EC_A-7S_035,A-7S_EC035,A-7S existing cluster 35,98.0,27,0.4,18,602.6141676758039,0.0,385.4150950382852,0,0.0049564698435993464
EC_A-7S_036,A-7S_EC036,A-7S existing cluster 36,150.0,25,0.4,2,108.56,0.0,51.56567146704133,0,0.0007161898814866851
EC_A-7S_037,A-7S_EC037,A-7S existing cluster 37,100.0,39,0.4,1,55.2,0.0,34.71780821917808,0,0.00030909729539866526
EC_A-7S_038,A-7S_EC038,A-7S existing cluster 38,100.0,28,0.4,1,55.2,0.0,34.71780821917808,0,0.00043052837573385517
EC_A-7S_039,A-7S_EC039,A-7S existing cluster 39,100.0,29,0.4,2,50.46502356848852,0.0,30.279014141093107,0,0.00036253608885408414
EC_A-7S_040,A-7S_EC040,A-7S existing cluster 40,100.0,32,0.4,16,618.4714059874119,0.0,390.78079321683964,0,0.004240242981953555
EC_A-3_000,A-3_EC000,A-3 existing cluster 0,22.0,37,0.4,360,7937.650969398022,2049.4393896884667,21648.13900744918,22,0.20315445765248855
EC_A-3_001,A-3_EC001,A-3 existing cluster 1,100.0,37,0.4,0,0.0,0.0,0.0,0,0.0
EC_A-3_002,A-3_EC002,A-3 existing cluster 2,150.0,19,0.4,1,51.956331205352804,0.0,24.329842292818302,0,0.0004446243109067672
EC_A-3_003,A-3_EC003,A-3 existing cluster 3,120.0,36,0.4,0,0.0,0.0,0.0,0,0.0
EC_A-3_004,A-3_EC004,A-3 existing cluster 4,100.0,44,0.4,0,0.0,0.0,0.0,0,0.0
EC_A-3_005,A-3_EC005,A-3 existing cluster 5,150.0,29,0.4,0,0.0,0.0,0.0,0,0.0
EC_A-3_006,A-3_EC006,A-3 existing cluster 6,60.0,41,0.4,0,0.0,0.0,0.0,0,0.0
EC_A-3_007,A-3_EC007,A-3 existing cluster 7,60.0,68,0.4,0,0.0,0.0,0.0,0,0.0
EC_A-3_008,A-3_EC008,A-3 existing cluster 8,60.0,27,0.4,1,57.25010679041626,0.0,60.93394240685461,0,0.000783615514491443
EC_A-3_009,A-3_EC009,A-3 existing cluster 9,150.0,31,0.4,13,487.88141461711535,0.0,224.6098933798272,0,0.002515791816530323
EC_A-3_010,A-3_EC010,A-3 existing cluster 10,350.0,35,0.4,398,14435.206520062133,0.0,4780.907235061725,0,0.047429635268469494
EC_A-3_011,A-3_EC011,A-3 existing cluster 11,350.0,54,0.4,665,14909.796077587325,0.0,5429.344487581542,0,0.03491090848496362
EC_A-3_012,A-3_EC012,A-3 existing cluster 12,300.0,41,0.4,998,26343.794181974783,0.0,9269.258697100739,0,0.07849981958926777
EC_A-3_013,A-3_EC013,A-3 existing cluster 13,320.0,27,0.4,6,258.15762448587475,0.0,99.12959734042427,0,0.001274814780612452
EC_A-3_014,A-3_EC014,A-3 existing cluster 14,320.0,41,0.4,1,47.539019010030486,0.0,12.060593798287716,0,0.00010213917512100031
EC_A-3_015,A-3_EC015,A-3 existing cluster 15,120.0,37,0.4,0,0.0,0.0,0.0,0,0.0
EC_A-3_016,A-3_EC016,A-3 existing cluster 16,150.0,40,0.4,274,5873.549806821782,0.0,2515.286475291432,0,0.02183408398690479
EC_A-3_017,A-3_EC017,A-3 existing cluster 17,120.0,24,0.4,0,0.0,0.0,0.0,0,0.0
EC_AP-4_000,AP-4_EC000,AP-4 existing cluster 0,50.0,4,0.4,0,0.0,0.0,0.0,0,0.0
EC_AP-4_001,AP-4_EC001,AP-4 existing cluster 1,150.0,2,0.4,0,0.0,0.0,0.0,0,0.0
EC_AP-4_002,AP-4_EC002,AP-4 existing cluster 2,50.0,3,0.4,0,0.0,0.0,0.0,0,0.0
EC_AP-4_003,AP-4_EC003,AP-4 existing cluster 3,50.0,3,0.4,0,0.0,0.0,0.0,0,0.0
EC_AP-4_004,AP-4_EC004,AP-4 existing cluster 4,100.0,12,0.4,0,0.0,0.0,0.0,0,0.0
EC_AP-4_005,AP-4_EC005,AP-4 existing cluster 5,22.17,2,0.4,0,0.0,0.0,0.0,0,0.0
EC_AP-4_006,AP-4_EC006,AP-4 existing cluster 6,100.0,4,0.4,0,0.0,0.0,0.0,0,0.0
EC_AP-4_007,AP-4_EC007,AP-4 existing cluster 7,100.0,4,0.4,0,0.0,0.0,0.0,0,0.0
EC_AP-4_008,AP-4_EC008,AP-4 existing cluster 8,22.17,2,0.4,0,0.0,0.0,0.0,0,0.0
EC_A-4_000,A-4_EC000,A-4 existing cluster 0,100.0,49,0.4,14,543.7311996795356,0.0,326.23871980772134,0,0.002311782311562651
EC_A-4_001,A-4_EC001,A-4 existing cluster 1,240.0,38,0.4,1,38.48996041759887,0.0,17.106649074488388,0,0.00015631075543209418
EC_A-4_002,A-4_EC002,A-4 existing cluster 2,180.0,48,0.4,263,7672.022298112336,0.0,3150.4708348662734,0,0.02278986425684515
EC_A-4_003,A-4_EC003,A-4 existing cluster 3,100.0,63,0.4,12,474.1393167904904,0.0,284.4835900742942,0,0.001567921021132574
EC_A-4_004,A-4_EC004,A-4 existing cluster 4,150.0,41,0.4,12,453.84921706797576,0.0,188.37932199041228,0,0.0015953533366396704
EC_A-4_005,A-4_EC005,A-4 existing cluster 5,180.0,52,0.4,63,2377.3388711655766,0.0,889.4833035628991,0,0.005939391717166794
EC_A-4_006,A-4_EC006,A-4 existing cluster 6,150.0,33,0.4,31,1167.298984637323,0.0,480.5700925103233,0,0.005056503498635557
EC_A-4_007,A-4_EC007,A-4 existing cluster 7,150.0,29,0.4,41,1317.8078132977425,0.0,581.9083705666909,0,0.006967293708892372
EC_A-4_008,A-4_EC008,A-4 existing cluster 8,150.0,50,0.4,79,2934.619642390006,0.0,1211.4024336207794,0,0.008412516900144301
EC_A-4_009,A-4_EC009,A-4 existing cluster 9,100.0,28,0.4,68,2461.336875400103,0.0,1476.802125240062,0,0.018313518418155532
EC_A-4_010,A-4_EC010,A-4 existing cluster 10,250.0,42,0.4,420,12081.187849016036,0.0,5295.404974466025,0,0.043778149590492935
EC_A-4_011,A-4_EC011,A-4 existing cluster 11,210.0,35,0.4,416,9471.087386167454,0.0,4136.117026296254,0,0.04103290700690728
EC_A-4_012,A-4_EC012,A-4 existing cluster 12,100.0,29,0.4,1233,24806.73648021958,49.2263310872562,15101.898174450329,5,0.18081774634159878
EC_A-4_013,A-4_EC013,A-4 existing cluster 13,350.0,25,0.4,345,12428.25280176019,0.0,4301.780160317995,0,0.05974694667108327
EC_A-4_014,A-4_EC014,A-4 existing cluster 14,350.0,25,0.4,334,10262.785701625693,0.0,3631.3684259699185,0,0.050435672582915536
EC_A-4_015,A-4_EC015,A-4 existing cluster 15,350.0,36,0.4,819,30759.35712604618,0.0,12402.527336255323,0,0.11962314174628977
EC_A-4_016,A-4_EC016,A-4 existing cluster 16,350.0,49,0.4,874,19253.058527809517,0.0,8790.873740560623,0,0.06229360643821303
EC_A-4_017,A-4_EC017,A-4 existing cluster 17,150.0,28,0.4,1204,21169.842478834344,0.0,9094.419823399825,0,0.11277802360366847
EC_A-4_018,A-4_EC018,A-4 existing cluster 18,350.0,36,0.4,203,6288.458335473613,0.0,2993.3924653072877,0,0.028871455105201463
EC_A-4_019,A-4_EC019,A-4 existing cluster 19,150.0,25,0.4,844,33874.82542817981,2796.6685820069943,15108.73346455461,30,0.20984352034103626
EC_A-4_020,A-4_EC020,A-4 existing cluster 20,150.0,26,0.4,6,163.13665454157055,0.0,76.33580780241125,0,0.0010194418777031418
EC_A-4_021,A-4_EC021,A-4 existing cluster 21,250.0,43,0.4,38,959.9746241594793,0.0,518.5274447110837,0,0.004187075619437045
EC_A-4_022,A-4_EC022,A-4 existing cluster 22,150.0,20,0.4,4,106.14819266262562,0.0,51.300129686763256,0,0.0008906272515063065
EC_A-4_023,A-4_EC023,A-4 existing cluster 23,50.0,22,0.4,41,1408.0034375373345,0.0,1705.6606844703722,0,0.026920149691767238
EC_A-4_024,A-4_EC024,A-4 existing cluster 24,100.0,23,0.4,956,26142.186183248017,5495.096585394107,15687.144798933936,31,0.23682283814815724
EC_A-4_025,A-4_EC025,A-4 existing cluster 25,60.0,24,0.4,0,0.0,0.0,0.0,0,0.0
EC_A-4_026,A-4_EC026,A-4 existing cluster 26,360.0,36,0.4,0,0.0,0.0,0.0,0,0.0
EC_A-4_027,A-4_EC027,A-4 existing cluster 27,150.0,47,0.4,0,0.0,0.0,0.0,0,0.0
EC_A-4_028,A-4_EC028,A-4 existing cluster 28,150.0,30,0.4,0,0.0,0.0,0.0,0,0.0
EC_A-4_029,A-4_EC029,A-4 existing cluster 29,150.0,39,0.4,0,0.0,0.0,0.0,0,0.0
EC_A-1_000,A-1_EC000,A-1 existing cluster 0,350.0,43,0.4,15,495.0056062768368,0.0,213.14303251064862,0,0.0017211162185937388
EC_A-1_001,A-1_EC001,A-1 existing cluster 1,350.0,33,0.4,8,237.30757297257372,0.0,109.91286891498177,0,0.001156490624105448
EC_A-1_002,A-1_EC002,A-1 existing cluster 2,50.0,55,0.4,1,36.087422570198264,0.0,43.30490708423792,0,0.00027338956492574444
EC_A-1_003,A-1_EC003,A-1 existing cluster 3,150.0,38,0.4,10,381.68605340432885,0.0,158.06220912016718,0,0.001444281881580475
EC_A-1_004,A-1_EC004,A-1 existing cluster 4,150.0,20,0.4,35,1094.7406371573256,0.0,493.92593044004036,0,0.00857510295902848
EC_A-1_005,A-1_EC005,A-1 existing cluster 5,250.0,52,0.4,3,90.85812692337538,0.0,43.63335979661138,0,0.00029135523368463797
EC_A-1_006,A-1_EC006,A-1 existing cluster 6,150.0,73,0.4,28,1069.5201582084135,0.0,430.16324244406917,0,0.002046058040544469
EC_A-1_007,A-1_EC007,A-1 existing cluster 7,150.0,78,0.4,1,31.469398687083903,0.0,15.734699343541953,0,7.004406759055357e-05
EC_A-1_008,A-1_EC008,A-1 existing cluster 8,150.0,45,0.4,33,1239.6856681779327,0.0,502.4882875162062,0,0.0038772244407114676
EC_A-1_009,A-1_EC009,A-1 existing cluster 9,150.0,46,0.4,0,0.0,0.0,0.0,0,0.0
EC_A-1_010,A-1_EC010,A-1 existing cluster 10,400.0,36,0.4,224,7545.645784661044,0.0,2944.1630427102355,0,0.02839663428539965
EC_A-1_011,A-1_EC011,A-1 existing cluster 11,350.0,36,0.4,536,11742.644981159412,0.0,4794.399897770199,0,0.04624228296460454
EC_A-1_012,A-1_EC012,A-1 existing cluster 12,350.0,41,0.4,330,7112.947421917762,0.0,2701.6916576475155,0,0.022880180027502674
EC_A-1_013,A-1_EC013,A-1 existing cluster 13,560.0,49,0.4,0,0.0,0.0,0.0,0,0.0
EC_A-1_014,A-1_EC014,A-1 existing cluster 14,250.0,41,0.4,447,6331.814556152813,0.0,2775.9398432707208,0,0.02350897563745529
EC_A-1_015,A-1_EC015,A-1 existing cluster 15,400.0,40,0.4,263,5800.600307496718,0.0,2332.2780069659325,0,0.020245468810468164
EC_A-1_016,A-1_EC016,A-1 existing cluster 16,150.0,39,0.4,303,10565.480355965554,0.0,4583.543511216478,0,0.040807901631200835
EC_A-1_017,A-1_EC017,A-1 existing cluster 17,320.0,26,0.4,7,254.97503459942547,0.0,66.85015714313285,0,0.0008927638507362827
EC_A-1_018,A-1_EC018,A-1 existing cluster 18,150.0,30,0.4,5,163.47638466606696,0.0,74.58998955510478,0,0.0008633100642951942
EC_A-1_019,A-1_EC019,A-1 existing cluster 19,50.0,27,0.4,17,583.7965643183782,0.0,700.5558771820538,0,0.009009206239481144
EC_AP-1_000,AP-1_EC000,AP-1 existing cluster 0,180.0,26,0.4,1003,30101.873886116548,82.6518114239824,12116.594209011873,17,0.1618134910391543
EC_AP-1_001,AP-1_EC001,AP-1 existing cluster 1,44.0,4,0.4,53,584.5898720490263,0.0,801.4636720073341,0,0.0695714993061922
EC_AP-1_002,AP-1_EC002,AP-1 existing cluster 2,44.0,4,0.4,57,2789.632906288478,3207.50639409632,3804.0448722115616,9,0.33021222849058696
EC_AP-1_003,AP-1_EC003,AP-1 existing cluster 3,350.0,4,0.4,24,977.4792156684764,0.0,392.1111304332854,0,0.03403742451677824
EC_AP-1_004,AP-1_EC004,AP-1 existing cluster 4,350.0,5,0.4,217,9869.075057846769,1690.9471406471712,3335.2634857537437,13,0.23161551984400996
EC_AP-1_005,AP-1_EC005,AP-1 existing cluster 5,50.0,5,0.4,1,40.38002233153639,0.0,49.26832549694596,0,0.0034214114928434697
EC_AP-1_006,AP-1_EC006,AP-1 existing cluster 6,11.09,6,0.4,1,32.07651099666552,0.0,173.54289087465565,0,0.01004299137006109
EC_AP-1_007,AP-1_EC007,AP-1 existing cluster 7,22.0,12,0.4,3,108.03578862624366,0.0,294.6430598897554,0,0.008525551501439682
EC_AP-1_008,AP-1_EC008,AP-1 existing cluster 8,100.0,24,0.4,13,481.3074961620064,0.0,288.7844976972038,0,0.004178016459739638
EC_AP-1_009,AP-1_EC009,AP-1 existing cluster 9,50.0,6,0.4,5,185.13210556541392,0.0,222.15852667849668,0,0.01285639621982041
EC_AP-1_010,AP-1_EC010,AP-1 existing cluster 10,120.0,16,0.4,3,108.81571812456644,0.0,54.40785906228322,0,0.0011807261081224658
EC_AP-1_011,AP-1_EC011,AP-1 existing cluster 11,60.0,3,0.4,238,7216.376648128519,233055.18317811645,7216.376648128519,507,0.8352287787185786
EC_AP-1_012,AP-1_EC012,AP-1 existing cluster 12,11.09,6,0.4,0,0.0,0.0,0.0,0,0.0
EC_AP-1_013,AP-1_EC013,AP-1 existing cluster 13,50.0,6,0.4,2,77.09907516060855,0.0,92.51889064703624,0,0.0053541024679997825
EC_AP-1_014,AP-1_EC014,AP-1 existing cluster 14,7.4,4,0.4,3,112.07669424444916,0.0,908.7299533333717,0,0.0788828084490774
EC_AP-1_015,AP-1_EC015,AP-1 existing cluster 15,50.0,6,0.4,3,109.58884345260554,0.0,131.50661214312666,0,0.007610336350875386
EC_A-6_000,A-6_EC000,A-6 existing cluster 0,180.0,25,0.4,216,6906.932935727673,0.0,2725.446527255757,0,0.037853423989663286
EC_A-6_001,A-6_EC001,A-6 existing cluster 1,100.0,20,0.4,2,64.17446879998027,0.0,38.50468127998816,0,0.0006684840499997945
EC_A-6_002,A-6_EC002,A-6 existing cluster 2,180.0,45,0.4,16,471.71554338691743,0.0,214.22007869366522,0,0.001652932705969639
EC_A-6_003,A-6_EC003,A-6 existing cluster 3,50.0,20,0.4,21,647.1875360581998,0.0,776.6250432698399,0,0.013483073667879165
EC_A-6_004,A-6_EC004,A-6 existing cluster 4,100.0,23,0.4,11,349.18144016988015,0.0,209.50886410192805,0,0.0031628753638576097
EC_A-6_005,A-6_EC005,A-6 existing cluster 5,50.0,28,0.4,2,61.443973433016204,0.0,73.73276811961945,0,0.0009143448427532173
EC_A-6_006,A-6_EC006,A-6 existing cluster 6,240.0,30,0.4,4,109.9482814466877,0.0,49.62004120961451,0,0.0005743060325186865
EC_A-6_007,A-6_EC007,A-6 existing cluster 7,60.0,18,0.4,1,25.210011842538847,0.0,25.210011842538847,0,0.00048630424078971544
EC_A-6_008,A-6_EC008,A-6 existing cluster 8,60.0,26,0.4,13,383.23358616031584,0.0,383.23358616031584,0,0.005117969900645243
EC_A-6_009,A-6_EC009,A-6 existing cluster 9,50.0,19,0.4,635,8456.642161617048,589.3125461576891,10147.97059394046,12,0.18545267898283002
EC_A-6_010,A-6_EC010,A-6 existing cluster 10,220.0,27,0.4,729,21172.30578045342,0.0,8283.109670168948,0,0.10652147209579407
EC_A-6_011,A-6_EC011,A-6 existing cluster 11,400.0,33,0.4,292,3562.630506660672,0.0,1271.7116426853247,0,0.013380804321183971
EC_A-6_012,A-6_EC012,A-6 existing cluster 12,350.0,49,0.4,0,0.0,0.0,0.0,0,0.0
EC_A-6_013,A-6_EC013,A-6 existing cluster 13,350.0,40,0.4,0,0.0,0.0,0.0,0,0.0
EC_A-6_014,A-6_EC014,A-6 existing cluster 14,350.0,29,0.4,0,0.0,0.0,0.0,0,0.0
EC_A-6_015,A-6_EC015,A-6 existing cluster 15,180.0,33,0.4,0,0.0,0.0,0.0,0,0.0
EC_AP-68_000,AP-68_EC000,AP-68 existing cluster 0,50.0,8,0.4,1,41.99438256032388,0.0,50.39325907238865,0,0.0021872074250168685
EC_AP-68_001,AP-68_EC001,AP-68 existing cluster 1,350.0,9,0.4,1,33.973909540656265,0.0,15.194809157977108,0,0.0005862194891194872
EC_AP-68_002,AP-68_EC002,AP-68 existing cluster 2,180.0,10,0.4,25,832.7808402588394,0.0,372.5240201140384,0,0.012934861809515223
EC_AP-68_003,AP-68_EC003,AP-68 existing cluster 3,180.0,6,0.4,67,1819.9005582215925,0.0,773.2956243609029,0,0.04475090418755225
EC_AP-68_004,AP-68_EC004,AP-68 existing cluster 4,120.0,6,0.4,64,1495.5538876597852,0.0,789.3594528770384,0,0.045680523893347126
EC_AP-68_005,AP-68_EC005,AP-68 existing cluster 5,180.0,7,0.4,13,352.78505680244666,0.0,159.56566563151844,0,0.007914963572991986
EC_AP-68_006,AP-68_EC006,AP-68 existing cluster 6,120.0,13,0.4,5,141.84694036111708,0.0,73.53033783920837,0,0.001963951331175437
EC_AP-68_007,AP-68_EC007,AP-68 existing cluster 7,120.0,10,0.4,6,175.8479523442569,0.0,97.75681374553949,0,0.00339433381060901
EC_AP-68_008,AP-68_EC008,AP-68 existing cluster 8,150.0,4,0.4,0,0.0,0.0,0.0,0,0.0
EC_AP-68_009,AP-68_EC009,AP-68 existing cluster 9,22.0,6,0.4,28,890.0675942268836,1.156930740198959,2431.4951983313836,1,0.14071152768121434
EC_AP-68_010,AP-68_EC010,AP-68 existing cluster 10,140.0,9,0.4,70,1962.0653877436348,0.0,898.1227964891746,0,0.034649799247267535
EC_AP-68_011,AP-68_EC011,AP-68 existing cluster 11,100.0,8,0.4,1,25.899785351706953,0.0,15.539871211024174,0,0.0006744735768673686
EC_AP-68_012,AP-68_EC012,AP-68 existing cluster 12,350.0,8,0.4,796,22297.34528698449,42103.26909879794,8428.282692531006,104,0.3658108807522138
EC_AP-68_013,AP-68_EC013,AP-68 existing cluster 13,350.0,8,0.4,413,9430.927033083679,94.84593710527861,4469.2899172281495,6,0.1939795971019162
EC_AP-68_014,AP-68_EC014,AP-68 existing cluster 14,350.0,8,0.4,7,116.91689734461032,0.0,59.99862914915273,0,0.002604107167931976
EC_AP-68_015,AP-68_EC015,AP-68 existing cluster 15,180.0,4,0.4,817,23919.13205007069,468122.5195800054,9356.194945602329,430,0.8121697001390911
EC_A-68_000,A-68_EC000,A-68 existing cluster 0,50.0,10,0.4,1,38.96507292413032,0.0,46.75808750895638,0,0.0016235447051720965
EC_A-68_001,A-68_EC001,A-68 existing cluster 1,50.0,6,0.4,0,0.0,0.0,0.0,0,0.0
EC_A-68_002,A-68_EC002,A-68 existing cluster 2,50.0,11,0.4,0,0.0,0.0,0.0,0,0.0
EC_A-68_003,A-68_EC003,A-68 existing cluster 3,300.0,12,0.4,0,0.0,0.0,0.0,0,0.0
EC_A-68_004,A-68_EC004,A-68 existing cluster 4,300.0,7,0.4,670,7252.167008855618,32.515025385083504,2698.287288617239,3,0.13384361550680748
EC_A-68_005,A-68_EC005,A-68 existing cluster 5,400.0,12,0.4,1,36.09611515520548,0.0,16.04271784675799,0,0.0004641990117696178
EC_A-68_006,A-68_EC006,A-68 existing cluster 6,300.0,3,0.4,0,0.0,0.0,0.0,0,0.0
EC_A-68_007,A-68_EC007,A-68 existing cluster 7,150.0,6,0.4,0,0.0,0.0,0.0,0,0.0
EC_A-68_008,A-68_EC008,A-68 existing cluster 8,50.0,7,0.4,0,0.0,0.0,0.0,0,0.0
EC_A-68_009,A-68_EC009,A-68 existing cluster 9,50.0,5,0.4,0,0.0,0.0,0.0,0,0.0
EC_A-68_010,A-68_EC010,A-68 existing cluster 10,150.0,6,0.4,0,0.0,0.0,0.0,0,0.0
EC_A-68_011,A-68_EC011,A-68 existing cluster 11,320.0,3,0.4,0,0.0,0.0,0.0,0,0.0
EC_A-68_012,A-68_EC012,A-68 existing cluster 12,320.0,3,0.4,0,0.0,0.0,0.0,0,0.0
EC_A-68_013,A-68_EC013,A-68 existing cluster 13,350.0,5,0.4,0,0.0,0.0,0.0,0,0.0
EC_A-68_014,A-68_EC014,A-68 existing cluster 14,350.0,15,0.4,1,38.23048091139967,0.0,9.17531541873592,0,0.00021239156061888704
EC_A-68_015,A-68_EC015,A-68 existing cluster 15,50.0,7,0.4,2,71.33282640495071,0.0,90.57178231784542,0,0.004492647932432809
EC_A-8_000,A-8_EC000,A-8 existing cluster 0,350.0,62,0.4,56,575.6310655884706,0.0,221.57453296595028,0,0.00124089680200465
EC_A-8_001,A-8_EC001,A-8 existing cluster 1,50.0,23,0.4,0,0.0,0.0,0.0,0,0.0
EC_A-8_002,A-8_EC002,A-8 existing cluster 2,120.0,34,0.4,0,0.0,0.0,0.0,0,0.0
EC_A-8_003,A-8_EC003,A-8 existing cluster 3,400.0,21,0.4,0,0.0,0.0,0.0,0,0.0
EC_A-8_004,A-8_EC004,A-8 existing cluster 4,150.0,19,0.4,0,0.0,0.0,0.0,0,0.0
EC_A-8_005,A-8_EC005,A-8 existing cluster 5,100.0,32,0.4,0,0.0,0.0,0.0,0,0.0
EC_A-8_006,A-8_EC006,A-8 existing cluster 6,150.0,43,0.4,0,0.0,0.0,0.0,0,0.0
EC_A-8_007,A-8_EC007,A-8 existing cluster 7,60.0,13,0.4,0,0.0,0.0,0.0,0,0.0
EC_A-8_008,A-8_EC008,A-8 existing cluster 8,50.0,15,0.4,0,0.0,0.0,0.0,0,0.0
EC_A-8_009,A-8_EC009,A-8 existing cluster 9,100.0,18,0.4,0,0.0,0.0,0.0,0,0.0
EC_A-8_010,A-8_EC010,A-8 existing cluster 10,210.0,15,0.4,0,0.0,0.0,0.0,0,0.0
EC_A-8_011,A-8_EC011,A-8 existing cluster 11,150.0,15,0.4,0,0.0,0.0,0.0,0,0.0
EC_A-8_012,A-8_EC012,A-8 existing cluster 12,50.0,11,0.4,0,0.0,0.0,0.0,0,0.0
EC_A-8_013,A-8_EC013,A-8 existing cluster 13,70.0,15,0.4,0,0.0,0.0,0.0,0,0.0
EC_A-8_014,A-8_EC014,A-8 existing cluster 14,400.0,21,0.4,0,0.0,0.0,0.0,0,0.0
EC_A-8_015,A-8_EC015,A-8 existing cluster 15,350.0,22,0.4,0,0.0,0.0,0.0,0,0.0
EC_A-66_000,A-66_EC000,A-66 existing cluster 0,150.0,16,0.4,0,0.0,0.0,0.0,0,0.0
EC_A-66_001,A-66_EC001,A-66 existing cluster 1,50.0,8,0.4,0,0.0,0.0,0.0,0,0.0
EC_A-66_002,A-66_EC002,A-66 existing cluster 2,60.0,25,0.4,0,0.0,0.0,0.0,0,0.0
EC_A-66_003,A-66_EC003,A-66 existing cluster 3,150.0,20,0.4,0,0.0,0.0,0.0,0,0.0
EC_A-66_004,A-66_EC004,A-66 existing cluster 4,150.0,11,0.4,0,0.0,0.0,0.0,0,0.0
EC_A-66_005,A-66_EC005,A-66 existing cluster 5,120.0,27,0.4,0,0.0,0.0,0.0,0,0.0
EC_A-66_006,A-66_EC006,A-66 existing cluster 6,320.0,23,0.4,0,0.0,0.0,0.0,0,0.0
EC_A-66_007,A-66_EC007,A-66 existing cluster 7,100.0,12,0.4,0,0.0,0.0,0.0,0,0.0
EC_A-66_008,A-66_EC008,A-66 existing cluster 8,320.0,17,0.4,0,0.0,0.0,0.0,0,0.0
EC_A-66_009,A-66_EC009,A-66 existing cluster 9,350.0,13,0.4,0,0.0,0.0,0.0,0,0.0
EC_A-66_010,A-66_EC010,A-66 existing cluster 10,50.0,17,0.4,347,10011.055737845461,2974.9223574422763,12053.863669896398,13,0.24619819587206695
EC_A-66_011,A-66_EC011,A-66 existing cluster 11,60.0,13,0.4,179,4769.480388394817,13.226445045693481,5104.49858048687,2,0.1363381031112946
EC_A-66_012,A-66_EC012,A-66 existing cluster 12,150.0,21,0.4,757,21342.18866568265,60.35133173322572,9582.182002495783,5,0.1584355489830652
EC_A-66_013,A-66_EC013,A-66 existing cluster 13,150.0,19,0.4,837,23748.927658364515,86.21656270536403,10767.417018110787,5,0.19677297182220008
EC_A-66_014,A-66_EC014,A-66 existing cluster 14,180.0,17,0.4,431,8330.992854495213,0.0,3550.0791309579054,0,0.07250978617152584
EC_A-66_015,A-66_EC015,A-66 existing cluster 15,350.0,10,0.4,418,10968.315696912046,6.554452474410823,4110.672745111676,1,0.14273169253859985
EC_AP-46_000,AP-46_EC000,AP-46 existing cluster 0,50.0,3,0.4,29,850.0711477861483,142.72688835202712,1041.06838151937,3,0.12049402563881596
EC_AP-46_001,AP-46_EC001,AP-46 existing cluster 1,50.0,3,0.4,188,6205.844256350914,187780.59874807266,7447.013107621097,828,0.8619228133820714
EC_A-23_000,A-23_EC000,A-23 existing cluster 0,320.0,15,0.4,305,10015.279616125612,0.0,3785.212775429966,0,0.08762066609791587
EC_A-23_001,A-23_EC001,A-23 existing cluster 1,250.0,14,0.4,7,246.67099582536048,0.0,88.34245009440453,0,0.0021910329884524933
EC_A-23_002,A-23_EC002,A-23 existing cluster 2,30.0,4,0.4,176,4660.568456491293,123172.8735786449,9328.149206609914,299,0.8097351741848884
EC_A-23_003,A-23_EC003,A-23 existing cluster 3,300.0,4,0.4,0,0.0,0.0,0.0,0,0.0
EC_A-23_004,A-23_EC004,A-23 existing cluster 4,50.0,5,0.4,217,4970.901796107162,9956.098256944568,6187.199075861587,29,0.42966660249038796
EC_A-23_005,A-23_EC005,A-23 existing cluster 5,60.0,5,0.4,257,6515.136390594283,5340.522226658372,6835.55669480928,14,0.4746914371395333
EC_A-23_006,A-23_EC006,A-23 existing cluster 6,50.0,9,0.4,1,46.53315594303882,0.0,55.83978713164659,0,0.0021543127751406863
EC_A-23_007,A-23_EC007,A-23 existing cluster 7,50.0,6,0.4,10,380.4920771128648,0.0,456.5904925354379,0,0.02642306091061562
EC_A-23_008,A-23_EC008,A-23 existing cluster 8,50.0,10,0.4,3,127.62528899053618,0.0,157.12065674286626,0,0.005455578359127301
EC_A-23_009,A-23_EC009,A-23 existing cluster 9,50.0,6,0.4,129,6159.374278963614,12691.1678600375,7391.2491347563355,22,0.42773432492802865
EC_A-23_010,A-23_EC010,A-23 existing cluster 10,100.0,5,0.4,6,286.01845089487495,0.0,171.611070536925,0,0.011917435453953126
EC_A-23_011,A-23_EC011,A-23 existing cluster 11,100.0,8,0.4,1,57.04269801754227,0.0,34.22561881052536,0,0.0014854869275401632
EC_A-23_012,A-23_EC012,A-23 existing cluster 12,50.0,5,0.4,0,0.0,0.0,0.0,0,0.0
EC_A-23_013,A-23_EC013,A-23 existing cluster 13,22.0,6,0.4,3,168.2129423768339,0.0,458.7625701186379,0,0.02654875984482858
EC_A-23_014,A-23_EC014,A-23 existing cluster 14,100.0,4,0.4,0,0.0,0.0,0.0,0,0.0
EC_A-23_015,A-23_EC015,A-23 existing cluster 15,120.0,12,0.4,0,0.0,0.0,0.0,0,0.0
STA_0004,STA_0004,Proposed A-23 (STA_0004),150.0,4,0.4,436,11920.443482326353,77855.31387539784,5830.347206578121,147,0.5061065283487952
EC_AP-9_000,AP-9_EC000,AP-9 existing cluster 0,60.0,13,0.4,13,514.1106050235448,0.0,514.1106050235448,0,0.013731586672637415
EC_AP-9_001,AP-9_EC001,AP-9 existing cluster 1,150.0,7,0.4,13,437.0630456180433,0.0,185.42066817526648,0,0.009197453778535043
EC_AP-9_002,AP-9_EC002,AP-9 existing cluster 2,125.0,13,0.4,341,9497.491913046319,0.27804372639855046,4649.503751243875,1,0.1241854634413428
EC_AP-9_003,AP-9_EC003,AP-9 existing cluster 3,21.0,4,0.4,31,773.7865189600368,268.11185767946586,2210.818625600106,5,0.19191133902778695
EC_AP-9_004,AP-9_EC004,AP-9 existing cluster 4,60.0,15,0.4,4,104.07237394603135,0.0,104.07237394603135,0,0.002409082730232207
EC_AP-9_005,AP-9_EC005,AP-9 existing cluster 5,50.0,6,0.4,1,24.173371676617034,0.0,29.00804601194044,0,0.0016787063664317383
EC_AP-9_006,AP-9_EC006,AP-9 existing cluster 6,22.0,32,0.4,334,9401.661570205168,6666.787391620691,25640.89519146865,32,0.27822151900465114
EC_AP-9_007,AP-9_EC007,AP-9 existing cluster 7,50.0,10,0.4,11,330.18964422591154,0.0,396.22757307109373,0,0.01375790184274631
EC_AP-9_008,AP-9_EC008,AP-9 existing cluster 8,22.17,5,0.4,2,57.04278077177984,0.0,154.37829708194812,0,0.010720715075135286
EC_AP-9_009,AP-9_EC009,AP-9 existing cluster 9,120.0,23,0.4,4,97.6122910299499,0.0,51.10156936526165,0,0.0007714608901760515
EC_AP-9_010,AP-9_EC010,AP-9 existing cluster 10,50.0,21,0.4,29,789.5872030573906,0.0,947.504643668869,0,0.015666412759075213
EC_AP-9_011,AP-9_EC011,AP-9 existing cluster 11,50.0,13,0.4,99,3362.946613315382,0.0,4035.5359359784584,0,0.10778675042677506
EC_AP-9_012,AP-9_EC012,AP-9 existing cluster 12,150.0,33,0.4,2,87.45407683345081,0.0,34.98163073338033,0,0.0003680727139455001
EC_AP-9_013,AP-9_EC013,AP-9 existing cluster 13,150.0,8,0.4,2,75.27640459678878,0.0,31.09421655565626,0,0.0013495753713392473
EC_AP-9_014,AP-9_EC014,AP-9 existing cluster 14,22.0,10,0.4,130,4466.600783683613,15030.771352612714,12181.638504968787,26,0.4229735592003051
EC_AP-9_015,AP-9_EC015,AP-9 existing cluster 15,22.0,5,0.4,0,0.0,0.0,0.0,0,0.0
STA_0008,STA_0008,Proposed AP-9 (STA_0008),150.0,4,0.4,11,326.5217082221183,0.0,146.06514547940142,0,0.012679266100642485
EC_N-322_000,N-322_EC000,N-322 existing cluster 0,150.0,7,0.4,0,0.0,0.0,0.0,0,0.0
EC_N-322_001,N-322_EC001,N-322 existing cluster 1,150.0,5,0.4,12,301.90876756519435,0.0,131.71944277823283,0,0.00914718352626617
EC_N-322_002,N-322_EC002,N-322 existing cluster 2,150.0,12,0.4,0,0.0,0.0,0.0,0,0.0
EC_N-322_003,N-322_EC003,N-322 existing cluster 3,100.0,4,0.4,0,0.0,0.0,0.0,0,0.0
EC_N-322_004,N-322_EC004,N-322 existing cluster 4,50.0,10,0.4,0,0.0,0.0,0.0,0,0.0
EC_N-322_005,N-322_EC005,N-322 existing cluster 5,22.0,6,0.4,3,92.5571326055102,0.0,252.42854346957327,0,0.014608133302637343
EC_N-322_006,N-322_EC006,N-322 existing cluster 6,50.0,8,0.4,40,1191.184152312146,0.0,1429.420982774575,0,0.06204084126625759
EC_N-322_007,N-322_EC007,N-322 existing cluster 7,150.0,4,0.4,0,0.0,0.0,0.0,0,0.0
EC_N-322_008,N-322_EC008,N-322 existing cluster 8,50.0,5,0.4,0,0.0,0.0,0.0,0,0.0
EC_N-322_009,N-322_EC009,N-322 existing cluster 9,150.0,11,0.4,0,0.0,0.0,0.0,0,0.0
EC_N-322_010,N-322_EC010,N-322 existing cluster 10,22.0,4,0.4,0,0.0,0.0,0.0,0,0.0
EC_N-322_011,N-322_EC011,N-322 existing cluster 11,50.0,16,0.4,0,0.0,0.0,0.0,0,0.0
EC_N-322_012,N-322_EC012,N-322 existing cluster 12,100.0,5,0.4,0,0.0,0.0,0.0,0,0.0
EC_N-322_013,N-322_EC013,N-322 existing cluster 13,120.0,39,0.4,0,0.0,0.0,0.0,0,0.0
EC_N-322_014,N-322_EC014,N-322 existing cluster 14,150.0,5,0.4,13,231.74932329292045,0.0,106.38244158615262,0,0.007387669554593932
EC_N-322_015,N-322_EC015,N-322 existing cluster 15,50.0,5,0.4,0,0.0,0.0,0.0,0,0.0
STA_0001,STA_0001,Proposed N-322 (STA_0001),150.0,4,0.4,11,378.66352965231187,0.0,166.12414404688232,0,0.014420498615180757
EC_N-433_000,N-433_EC000,N-433 existing cluster 0,22.0,2,0.4,0,0.0,0.0,0.0,0,0.0
EC_N-433_001,N-433_EC001,N-433 existing cluster 1,22.0,2,0.4,0,0.0,0.0,0.0,0,0.0
EC_N-433_002,N-433_EC002,N-433 existing cluster 2,22.0,2,0.4,0,0.0,0.0,0.0,0,0.0
EC_N-433_003,N-433_EC003,N-433 existing cluster 3,22.0,2,0.4,0,0.0,0.0,0.0,0,0.0
EC_N-433_004,N-433_EC004,N-433 existing cluster 4,22.0,2,0.4,0,0.0,0.0,0.0,0,0.0
EC_N-433_005,N-433_EC005,N-433 existing cluster 5,22.0,2,0.4,0,0.0,0.0,0.0,0,0.0
EC_N-433_006,N-433_EC006,N-433 existing cluster 6,22.17,6,0.4,0,0.0,0.0,0.0,0,0.0
STA_0002,STA_0002,Proposed N-433 (STA_0002),150.0,4,0.4,0,0.0,0.0,0.0,0,0.0
EC_N-435_000,N-435_EC000,N-435 existing cluster 0,50.0,3,0.4,0,0.0,0.0,0.0,0,0.0
EC_N-435_001,N-435_EC001,N-435 existing cluster 1,22.0,2,0.4,38,490.86515783386295,628.8503224512615,1338.723157728717,4,0.23241721488345782
EC_N-435_002,N-435_EC002,N-435 existing cluster 2,22.0,2,0.4,0,0.0,0.0,0.0,0,0.0
EC_N-435_003,N-435_EC003,N-435 existing cluster 3,22.0,2,0.4,0,0.0,0.0,0.0,0,0.0
EC_N-435_004,N-435_EC004,N-435 existing cluster 4,22.0,2,0.4,44,885.7247438778486,5970.586291122725,2415.6129378486776,12,0.4193772461542843
EC_N-435_005,N-435_EC005,N-435 existing cluster 5,21.0,2,0.4,0,0.0,0.0,0.0,0,0.0
EC_N-435_006,N-435_EC006,N-435 existing cluster 6,100.0,3,0.4,0,0.0,0.0,0.0,0,0.0
STA_0005,STA_0005,Proposed N-435 (STA_0005),150.0,2,0.4,1,29.09599824050622,0.0,12.469713531645523,0,0.0021648808214662367
EC_N-502_000,N-502_EC000,N-502 existing cluster 0,22.0,2,0.4,63,1135.709555635146,17143.367556535715,3097.444884226636,27,0.5377508479560132
EC_N-502_001,N-502_EC001,N-502 existing cluster 1,100.0,4,0.4,19,541.7576685336635,0.0,325.0546011201981,0,0.028216545236128304
EC_N-502_002,N-502_EC002,N-502 existing cluster 2,100.0,3,0.4,2,48.47570399929863,0.0,29.085422399579176,0,0.0033663683332846267
EC_N-502_003,N-502_EC003,N-502 existing cluster 3,100.0,4,0.4,2,81.28131521768536,0.0,48.76878913061122,0,0.004233401834254446
STA_0007,STA_0007,Proposed N-502 (STA_0007),150.0,2,0.4,39,965.9710129833094,12.28659596855914,414.3252671565956,1,0.07193146999246451
EC_N-621_000,N-621_EC000,N-621 existing cluster 0,3.7,2,0.4,3,78.84517381442582,0.0,1278.570386179878,0,0.22197402537845104
STA_0006,STA_0006,Proposed N-621 (STA_0006),150.0,2,0.4,1,24.972633362026286,0.0,9.989053344810515,0,0.0017342106501407144
EC_A-67_000,A-67_EC000,A-67 existing cluster 0,60.0,11,0.4,200,6994.227542546548,1865.0970876613328,6994.227542546548,13,0.22077738455008042
EC_A-67_001,A-67_EC001,A-67 existing cluster 1,60.0,3,0.4,1,39.34446805801586,0.0,39.34446805801586,0,0.0045537578770851695
EC_A-67_002,A-67_EC002,A-67 existing cluster 2,50.0,4,0.4,124,3240.584151096382,3617.443803466549,3888.7009813156556,11,0.3375608490725395
EC_A-67_003,A-67_EC003,A-67 existing cluster 3,50.0,6,0.4,6,186.75118409158114,0.0,224.10142090989734,0,0.012968832228582023
EC_A-67_004,A-67_EC004,A-67 existing cluster 4,150.0,2,0.4,12,455.5699743988222,0.0,197.24776427305466,0,0.03424440351962754
EC_A-67_005,A-67_EC005,A-67 existing cluster 5,22.0,4,0.4,47,1593.6439556705445,2146.810522187487,4346.301697283302,11,0.3772831334447311
EC_A-67_006,A-67_EC006,A-67 existing cluster 6,50.0,3,0.4,6,219.15763154921882,0.0,262.98915785906263,0,0.03043855993739151
EC_A-67_007,A-67_EC007,A-67 existing cluster 7,22.17,6,0.4,61,1952.7552764580448,1678.1567620440105,5284.858664297822,9,0.3058367282579758
EC_A-67_008,A-67_EC008,A-67 existing cluster 8,60.0,3,0.4,6,230.8181240903472,0.0,230.8181240903472,0,0.026715060658605
EC_A-67_009,A-67_EC009,A-67 existing cluster 9,50.0,3,0.4,122,2439.7130808596576,4948.558922842258,2927.6556970315896,25,0.33884903900828584
EC_A-67_010,A-67_EC010,A-67 existing cluster 10,100.0,8,0.4,2,68.85361476382171,0.0,41.31216885829302,0,0.0017930628844745234
EC_A-67_011,A-67_EC011,A-67 existing cluster 11,22.0,6,0.4,46,1657.4246016214781,1369.1000660129541,4520.248913513122,9,0.2615884787912686
EC_A-67_012,A-67_EC012,A-67 existing cluster 12,80.0,3,0.4,91,3263.496467877055,3561.833811017488,2447.6223509077913,14,0.28328962394766105
EC_A-67_013,A-67_EC013,A-67 existing cluster 13,150.0,7,0.4,7,248.657840933372,0.0,108.10250721590857,0,0.005362227540471655
EC_A-67_014,A-67_EC014,A-67 existing cluster 14,150.0,4,0.4,5,173.02497713400416,0.0,74.27890063141983,0,0.006447821235366305
EC_A-67_015,A-67_EC015,A-67 existing cluster 15,50.0,3,0.4,0,0.0,0.0,0.0,0,0.0
EC_A-62_000,A-62_EC000,A-62 existing cluster 0,360.0,21,0.4,0,0.0,0.0,0.0,0,0.0
EC_A-62_001,A-62_EC001,A-62 existing cluster 1,100.0,23,0.4,0,0.0,0.0,0.0,0,0.0
EC_A-62_002,A-62_EC002,A-62 existing cluster 2,60.0,17,0.4,0,0.0,0.0,0.0,0,0.0
EC_A-62_003,A-62_EC003,A-62 existing cluster 3,360.0,13,0.4,0,0.0,0.0,0.0,0,0.0
EC_A-62_004,A-62_EC004,A-62 existing cluster 4,50.0,13,0.4,0,0.0,0.0,0.0,0,0.0
EC_A-62_005,A-62_EC005,A-62 existing cluster 5,50.0,13,0.4,0,0.0,0.0,0.0,0,0.0
EC_A-62_006,A-62_EC006,A-62 existing cluster 6,150.0,15,0.4,0,0.0,0.0,0.0,0,0.0
EC_A-62_007,A-62_EC007,A-62 existing cluster 7,50.0,16,0.4,0,0.0,0.0,0.0,0,0.0
EC_A-62_008,A-62_EC008,A-62 existing cluster 8,200.0,18,0.4,0,0.0,0.0,0.0,0,0.0
EC_A-62_009,A-62_EC009,A-62 existing cluster 9,250.0,34,0.4,0,0.0,0.0,0.0,0,0.0
EC_A-62_010,A-62_EC010,A-62 existing cluster 10,200.0,14,0.4,0,0.0,0.0,0.0,0,0.0
EC_A-62_011,A-62_EC011,A-62 existing cluster 11,150.0,12,0.4,0,0.0,0.0,0.0,0,0.0
EC_A-62_012,A-62_EC012,A-62 existing cluster 12,150.0,13,0.4,0,0.0,0.0,0.0,0,0.0
EC_A-62_013,A-62_EC013,A-62 existing cluster 13,120.0,17,0.4,0,0.0,0.0,0.0,0,0.0
EC_A-62_014,A-62_EC014,A-62 existing cluster 14,400.0,21,0.4,0,0.0,0.0,0.0,0,0.0
EC_A-62_015,A-62_EC015,A-62 existing cluster 15,400.0,31,0.4,0,0.0,0.0,0.0,0,0.0
EC_N-630_000,N-630_EC000,N-630 existing cluster 0,120.0,24,0.4,0,0.0,0.0,0.0,0,0.0
EC_N-630_001,N-630_EC001,N-630 existing cluster 1,50.0,24,0.4,0,0.0,0.0,0.0,0,0.0
EC_N-630_002,N-630_EC002,N-630 existing cluster 2,100.0,47,0.4,0,0.0,0.0,0.0,0,0.0
EC_N-630_003,N-630_EC003,N-630 existing cluster 3,50.0,25,0.4,0,0.0,0.0,0.0,0,0.0
EC_N-630_004,N-630_EC004,N-630 existing cluster 4,60.0,32,0.4,0,0.0,0.0,0.0,0,0.0
EC_N-630_005,N-630_EC005,N-630 existing cluster 5,200.0,23,0.4,0,0.0,0.0,0.0,0,0.0
EC_N-630_006,N-630_EC006,N-630 existing cluster 6,120.0,14,0.4,1,16.81793351278513,0.0,8.408966756392566,0,0.0002085557231248156
EC_N-630_007,N-630_EC007,N-630 existing cluster 7,50.0,45,0.4,0,0.0,0.0,0.0,0,0.0
EC_N-630_008,N-630_EC008,N-630 existing cluster 8,360.0,38,0.4,3,63.88959471572856,0.0,37.02489031719659,0,0.0003383122287755537
EC_N-630_009,N-630_EC009,N-630 existing cluster 9,190.0,30,0.4,4,77.4778808173158,0.0,43.98817956946055,0,0.0005091224487206082
EC_N-630_010,N-630_EC010,N-630 existing cluster 10,240.0,48,0.4,1,22.718143273568487,0.0,10.370909329225203,0,7.502104549497398e-05
EC_N-630_011,N-630_EC011,N-630 existing cluster 11,350.0,34,0.4,0,0.0,0.0,0.0,0,0.0
EC_N-630_012,N-630_EC012,N-630 existing cluster 12,150.0,38,0.4,0,0.0,0.0,0.0,0,0.0
EC_N-630_013,N-630_EC013,N-630 existing cluster 13,150.0,54,0.4,0,0.0,0.0,0.0,0,0.0
EC_N-630_014,N-630_EC014,N-630 existing cluster 14,50.0,26,0.4,0,0.0,0.0,0.0,0,0.0
EC_N-630_015,N-630_EC015,N-630 existing cluster 15,22.0,17,0.4,0,0.0,0.0,0.0,0,0.0
EC_N-630_016,N-630_EC016,N-630 existing cluster 16,250.0,63,0.4,0,0.0,0.0,0.0,0,0.0
EC_N-630_017,N-630_EC017,N-630 existing cluster 17,150.0,22,0.4,0,0.0,0.0,0.0,0,0.0
EC_N-630_018,N-630_EC018,N-630 existing cluster 18,60.0,17,0.4,0,0.0,0.0,0.0,0,0.0
EC_A-45_000,A-45_EC000,A-45 existing cluster 0,45.0,4,0.4,106,3222.525750458617,4419.6802545626215,4326.387635440448,17,0.37555448224309446
EC_A-45_001,A-45_EC001,A-45 existing cluster 1,22.0,2,0.4,19,633.6321482101687,652.5687901754528,1776.027949582819,4,0.30833818569146165
EC_A-45_002,A-45_EC002,A-45 existing cluster 2,22.0,2,0.4,3,134.10973772260832,0.0,380.75183679708636,0,0.0661027494439386
EC_A-45_003,A-45_EC003,A-45 existing cluster 3,22.0,2,0.4,20,751.3806581445547,898.7860878702119,2105.65210254862,12,0.3655646011369132
EC_A-45_004,A-45_EC004,A-45 existing cluster 4,50.0,3,0.4,64,2465.494099713852,2672.5930930764107,3056.0119156619826,11,0.35370508283124796
EC_A-45_005,A-45_EC005,A-45 existing cluster 5,50.0,3,0.4,1,51.16706595293425,0.0,64.6566253229231,0,0.0074834057086716555
EC_A-45_006,A-45_EC006,A-45 existing cluster 6,22.0,2,0.4,22,841.2994469851246,1877.9941990350885,2355.19369003012,28,0.4088877934080069
EC_A-45_007,A-45_EC007,A-45 existing cluster 7,7.36,2,0.4,9,336.58521011611793,479.1216650801955,2826.2366669250255,12,0.4906660880078169
EC_A-45_008,A-45_EC008,A-45 existing cluster 8,150.0,2,0.4,281,11029.90809219268,259462.09558946665,4948.344441040833,388,0.859087576569589
EC_A-45_009,A-45_EC009,A-45 existing cluster 9,350.0,4,0.4,7,192.07254654632237,0.0,79.9714686457788,0,0.006941967764390521
EC_A-45_010,A-45_EC010,A-45 existing cluster 10,7.4,2,0.4,8,280.0111150353677,364.38113764557306,2270.360392178657,4,0.3941597903087946
EC_A-45_011,A-45_EC011,A-45 existing cluster 11,50.0,3,0.4,47,1622.9708614983674,249.26390463702182,1968.6424531528799,2,0.2278521357815833
EC_A-45_012,A-45_EC012,A-45 existing cluster 12,22.0,2,0.4,45,1715.0123385026734,37194.77025661757,4684.569142367191,68,0.8132932538831928
EC_A-92_000,A-92_EC000,A-92 existing cluster 0,150.0,36,0.4,207,5689.707542205762,0.0,2489.2553050667034,0,0.024009021075103235
EC_A-92_001,A-92_EC001,A-92 existing cluster 1,150.0,16,0.4,192,4036.9669045952674,0.0,1827.6595484006862,0,0.039662750616334334
EC_A-92_002,A-92_EC002,A-92 existing cluster 2,60.0,15,0.4,119,3437.924354521183,0.0,3439.5819462861114,0,0.07961995246032665
EC_A-92_003,A-92_EC003,A-92 existing cluster 3,50.0,26,0.4,83,2115.208589549523,0.0,2538.2503074594274,0,0.033897573550473126
EC_A-92_004,A-92_EC004,A-92 existing cluster 4,150.0,11,0.4,3,108.17494922708181,0.0,44.99545410235594,0,0.0014203110512107306
EC_A-92_005,A-92_EC005,A-92 existing cluster 5,400.0,38,0.4,32,1166.7962432088755,0.0,403.6190140130999,0,0.0036880392362308107
EC_A-92_006,A-92_EC006,A-92 existing cluster 6,180.0,28,0.4,55,1621.6767332594764,0.0,599.1352207126127,0,0.007429752240979821
EC_A-92_007,A-92_EC007,A-92 existing cluster 7,100.0,21,0.4,84,1867.5378195811693,0.0,1125.588203813644,0,0.018610916068347288
EC_A-92_008,A-92_EC008,A-92 existing cluster 8,150.0,16,0.4,165,4623.866369151063,0.0,2081.521883280551,0,0.04517191586980362
EC_A-92_009,A-92_EC009,A-92 existing cluster 9,150.0,22,0.4,22,776.3781128433774,0.0,327.7604713862911,0,0.005172987237788685
EC_A-92_010,A-92_EC010,A-92 existing cluster 10,120.0,18,0.4,66,2484.1579458257233,0.0,1242.0789729128617,0,0.023959856730572177
EC_A-92_011,A-92_EC011,A-92 existing cluster 11,400.0,29,0.4,31,1127.1396296497899,0.0,462.23850011387776,0,0.005534464800214054
EC_A-92_012,A-92_EC012,A-92 existing cluster 12,150.0,35,0.4,137,4234.589281499238,0.0,1852.7830452765618,0,0.01838078417933097
EC_A-92_013,A-92_EC013,A-92 existing cluster 13,400.0,28,0.4,54,2026.836767309571,0.0,668.6057003850882,0,0.008291241324219843
EC_A-92_014,A-92_EC014,A-92 existing cluster 14,100.0,19,0.4,940,25986.78576536759,19830.692094096677,15625.333615524534,64,0.2855506874182115
EC_A-92_015,A-92_EC015,A-92 existing cluster 15,60.0,16,0.4,105,2910.8059422535616,0.0,2951.3775761904903,0,0.06404899253885613
EC_N-340_000,N-340_EC000,N-340 existing cluster 0,120.0,28,0.4,0,0.0,0.0,0.0,0,0.0
EC_N-340_001,N-340_EC001,N-340 existing cluster 1,60.0,30,0.4,0,0.0,0.0,0.0,0,0.0
EC_N-340_002,N-340_EC002,N-340 existing cluster 2,250.0,42,0.4,0,0.0,0.0,0.0,0,0.0
EC_N-340_003,N-340_EC003,N-340 existing cluster 3,350.0,40,0.4,0,0.0,0.0,0.0,0,0.0
EC_N-340_004,N-340_EC004,N-340 existing cluster 4,150.0,33,0.4,0,0.0,0.0,0.0,0,0.0
EC_N-340_005,N-340_EC005,N-340 existing cluster 5,150.0,27,0.4,0,0.0,0.0,0.0,0,0.0
EC_N-340_006,N-340_EC006,N-340 existing cluster 6,150.0,34,0.4,0,0.0,0.0,0.0,0,0.0
EC_N-340_007,N-340_EC007,N-340 existing cluster 7,150.0,28,0.4,0,0.0,0.0,0.0,0,0.0
EC_N-340_008,N-340_EC008,N-340 existing cluster 8,180.0,32,0.4,0,0.0,0.0,0.0,0,0.0
EC_N-340_009,N-340_EC009,N-340 existing cluster 9,250.0,47,0.4,0,0.0,0.0,0.0,0,0.0
EC_N-340_010,N-340_EC010,N-340 existing cluster 10,180.0,55,0.4,0,0.0,0.0,0.0,0,0.0
EC_N-340_011,N-340_EC011,N-340 existing cluster 11,207.0,34,0.4,0,0.0,0.0,0.0,0,0.0
EC_N-340_012,N-340_EC012,N-340 existing cluster 12,60.0,22,0.4,0,0.0,0.0,0.0,0,0.0
EC_N-340_013,N-340_EC013,N-340 existing cluster 13,350.0,22,0.4,0,0.0,0.0,0.0,0,0.0
EC_N-340_014,N-340_EC014,N-340 existing cluster 14,150.0,31,0.4,0,0.0,0.0,0.0,0,0.0
EC_N-340_015,N-340_EC015,N-340 existing cluster 15,150.0,37,0.4,0,0.0,0.0,0.0,0,0.0
EC_N-340_016,N-340_EC016,N-340 existing cluster 16,50.0,21,0.4,0,0.0,0.0,0.0,0,0.0
EC_N-340_017,N-340_EC017,N-340 existing cluster 17,150.0,27,0.4,0,0.0,0.0,0.0,0,0.0
EC_N-340_018,N-340_EC018,N-340 existing cluster 18,150.0,33,0.4,0,0.0,0.0,0.0,0,0.0
EC_N-340_019,N-340_EC019,N-340 existing cluster 19,150.0,31,0.4,0,0.0,0.0,0.0,0,0.0
EC_N-340_020,N-340_EC020,N-340 existing cluster 20,150.0,23,0.4,0,0.0,0.0,0.0,0,0.0
EC_N-340_021,N-340_EC021,N-340 existing cluster 21,150.0,23,0.4,0,0.0,0.0,0.0,0,0.0
EC_N-340_022,N-340_EC022,N-340 existing cluster 22,50.0,21,0.4,0,0.0,0.0,0.0,0,0.0
EC_N-340_023,N-340_EC023,N-340 existing cluster 23,120.0,28,0.4,0,0.0,0.0,0.0,0,0.0
EC_N-340_024,N-340_EC024,N-340 existing cluster 24,50.0,42,0.4,0,0.0,0.0,0.0,0,0.0
EC_N-340_025,N-340_EC025,N-340 existing cluster 25,150.0,82,0.4,0,0.0,0.0,0.0,0,0.0
EC_N-340_026,N-340_EC026,N-340 existing cluster 26,150.0,24,0.4,0,0.0,0.0,0.0,0,0.0
EC_N-340_027,N-340_EC027,N-340 existing cluster 27,120.0,24,0.4,0,0.0,0.0,0.0,0,0.0
EC_AP-8_000,AP-8_EC000,AP-8 existing cluster 0,150.0,17,0.4,0,0.0,0.0,0.0,0,0.0
EC_AP-8_001,AP-8_EC001,AP-8 existing cluster 1,150.0,14,0.4,0,0.0,0.0,0.0,0,0.0
EC_AP-8_002,AP-8_EC002,AP-8 existing cluster 2,150.0,15,0.4,0,0.0,0.0,0.0,0,0.0
EC_AP-8_003,AP-8_EC003,AP-8 existing cluster 3,120.0,17,0.4,385,10600.341687073013,0.0,5304.11007964174,0,0.10833558169202902
EC_AP-8_004,AP-8_EC004,AP-8 existing cluster 4,120.0,25,0.4,0,0.0,0.0,0.0,0,0.0
EC_AP-8_005,AP-8_EC005,AP-8 existing cluster 5,150.0,20,0.4,2,63.68909518805336,0.0,31.844547594026675,0,0.0005528567290629631
EC_AP-8_006,AP-8_EC006,AP-8 existing cluster 6,22.17,10,0.4,25,705.9807624569172,0.0,1917.6048958924482,0,0.06658350332959889
EC_AP-8_007,AP-8_EC007,AP-8 existing cluster 7,250.0,18,0.4,2,62.35229759077201,0.0,27.807829975547968,0,0.0005364164732937494
EC_AP-8_008,AP-8_EC008,AP-8 existing cluster 8,60.0,22,0.4,411,11208.878093853247,157.54165496989026,11341.84336520265,6,0.1790063662437287
EC_AP-8_009,AP-8_EC009,AP-8 existing cluster 9,170.0,17,0.4,136,5310.171659538413,0.0,2143.1153883977267,0,0.043772781625770564
EC_AP-8_010,AP-8_EC010,AP-8 existing cluster 10,120.0,54,0.4,370,9348.76679926704,0.0,4719.819956271741,0,0.030348636550101216
EC_AP-8_011,AP-8_EC011,AP-8 existing cluster 11,180.0,25,0.4,1,41.58977865462688,0.0,18.484346068723056,0,0.00025672702873226467
EC_AP-8_012,AP-8_EC012,AP-8 existing cluster 12,50.0,21,0.4,2,82.18225793756437,0.0,98.61870952507724,0,0.0016306003559040548
EC_AP-8_013,AP-8_EC013,AP-8 existing cluster 13,250.0,48,0.4,0,0.0,0.0,0.0,0,0.0
EC_AP-8_014,AP-8_EC014,AP-8 existing cluster 14,150.0,9,0.4,2,81.1086707410823,0.0,32.443468296432926,0,0.001251677017609295
EC_AP-8_015,AP-8_EC015,AP-8 existing cluster 15,180.0,16,0.4,5,202.92763248364963,0.0,75.00491788221282,0,0.001627710891541077
EC_AP-6_000,AP-6_EC000,AP-6 existing cluster 0,22.0,4,0.4,4,154.36796732204772,0.0,421.00354724194824,0,0.0365454468091969
EC_AP-6_001,AP-6_EC001,AP-6 existing cluster 1,22.17,4,0.4,3,118.9181398310787,0.0,321.83529047653235,0,0.02793709118719899
EC_AP-6_002,AP-6_EC002,AP-6 existing cluster 2,50.0,3,0.4,2,79.61082462115675,0.0,95.53298954538812,0,0.011057058975160662
EC_AP-6_003,AP-6_EC003,AP-6 existing cluster 3,22.0,18,0.4,2,74.88251024687568,0.0,204.22502794602462,0,0.003939526002045228
EC_AP-6_004,AP-6_EC004,AP-6 existing cluster 4,150.0,4,0.4,2,78.07145423249689,0.0,32.89276505925413,0,0.0028552747447269213
EC_AP-6_005,AP-6_EC005,AP-6 existing cluster 5,150.0,8,0.4,3,126.41187271761949,0.0,52.64004953081817,0,0.0022847243719973163
EC_AP-6_006,AP-6_EC006,AP-6 existing cluster 6,20.0,3,0.4,0,0.0,0.0,0.0,0,0.0
EC_AP-6_007,AP-6_EC007,AP-6 existing cluster 7,22.0,2,0.4,61,1830.8809266470143,60244.33781409031,4993.312106032851,245,0.8668944628529256
EC_AP-6_008,AP-6_EC008,AP-6 existing cluster 8,90.0,2,0.4,0,0.0,0.0,0.0,0,0.0
EC_AP-6_009,AP-6_EC009,AP-6 existing cluster 9,150.0,2,0.4,0,0.0,0.0,0.0,0,0.0
EC_AP-6_010,AP-6_EC010,AP-6 existing cluster 10,200.0,6,0.4,13,538.5044338393215,0.0,177.83491661747084,0,0.01029137248943697
EC_AP-6_011,AP-6_EC011,AP-6 existing cluster 11,60.0,1,0.4,1,39.54585449669834,0.0,39.54585449669834,0,0.013731199478020257
EC_AP-6_012,AP-6_EC012,AP-6 existing cluster 12,7.36,2,0.4,16,566.0368993958981,12862.831638362628,4614.431245075255,42,0.8011165356033428
EC_AP-6_013,AP-6_EC013,AP-6 existing cluster 13,22.17,4,0.4,2,78.52718323440394,0.0,212.5228233678049,0,0.018448161750677507
EC_AP-6_014,AP-6_EC014,AP-6 existing cluster 14,150.0,2,0.4,88,2303.6874061995168,135.9961191917368,1040.6373318926292,3,0.18066620345358145
EC_AP-6_015,AP-6_EC015,AP-6 existing cluster 15,150.0,2,0.4,126,3788.2235650605326,2087.837281420946,1738.3423750332986,10,0.3017955512210588
EC_AP-15_000,AP-15_EC000,AP-15 existing cluster 0,50.0,9,0.4,82,2693.266306840793,0.0,3231.920305393632,0,0.1246882833871
EC_AP-15_001,AP-15_EC001,AP-15 existing cluster 1,350.0,2,0.4,4,116.89861896270789,0.0,43.32180166316961,0,0.007521146122078057
EC_AP-15_002,AP-15_EC002,AP-15 existing cluster 2,50.0,3,0.4,31,958.8261132970946,45.77969235117678,1150.5913359565136,2,0.13317029351348536
EC_AP-15_003,AP-15_EC003,AP-15 existing cluster 3,100.0,8,0.4,1,39.32710808753146,0.0,23.596264852518875,0,0.001024143439779465
EC_AP-15_004,AP-15_EC004,AP-15 existing cluster 4,50.0,3,0.4,2,50.31730615825421,0.0,60.38076738990505,0,0.006988514744201974
EC_AP-15_005,AP-15_EC005,AP-15 existing cluster 5,50.0,4,0.4,20,663.1141864664452,0.0,795.7370237597344,0,0.06907439442358805
EC_AP-15_006,AP-15_EC006,AP-15 existing cluster 6,50.0,3,0.4,36,1237.3479454954477,293.68829556123524,1484.8176803144665,4,0.17185389818454475
EC_AP-15_007,AP-15_EC007,AP-15 existing cluster 7,22.0,2,0.4,1,22.63838432150184,0.0,61.741048149550465,0,0.010718931970408067
EC_AP-15_008,AP-15_EC008,AP-15 existing cluster 8,320.0,1,0.4,1,39.74358408496392,0.0,9.538460180391342,0,0.0033119653404136604
EC_AP-15_009,AP-15_EC009,AP-15 existing cluster 9,50.0,3,0.4,7,233.6499304098915,0.0,280.37991649186984,0,0.03245137922359605
EC_AP-15_010,AP-15_EC010,AP-15 existing cluster 10,320.0,3,0.4,1,33.122602043152554,0.0,15.287354789147333,0,0.0017693697672624229
EC_AP-15_011,AP-15_EC011,AP-15 existing cluster 11,50.0,3,0.4,86,2595.2085319924963,6777.542428354922,3114.2502383909955,24,0.36044562944340225
EC_AP-15_012,AP-15_EC012,AP-15 existing cluster 12,50.0,3,0.4,0,0.0,0.0,0.0,0,0.0
EC_AP-15_013,AP-15_EC013,AP-15 existing cluster 13,50.0,3,0.4,0,0.0,0.0,0.0,0,0.0
EC_AP-15_014,AP-15_EC014,AP-15 existing cluster 14,50.0,3,0.4,0,0.0,0.0,0.0,0,0.0
EC_AP-15_015,AP-15_EC015,AP-15 existing cluster 15,50.0,3,0.4,2,74.19952589715285,0.0,89.03943107658341,0,0.010305489707937895
